question,contexts,answer,ground_truth,context_precision,context_recall,faithfulness,answer_relevancy
Điện thoại Viettel T2 4G có giá bao nhiêu?,"['Giá bán điện thoại Viettel T2 4G bao nhiêu?\n\nĐiện thoại Viettel T2 4G dự kiến được mở bán với mức giá khởi điểm là 550 nghìn đồng dành cho phiên bản bộ nhớ trong 128MB và 2 sim, 2 sóng. Ở phân khúc giá trên 500 nghìn đồng, điện thoại của Viettel nằm ở mức giá bình dân nên có thể tiếp cận được với hầu hết người dùng.\n\nVới mức giá trên 500 nghìn đồng, điện thoại Viettel T2 4G sẽ phải cạnh tranh với các đối thủ như Itel it8010, Itel it2600, Mobell M239, Masstel IZI T6 4G, Mobell M331 4G, Masstel Fami 50 4G, Nokia HMD 105 4G, Mobell F209 4G, Nokia 105 4G Pro, Mobell M539 4G,...\n\nKhi nào điện thoại Viettel T2 4G ra mắt?'
 ""**Tên sán phẩm:** Viettel T2 4G\n\n**Giá sản phẩm:** 530.000đ\n\n**Các màu của sản phẩm:** Đen, Xanh\n\n**Thông số sản phẩm:** Pin: 1400 mAh\n\nChipset: T107\n\nCamera sau: 0.08MP\n\nBộ nhớ trong: 128 MB\n\nDung lượng RAM: 48MB\n\nHệ điều hành: Mocor(RTOS)\n\nTính năng màn hình: 2.4'' QVGA TN\n\nKích thước màn hình: 2.4 inches\n\n**Giới thiệu sản phẩm:** Đặc điểm nổi bật của Viettel T2 4G""
 'Chiếc điện thoại Viettel T2 4G trang bị cổng sạc Type-C phổ biến nên bạn có thể sử dụng cáp sạc chung với các thiết bị khác. Phần thân của điện thoại Viettel còn tích hợp thêm cổng jack 3.5mm và thiết bị cũng hỗ trợ công nghệ kết nối Bluetooth.\xa0\n\nMua ngay điện thoại Viettel T2 4G chính hãng tại CellphoneS\n\nĐiện thoại Viettel T2 4G là một thiết bị giá rẻ có thể đáp ứng các nhu cầu nghe gọi và nhắn tin cơ bản hàng ngày. Khi đặt mua điện thoại Viettel T2 4G chính hãng tại CellphoneS, bạn sẽ được giảm thêm hấp dẫn dành cho Smember. Chọn mua ngay chiếc điện thoại phổ thông Viettel tại CellphoneS bạn nhé.\xa0\n\nXem thêm']",Điện thoại Viettel T2 4G có giá khởi điểm là 530.000 đồng.,Điện thoại Viettel T2 4G có giá 530.000đ.,0.99999999995,,0.0,0.8303265691372572
Điện thoại Viettel T2 4G có những màu sắc nào?,"['Kiểu dáng nhỏ gọn, nhiều màu sắc bắt mắt\n\nBàn phím của điện thoại Viettel T2 4G có thiết kế phím nổi nên bạn có thể thao tác dễ dàng. Bên cạnh đó, điện thoại của Viettel còn được chế tác từ nhựa cao cấp với hai gam màu gồm đen và xanh dương. Các cạnh bên của điện thoại Viettel được bo cong mềm mại đảm bảo người dùng cầm nắm thuận tiện và thoải mái.\xa0\n\nGiá bán điện thoại Viettel T2 4G bao nhiêu?'
 'Nội dung chính\n\n1. Viettel T2 4G - Điện thoại phổ thông có ngoại hình nhỏ gọn và màn hình lớn\n1.1. Mang đến thời gian nghe gọi lâu dài nhờ có viên pin lớn\n1.2. Hỗ trợ chụp ảnh cơ bản với camera ở mặt sau, bộ nhớ vượt trội\n1.3. Màn hình lớn hiển thị mọi ký tự rõ nét\n1.4. Kiểu dáng nhỏ gọn, nhiều màu sắc bắt mắt\n2. Giá bán điện thoại Viettel T2 4G bao nhiêu?\n3. Khi nào điện thoại Viettel T2 4G ra mắt?\n4. Mua ngay điện thoại Viettel T2 4G chính hãng tại CellphoneS\nViettel T2 4G - Điện thoại phổ thông có ngoại hình nhỏ gọn và màn hình lớn'
 'Viettel T2 4G thuộc dòng điện thoại phổ thông phân khúc bình dân với công nghệ mạng 4G tiên tiến đáp ứng mọi nhu cầu nghe gọi. Bên trong điện thoại là 2 khe nano SIM hỗ trợ người dùng sử dụng linh hoạt và quản lý danh bạ tốt hơn. Với viên pin lớn cùng thiết kế nhỏ gọn, điện thoại nhà Viettel cũng mang đến trải nghiệm sử dụng tuyệt vời.\xa0\n\nMang đến thời gian nghe gọi lâu dài nhờ có viên pin lớn']",Điện thoại Viettel T2 4G có hai màu sắc nổi bật là đen và xanh dương.,Điện thoại Viettel T2 4G có hai màu sắc là Đen và Xanh.,0.9999999999,,0.5,0.8394958853096317
Điện thoại Viettel T2 4G phù hợp với ai?,"['Viettel T2 4G thuộc dòng điện thoại phổ thông phân khúc bình dân với công nghệ mạng 4G tiên tiến đáp ứng mọi nhu cầu nghe gọi. Bên trong điện thoại là 2 khe nano SIM hỗ trợ người dùng sử dụng linh hoạt và quản lý danh bạ tốt hơn. Với viên pin lớn cùng thiết kế nhỏ gọn, điện thoại nhà Viettel cũng mang đến trải nghiệm sử dụng tuyệt vời.\xa0\n\nMang đến thời gian nghe gọi lâu dài nhờ có viên pin lớn'
 'Chiếc điện thoại Viettel T2 4G trang bị cổng sạc Type-C phổ biến nên bạn có thể sử dụng cáp sạc chung với các thiết bị khác. Phần thân của điện thoại Viettel còn tích hợp thêm cổng jack 3.5mm và thiết bị cũng hỗ trợ công nghệ kết nối Bluetooth.\xa0\n\nMua ngay điện thoại Viettel T2 4G chính hãng tại CellphoneS\n\nĐiện thoại Viettel T2 4G là một thiết bị giá rẻ có thể đáp ứng các nhu cầu nghe gọi và nhắn tin cơ bản hàng ngày. Khi đặt mua điện thoại Viettel T2 4G chính hãng tại CellphoneS, bạn sẽ được giảm thêm hấp dẫn dành cho Smember. Chọn mua ngay chiếc điện thoại phổ thông Viettel tại CellphoneS bạn nhé.\xa0\n\nXem thêm'
 'Giá bán điện thoại Viettel T2 4G bao nhiêu?\n\nĐiện thoại Viettel T2 4G dự kiến được mở bán với mức giá khởi điểm là 550 nghìn đồng dành cho phiên bản bộ nhớ trong 128MB và 2 sim, 2 sóng. Ở phân khúc giá trên 500 nghìn đồng, điện thoại của Viettel nằm ở mức giá bình dân nên có thể tiếp cận được với hầu hết người dùng.\n\nVới mức giá trên 500 nghìn đồng, điện thoại Viettel T2 4G sẽ phải cạnh tranh với các đối thủ như Itel it8010, Itel it2600, Mobell M239, Masstel IZI T6 4G, Mobell M331 4G, Masstel Fami 50 4G, Nokia HMD 105 4G, Mobell F209 4G, Nokia 105 4G Pro, Mobell M539 4G,...\n\nKhi nào điện thoại Viettel T2 4G ra mắt?']","Điện thoại Viettel T2 4G phù hợp với nhiều đối tượng khác nhau:

- Đối với người dùng cần một thiết bị cơ bản để nghe gọi và nhắn tin.
- Có thể sử dụng cho những người mới bắt đầu sử dụng điện thoại thông minh hoặc muốn tìm hiểu về các tính năng cơ bản của nó.
- Tốt cho những người có nhu cầu tiết kiệm chi phí nhưng vẫn mong muốn trải nghiệm công nghệ 4G.

Đây là một lựa chọn phù hợp với nhiều đối tượng khác nhau, từ người dùng mới đến những người đã quen thuộc với các thiết bị thông minh.",Điện thoại Viettel T2 4G phù hợp với người dùng cần một thiết bị giá rẻ để nghe gọi và nhắn tin cơ bản hàng ngày.,0.9999999999666667,,1.0,0.0
Xiaomi Redmi Note 13 Pro Plus có giá bao nhiêu?,"['Redmi Note 13 Pro Plus giá bao nhiêu?\n\nNgười dùng chắc hẳn đang rất trông đợi và đặt ra câu hỏi Redmi note 13 Pro+ plus giá bao nhiêu nhưng gần đay Trung Quốc đã công bố mức giá dự kiến Redmi Note 13+\xa0và đã tạo sự chú ý trong cộng đồng người dùng. Dự kiến, sản phẩm sẽ có mức giá từ 1.899 NDT, tương đương khoảng 6.9 triệu VNĐ. Mỗi phiên bản nâng cấp về cấu hình thì giá Xiaomi\xa0Redmi Note 13 Pro plus 5G sẽ có sự chênh lệch đôi chút, chi tiết giá bán tham khảo ở từng phiên bản như sau:\n\nPhiên bản\n\n\t\n\nGiá bán tại Trung Quốc\n\n\t\n\nGiá bán dự kiến tại Việt Nam\n\n\n\n\nRedmi Note 13 Pro +\xa0RAM 12GB + ROM 256GB\n\n\t\n\n1,999 CNY\n\n\t\n\nGiá từ 6.650.000 VND\n\n\n\n\nRedmi Note 13 Pro + RAM 12GB + ROM 512GB\n\n\t\n\n2,199 CNY'
 'Giá bán tại Trung Quốc\n\n\t\n\nGiá bán dự kiến tại Việt Nam\n\n\n\n\nRedmi Note 13 Pro +\xa0RAM 12GB + ROM 256GB\n\n\t\n\n1,999 CNY\n\n\t\n\nGiá từ 6.650.000 VND\n\n\n\n\nRedmi Note 13 Pro + RAM 12GB + ROM 512GB\n\n\t\n\n2,199 CNY\n\n\t\n\nGiá từ\xa07.300.000 VND\n\n\n\n\nRedmi Note 13 Pro + RAM 16GB + ROM 512GB\n\n\t\n\n2,299 CNY\n\n\t\n\nGiá từ\xa07.650.000 VND\n\n*** Lưu ý: Giá bán chính hãng của\xa0Redmi Note 13 Pro+ chỉ mang tính chất tham khảo\n\nVới mức giá hợp lý và tính năng ấn tượng, Xiaomi Note 13 Pro Plus hứa hẹn sẽ là một sự lựa chọn tuyệt. Sản phẩm sẽ cạnh tranh với các dòng điện thoại khác như: Samsung Galaxy S20 FE, Vivo X60 Pro, realme 11, …\n\nXiaomi Redmi Note 13 Pro Plus 5g ra mắt khi nào tại Việt Nam?'
 'Xiaomi Note 13 Pro giá bao nhiêu?\n\nTại thị trường Trung Quốc, điện thoại Xiaomi Redmi Note 13 pro có giá khởi điểm là 14999 nhân dân tệ. Có thể thấy, con số trên không có sự chênh lệch quá lớn so với phiên bản tiền nhiệm.\xa0Ngoài phiên bản Pro nếu chỉ dùng cho các tác vụ cơ bản thì phiên bản base\xa0điện thoại\xa0Xiaomi Redmi Note 13\xa0cũng sẽ là một trong những lựa chọn xứng đáng trong tầm giá hiện nay. Nếu có nhu cầu cùng khám phá ngay nhé!\n\nMức giá của Redmi Note 13 Pro chính hãng bao nhiêu còn tùy thuộc vào phiên bản bộ nhớ. Tại thị trường Việt Nam, điện thoại Redmi Note 13 Pro 4G hiện đang có mức giá tham khảo tại CellphoneS vào 10/2025 như sau:\n\nTên sản phẩm']",Xiaomi Redmi Note 13 Pro Plus có giá từ khoảng 6.9 triệu VNĐ tại Việt Nam. Giá dự kiến sẽ dao động trong khoảng 7.300.000 VND đến 7.650.000 VND tùy theo phiên bản RAM và ROM.,Giá sản phẩm là 7.890.000đ.,0.49999999995,,1.0,0.8106146641007103
Điện thoại này có những màu sắc nào?,"['Điện thoại iPhone 14 có mấy màu?\n\nTương tự như các thế hệ series khác, Apple cũng cho ra mắt điện thoại iPhone 14 với nhiều phiên bản màu sắc khác nhau bao gồm Purple (tím), Blue (xanh), RED Product (đỏ) và Midnight (đen), Starlight (trắng). Trong đó, hai màu sắc mới là xanh và tím.\n\nĐiện thoại iPhone 14 màu đen Midnight\n\nMàu đen là màu sắc truyền thống được trang bị trên hầu hết các thương hiệu điện thoại và Apple cũng không ngoại lệ. Sắc đen trung tính nhưng lại rất sang trọng, không lỗi mốt, không kén người dùng có thể thích hợp cho cả người dùng nam và nữ. Điện thoại iPhone 14 màu đen Midnight phù hợp với người dùng tối giản, không quá cầu kỳ.'
 'iPhone 15 Plus có bao nhiêu màu, mua màu nào đẹp?\n\niPhone 15 Plus với thiết kế mặt lưng kính pha màu nhờ đó mang lại bộ sưu tập màu sắc hoàn toàn mới. Cụ thể, máy với 5 phiên bản màu sắc, bao gồm: Đen, Vàng, Xanh lá, Xanh dương và Hồng. Các màu sắc trên 15 Plus đều được hoàn thiện passtel nhẹ nhàng.\n\n(Ảnh: Apple.com)\n\nMàu đen ((Black): Tuy là màu đen quen thuộc nhưng sắc đen trên thiết bị nhẹ nhành hơn mang lại sự tối giản và sang trọng. Đặc biệt màu đen cũng sẽ không bị lỗi thời nhờ đó dễ dàng sử dùng với nhiều đối tượng người dùng, đặc biệt là người dùng yêu thích sự tối giản.'
 'Điện thoại Nubia V60 Design được ZTE giới thiệu với 3 tuỳ chọn màu sắc là Dark Blue, Sunrise Violet và Champagne Gold. Nhờ việc sở hữu đa dạng màu sắc này mà dòng điện thoại giá rẻ của ZTE này sẽ phù hợp để người dùng thuộc mọi giới tính, độ tuổi sử dụng.\n\nGiá điện thoại Nubia V60 Design bao nhiêu?']","Điện thoại iPhone 14 có màu sắc như sau:

- Midnight (đen)
- Purple (tím)
- Blue (xanh)
- RED Product (đỏ)

Một số màu mới là xanh và tím.","Sản phẩm có các màu Đen, Trắng (độc quyền) và Tím.",0.9999999999,0.0,1.0,0.5015809960905141
Thông số kỹ thuật nổi bật của Xiaomi Redmi Note 13 Pro Plus là gì?,"['Cùng với đó, camera điện thoại Xiaomi còn được trang bị thuật toán Hight Pixel Engine – thuật toán tự phát triển với khả năng chụp ảnh với sự tích hợp sức mạnh của các modun nhờ đó giúp cải thiện độ phân giải một cách đáng kể. Bên cạnh chất lượng thì điện thoại với khả năng chụp nhanh ấn tượng. Hình ảnh cho ra trên điện thoại với gam màu P3 nhờ đó mang lại những bức ảnh với màu sắc phong phú.\xa0\n\nDung lượng pin Note 13 Pro Plus 5000 mAh sạc nhanh 120W'
 'Kích thước màn hình: 6.67 inches\n\nĐộ phân giải màn hình: 1220 x 2712 pixels\n\n**Giới thiệu sản phẩm:** Đặc điểm nổi bật của Xiaomi Redmi Note 13 Pro Plus 5G 8GB 256GB\n\nXiaomi Redmi Note 13 Pro Plus\xa0sở hữu\xa0màn hình rộng 6.67 inch, trang bị bộ vi xử lý Dimensity 7200 đem lại hiệu năng kinh ngạc. Với dung lượng pin 5000 mAh cùng hỗ trợ sạc nhanh lên đến 120W. Camera 200MP và khả năng zoom 4x mở ra những trải nghiệm chụp ảnh độc đáo và đa dạng.\n\nChip set\n\n\t\n\n✅\xa0Mediatek Dimensity 7200 Ultra (4 nm)\n\n\n\n\nMàn hình\n\n\t\n\n✅\xa06.67 inch\xa0OLED 12-bit\xa0120Hz\n\n\n\n\nCamera\n\n\t\n\n✅\xa0Camera chính 200MP + Chụp zoom\n\n\n\n\nPin\n\n\t\n\n✅\xa05000 mAh,\xa0sạc nhanh 120W\n\nNội dung chính'
 'Xiaomi Note 13 Pro Plus mang đến một thiết kế hiện đại và tối ưu với viền bezel mỏng và lỗ đục trên màn hình. Điều này được đánh giá là điểm sáng của máy vừa tiest kiệm được viền màn hình vừa mang đế một phong cách tinh tế khi cầm nắm. Mặt lưng điện thoại được hoàn thiện từ kính được thiết kế cong ở hai bên mang lại cho người dùng trải nghiệm cầm nắm thoải mái. Đặc biệt trên thiết kế mặt lưng\xa0Redmi Note\xa013 Pro plus đó là máy không sử dụng hiệu ứng gradiant quen thuộc mà sẽ sở hữu mặt lưng họa thiết 2 nửa với họa tiết nửa trên khác biệt với nửa dưới khá độc']","Xiaomi Redmi Note 13 Pro Plus nổi bật với:

- Màn hình rộng 6.67 inch, viền bezel mỏng và lỗ đục trên màn hình.
- Bộ vi xử lý Dimensity 7200 Ultra (4 nm).
- Dung lượng pin 5000 mAh cùng hỗ trợ sạc nhanh lên đến 120W.
- Camera chính 200MP với khả năng zoom 4x.","Điện thoại có pin 5000 mAh, chipset Mediatek Dimensity 7200 Ultra, camera sau 200 MP, camera trước 16 MP, RAM 8 GB, bộ nhớ trong 256 GB, và màn hình 6.67 inches với tần số quét 120Hz.",0.49999999995,,1.0,0.8055671312970675
Điện thoại OPPO Find N3 có giá bao nhiêu?,"['Tại Việt Nam, sản phẩm đã nhanh chóng trở thành một chủ đề nổi bật trong các cuộc thảo luận đầy sôi nổi trong cộng đồng công nghệ. Đến hiện tại, đây vẫn là một con máy rất đáng xuống tiền khi chưa có dấu hiệu lỗi thời.\n\nĐiện thoại OPPO Find N3 giá bán bao nhiêu tiền?\n\nTên sản phẩm\n\n\t\n\nGiá bán\n\n\t\n\nGiá thu cũ lên đời\n\nOPPO FIND N5\n\n\t\n\n44.180.000đ\n\n\t\n\n42.180.000đ\n\n\n\n\nOPPO Find N3 16GB 512GB\n\n\t\n\n26.990.000đ\n\n\t\n\n24.990.000đ\n\n\n\n\nOPPO Find N3 Flip 12GB 256GB\n\n\t\n\n13.990.000đ\n\n\t\n\n11.990.000đ'
 'Giá bán\n\n\t\n\nGiá thu cũ lên đời\n\nOPPO FIND N5\n\n\t\n\n44.180.000đ\n\n\t\n\n42.180.000đ\n\n\n\n\nOPPO Find N3 16GB 512GB\n\n\t\n\n26.990.000đ\n\n\t\n\n24.990.000đ\n\n\n\n\nOPPO Find N3 Flip 12GB 256GB\n\n\t\n\n13.990.000đ\n\n\t\n\n11.990.000đ\n\nDòng OPPO Find luôn được quan tâm bởi cụm Camera siêu nét, đi cùng với đó là thắc mắc “giá bán của OPPO Find N3 là bao nhiêu?”. Vì vậy với mức giá trên, sản phẩm cũng được xếp ngang hàng với những flagship màn hình gập đình đám từ những thương hiệu khác.'
 'Hiện nay, chiếc điện thoại N3 Flip đã được trưng bày tại khu vực demo của các cửa hàng CellphoneS. Khi đến hệ thống cửa hàng trên toàn quốc, người dùng có thể trực tiếp trải nghiệm và lựa chọn phiên bản điện thoại phù hợp với sở thích của bản thân.\n\nOPPO Find N3 Flip giá bao nhiêu?\n\nOPPO Find N3 Flip được bán tại CellphoneS có giá niêm yết ở mức 13.990.000 đồng. Tuy nhiên, giá bán OPPO Flip N3 chưa được giảm trừ từ các chương trình khuyến mãi, hỗ trợ thu cũ lên đời điện thoại hay chiết khấu Smember, S-Student và nhiều ưu đãi thành viên khác của CellphoneS.']","Điện thoại OPPO Find N3 có giá bán là 26.990.000 đồng cho phiên bản 16GB 512GB và 13.990.000 đồng cho phiên bản Flip 12GB 256GB. Giá niêm yết tại cửa hàng CellphoneS dao động từ 24.990.000 đồng đến 11.990.000 đồng, tùy thuộc vào phiên bản và dung lượng lưu trữ.",Điện thoại OPPO Find N3 có giá 26.990.000đ.,0.99999999995,,0.75,0.8319202047102365
OPPO Find N3 có những màu sắc nào?,"['Phần bản lề của điện thoại được hoàn thiện từ vật liệu sử dụng trong ngành hàng không nhằm mang tới sự bền bỉ. Bản lề của OPPO N3 Flip có thể gập thoải mái tới 1 triệu lần và có độ sâu của nếp gấp không đến 0.15mm5. Với thanh trượt trạng thái ở cạnh viền, người dùng sẽ dễ dàng chuyển đổi giữa các chế độ chỉ bằng một thao tác.\n\nOPPO Find N3 Flip ra mắt khi nào?\n\nĐiện thoại OPPO N3 Flip đã chính thức xuất hiện vào ngày 26/10/2023. Điện thoại được ra mắt với ba tuỳ chọn màu sắc là Đen Hổ Phách, Hồng Ngọc Bích và Vàng Thạch Anh.'
 'Đối với một chiếc smartphone gập, N3 cũng đã ghi điểm bởi ngoại hình mỏng nhẹ, độ dày chỉ 5.8mm (phiên bản Vàng Cổ Điển). Mặc dù có kiểu dáng siêu mỏng nhưng sản phẩm vẫn khá bền bỉ khi được hoàn thiện từ chất liệu sử dụng trong hàng không, kết hợp công nghệ bản lề uốn tầng. Máy đã đạt chứng nhận TUV Rheinland về độ bền của màn hình gập.\n\nĐiện thoại OPPO Find N3 ra mắt khi nào?\n\nOPPO Find N3 được công bố chính thức vào ngày 26/10/2023. Hãng đã chọn thời điểm này để tạo sức cạnh tranh trực tiếp với nhiều đối thủ trên thị trường.'
 'Ngoại hình mỏng nhẹ cùng phong cách thiết kế mang tính biểu tượng\n\nOPPO Find N3 sở hữu phong cách thiết kế mang tính biểu tượng, đặc trưng cho nhà OPPO với tổng thể siêu mỏng nhẹ, phẳng hơn cùng điểm nhấn là cụm camera kích thước lớn. Theo hãng công bố, ngoại hình sản phẩm được lấy cảm hứng từ những mẫu đồng hồ lịch lãm, đẳng cấp và sang trọng.']","OPPO Find N3 có ba màu sắc chính là Đen Hổ Phách, Hồng Ngọc Bích và Vàng Thạch Anh.",OPPO Find N3 có hai màu sắc là Đen và Vàng.,0.0,,1.0,0.7560613812768274
Thông số kỹ thuật nổi bật của OPPO Find N3 là gì?,"['Ngoài ra, OPPO Find N3 sở hữu cụm Camera ấn tượng gồm 48MP (chính), 64MP (Tele 3x) và 48MP (góc rộng) ở mặt sau và 2 Camera 20MP - 32MP ở mặt trước. Find N3 còn tích hợp thêm Camera Tele 6x in-sensor zoom 16MP vào cụm Camera sau, mang đến chất lượng ảnh chụp siêu nét và nổi bật.\n\nKhông chỉ vậy, việc chụp ảnh selfie cũng trở nên thú vị hơn với camera FlexForm khi không cần phải có người cầm máy. Bên cạnh đó, việc chụp ảnh ở góc nhìn thấp cũng đơn giản hơn khi có thể điều chỉnh ống kính theo góc mong muốn mà không gặp trở ngại.\xa0\n\nPin dung lượng lớn, tối ưu tốc độ sạc với công nghệ SUPERVOOC'
 'Công nghệ màn hình: OLED\n\nKích thước màn hình: 7.82 inches\n\nĐộ phân giải màn hình: 2268 x 2440 pixels\n\n**Giới thiệu sản phẩm:** Đặc điểm nổi bật của OPPO Find N3 16GB 512GB\n\nOPPO Find N3 sở hữu cấu hình ấn tượng với con chip Snapdragon 8 Gen 2, 8 nhân CPU, GPU Adreno 740 và RAM 16GB cho khả năng đa nhiệm mạnh mẽ. Thiết bị cho ra hình ảnh hiển thị sắc nét, sống động với màn hình chính 7.82 inches, tần số quét 120Hz, độ phân giải 2K+ cùng độ sáng đến 2800 nits\n\nNội dung chính'
 'Hiệu năng ổn định, đạt điểm số ấn tượng\n\nOPPO N3 sở hữu nguồn sức mạnh vượt trội được cung cấp bởi con chip Snapdragon 8 thế hệ thứ 2, kết hợp 16GB RAM tối ưu đa nhiệm. Chipset này không chỉ mang đến hiệu suất mạnh mẽ cho thiết bị mà còn hỗ trợ xử lý tác vụ AI nhanh hơn. Với dung lượng RAM lớn, người dùng có thể dễ dàng chuyển đổi tab, ứng dụng một cách trơn tru, không giật lag.\n\nKhi chấm điểm hiệu năng OPPO Find N3, sản phẩm cũng đạt điểm số khá ấn tượng:\n\nAntutu đạt kết quả hơn 1.300.000 điểm.\n\nGeekbench 6 đạt điểm đa nhân 4941, đơn nhân 1565.']","OPPO Find N3 nổi bật với các thông số kỹ thuật sau:

- Camera 48MP + 64MP + 48MP (góc rộng) ở mặt sau và 2 Camera 20MP - 32MP ở mặt trước.
- Camera Tele 6x in-sensor zoom 16MP.
- Pin dung lượng lớn, công nghệ SUPERVOOC sạc nhanh.
- Màn hình OLED với kích thước 7.82 inches, tần số quét 120Hz, độ phân giải 2K+ và độ sáng lên đến 2800 nits.
- Con chip Snapdragon 8 Gen 2, 8 nhân CPU, GPU Adreno 740, RAM 16GB.

Đặc biệt, sản phẩm đạt điểm số Antutu hơn 1.300.000 điểm và Geekbench 6 đạt điểm đa nhân 4941, đơn nhân 1565.","OPPO Find N3 sở hữu pin 4805 mAh, chipset Snapdragon 8 Gen 2, RAM 16GB, bộ nhớ trong 512GB, và màn hình chính 7.82 inches với độ phân giải 2K+.",0.99999999995,0.6,1.0,0.8184820904634266
Điện thoại Sony Xperia 1 VI có giá bao nhiêu?,"['Điện thoại Sony Xperia 1 VI giá bao nhiêu?\n\nĐiện thoại Sony Xperia 1 VI chính hãng có giá từ 32.990.000đ\xa0tại CellphoneS. Đồng thời nếu tham gia thu cũ lên đời, khách hàng còn được giảm thêm đến 300.000đ khi thu cũ lên đời, cùng nhiều quà tặng hấp dẫn.\xa0\n\nHiện tại, giá của điện thoại Sony Xperia 1 VI có thể khác nhau tùy vào thị trường và nơi bán hàng. Tuy nhiên, thông thường, Xperia 1VI được định giá ở phân khúc cao cấp, phù hợp với các tính năng và công nghệ hàng đầu mà nó mang lại như màn hình OLED FHD+, chipset Snapdragon 8 Gen 3, RAM 12GB, và bộ nhớ trong 256GB.\n\nĐiện thoại Sony Xperia 1 VI khi nào ra mắt?'
 'Thiết kế hoài niệm, đa dạng với nhiều tuỳ chọn màu sắc\n\nĐiện thoại Sony Xperia 1 VI được thiết kế hoài niệm, đậm chất Sony sang trọng với khung kim loại nguyên khối và mặt kính cường lực. Thiết bị có các tùy chọn màu sắc bao gồm xanh lục xám và đen mang đến sự lựa chọn đa dạng cho người dùng.\xa0Kích thước của máy là 162 x 74 x 8.2 mm, vừa vặn trong tay và dễ dàng mang đi.\xa0\n\nĐiện thoại Sony Xperia 1 VI giá bao nhiêu?'
 'Nội dung chính\n\n1. Vì sao nên mua điện thoại\xa0Sony Xperia 1 VI?\n2. So sánh điện thoại\xa0Sony Xperia 1 VI với\xa0Sony Xperia 1 V\n3. Đánh giá Sony Xperia 1 VI mới: đẳng cấp, cuốn hút\n3.1. Chipset Qualcomm Snapdragon 8 Gen 3, RAM 12GB mạnh mẽ\n3.2. Camera 48MP, ống kính Zeiss cùng công nghệ thu phóng chất lượng\n3.3. Thời lượng pin 5000 mAh, sạc nhanh tiện lợi\n3.4. Màn hình OLED 6.5 inch chất lượng FHD+ sắc nét\n3.5. Thiết kế hoài niệm, đa dạng với nhiều tuỳ chọn màu sắc\n4. Điện thoại Sony Xperia 1 VI giá bao nhiêu?\n5. Điện thoại Sony Xperia 1 VI khi nào ra mắt?\n6. Mua ngay điện thoại Sony Xperia 1 VI đẳng cấp giá tốt, chính hãng tại CellphoneS\nVì sao nên mua điện thoại\xa0Sony Xperia 1 VI?']","Điện thoại Sony Xperia 1 VI có giá từ 32.990.000đ tại CellphoneS. Nếu khách hàng tham gia chương trình thu cũ lên đời, sẽ được giảm thêm 300.000đ.",Điện thoại Sony Xperia 1 VI có giá 22.990.000đ.,0.3333333333,0.0,1.0,0.7391450771298697
Sony Xperia 1 VI có những màu sắc nào?,"['Màu sắc\n\n\t\n\nĐen - Xanh lục xám\n\n\t\n\nĐen - Xanh lục xám\n\n\n\n\nTrọng lượng\n\n\t\n\n192g\n\n\t\n\n187g\n\n\n\n\nMàn hình\n\n\t\n\nOLED FHD+ HDR 6.5 inch\n\nTần số quét 120Hz\n\n\t\n\nOLED 4K HDR 6.5 inch\n\nTần số quét 120Hz\n\n\n\n\nCPU\n\n\t\n\nSnapdragon® 8 gen 3\n\n\t\n\n\xa0Snapdragon® 8 gen 2\n\n\n\n\nRAM\n\n\t12 GB\t12 GB\n\n\nROM\n\n\t256 GB\t256 GB\n\n\nCamera trước\n\n\t12MP, f/2.3\t12MP, f/2.0\n\n\nCamera sau\n\n\t\n\nCảm biến Exmor T\n\n52MP f/1.9, 48MP\n\n\t\n\nCảm biến Exmor T\n\n52 MP + 48MP + 12MP\n\n\n\n\nDung lượng pin\n\n\tPin 5.000 mAh\tPin 5.000 mAh\n\nNhư vậy, Sony Xperia 1 VI sở hữu một cấu hình nâng cấp với con chip Snapdragon 8 Gen 3 thế hệ mới mang lại một hiệu năng vượt trội.\n\nĐánh giá Sony Xperia 1 VI mới: đẳng cấp, cuốn hút'
 'Thiết kế hoài niệm, đa dạng với nhiều tuỳ chọn màu sắc\n\nĐiện thoại Sony Xperia 1 VI được thiết kế hoài niệm, đậm chất Sony sang trọng với khung kim loại nguyên khối và mặt kính cường lực. Thiết bị có các tùy chọn màu sắc bao gồm xanh lục xám và đen mang đến sự lựa chọn đa dạng cho người dùng.\xa0Kích thước của máy là 162 x 74 x 8.2 mm, vừa vặn trong tay và dễ dàng mang đi.\xa0\n\nĐiện thoại Sony Xperia 1 VI giá bao nhiêu?'
 'So sánh\xa0Sony Xperia 1 VII với\xa0Sony Xperia 1 VI - Có gì khác biệt\n\nThông số\n\n\t\n\nSony Xperia 1 VII\n\n\t\n\nSony Xperia 1 VI\n\n\n\n\nMàu sắc\n\n\t\n\nXanh rêu - Tím hoa lan - Đen chì\n\n\t\n\nXanh lục xám - Bạc bạch kim - Đen\n\n\n\n\nTrọng lượng\n\n\t\n\n197g\n\n\t\n\n192g\n\n\n\n\nMàn hình\n\n\t\n\n6.5 inch OLED FHD+, 120Hz\n\n\t\n\n6.5 inch OLED FHD+, 120Hz\n\n\n\n\nCamera sau\n\n\t\n\n52MP - 12MP - 50MP\n\n\t\n\n52MP - 12MP - 12MP\n\n\n\n\nCamera trước\n\n\t\n\n12MP\n\n\t\n\n12MP\n\n\n\n\nCPU\n\n\t\n\nSnapdragon® 8 Elite\n\n\t\n\nSnapdragon® 8 gen 3\n\n\n\n\nRAM\n\n\t\n\n12GB\n\n\t\n\n12GB\n\n\n\n\nBộ nhớ trong\n\n\t\n\n256GB (Hỗ trợ thẻ nhớ mở rộng 2TB)\n\n\t\n\n256GB\xa0(Hỗ trợ thẻ nhớ mở rộng 1.5TB)\n\n\n\n\nPin\n\n\t\n\n5000 mAh\n\n\t\n\n5000 mAh']","Sony Xperia 1 VI có màu sắc như sau:

- Đen - Xanh lục xám

- Đen - Bạc bạch kim

Màu sắc này mang đến sự lựa chọn đa dạng cho người dùng, phù hợp với nhiều phong cách và sở thích.","Sony Xperia 1 VI có các màu Bạc, Xanh lá và Đen.",0.5833333333041666,,0.6666666666666666,0.7512053685684649
Thông số kỹ thuật nổi bật của Sony Xperia 1 VI là gì?,"['Màu sắc\n\n\t\n\nĐen - Xanh lục xám\n\n\t\n\nĐen - Xanh lục xám\n\n\n\n\nTrọng lượng\n\n\t\n\n192g\n\n\t\n\n187g\n\n\n\n\nMàn hình\n\n\t\n\nOLED FHD+ HDR 6.5 inch\n\nTần số quét 120Hz\n\n\t\n\nOLED 4K HDR 6.5 inch\n\nTần số quét 120Hz\n\n\n\n\nCPU\n\n\t\n\nSnapdragon® 8 gen 3\n\n\t\n\n\xa0Snapdragon® 8 gen 2\n\n\n\n\nRAM\n\n\t12 GB\t12 GB\n\n\nROM\n\n\t256 GB\t256 GB\n\n\nCamera trước\n\n\t12MP, f/2.3\t12MP, f/2.0\n\n\nCamera sau\n\n\t\n\nCảm biến Exmor T\n\n52MP f/1.9, 48MP\n\n\t\n\nCảm biến Exmor T\n\n52 MP + 48MP + 12MP\n\n\n\n\nDung lượng pin\n\n\tPin 5.000 mAh\tPin 5.000 mAh\n\nNhư vậy, Sony Xperia 1 VI sở hữu một cấu hình nâng cấp với con chip Snapdragon 8 Gen 3 thế hệ mới mang lại một hiệu năng vượt trội.\n\nĐánh giá Sony Xperia 1 VI mới: đẳng cấp, cuốn hút'
 'Công nghệ màn hình: OLED\n\nKích thước màn hình: 6.5 inches\n\n**Giới thiệu sản phẩm:** Đặc điểm nổi bật của Sony Xperia 1VI 12GB 256GB\n\nSony Xperia 1 VI 12GB 256GB là flagship mới của nhà Sony với chipset Snapdragon 8 Gen 3 tiến trình 4nm, bộ nhớ RAM 12GB và dung lượng lưu trữ 256GB. Màn hình 6.5 inch chất lượng FHD+, tần số quét 120Hz cùng tấm nền OLED chất lượng. Camera chính 48MP với cảm biến Exmor T cùng camera selfie 12mP. Pin lớn tới 5000mAh và 30W công nghệ sạc nhanh Qi cho trải nghiệm thú vị.\n\nNội dung chính'
 'Nội dung chính\n\n1. Vì sao nên mua điện thoại\xa0Sony Xperia 1 VI?\n2. So sánh điện thoại\xa0Sony Xperia 1 VI với\xa0Sony Xperia 1 V\n3. Đánh giá Sony Xperia 1 VI mới: đẳng cấp, cuốn hút\n3.1. Chipset Qualcomm Snapdragon 8 Gen 3, RAM 12GB mạnh mẽ\n3.2. Camera 48MP, ống kính Zeiss cùng công nghệ thu phóng chất lượng\n3.3. Thời lượng pin 5000 mAh, sạc nhanh tiện lợi\n3.4. Màn hình OLED 6.5 inch chất lượng FHD+ sắc nét\n3.5. Thiết kế hoài niệm, đa dạng với nhiều tuỳ chọn màu sắc\n4. Điện thoại Sony Xperia 1 VI giá bao nhiêu?\n5. Điện thoại Sony Xperia 1 VI khi nào ra mắt?\n6. Mua ngay điện thoại Sony Xperia 1 VI đẳng cấp giá tốt, chính hãng tại CellphoneS\nVì sao nên mua điện thoại\xa0Sony Xperia 1 VI?']","Sony Xperia 1 VI nổi bật với:

- Chipset Snapdragon 8 Gen 3 thế hệ mới
- RAM 12GB mạnh mẽ
- Camera 48MP + 48MP + 12MP, cảm biến Exmor T 
- Pin lớn 5000mAh và sạc nhanh Qi

Đây là sản phẩm flagship với cấu hình vượt trội cho trải nghiệm tốt nhất.","Sony Xperia 1 VI được trang bị pin 5000 mAh, chipset Snapdragon 8 Gen 3, RAM 12GB, bộ nhớ trong 256GB, màn hình OLED 6.5 inch với tần số quét 120Hz và camera chính 48MP.",0.9999999999666667,,0.8,0.7666375837498006
Điện thoại Nubia V60 Design có giá bao nhiêu?,"['Giá điện thoại Nubia V60 Design bao nhiêu?\n\nTrái ngược với sự đa dạng về màu sắc, Nubia V60 Design sẽ chỉ có duy nhất một phiên bản cấu hình với tổng 16GB RAM và bộ nhớ trong 256GB. ZTE hiện đã công bố giá bán chính thức của mẫu điện thoại này ở mức 5.999 Peso, khoảng 2,5 triệu đồng. Đây là mức giá mà hiếm có mẫu điện thoại sở hữu khả năng đa nhiệm vượt trội nào có được từ trước tới nay.'
 'Phiên bản này là mẫu điện thoại thông minh mới của thương hiệu nubia. Sự kiện ra mắt này đánh dấu sự trở lại của hãng trên thị trường di động, mang đến cho người dùng những lựa chọn mới với thiết kế trẻ trung và mức giá phải chăng. \u200b\xa0\n\nĐiện thoại nubia V70 Design giá bao nhiêu tiền?\n\nĐiện thoại nubia V70 Design có giá khởi điểm trong khoảng 5.300 PHP (tương đương 2.28 triệu đồng). Với giá thành phải chăng, phiên bản này được định vị dành cho những người dùng phổ thông, học sinh với nhu cầu sử dụng cơ bản.'
 '2MP depth lens\n\n\n\n\nDung lượng pin\n\n\t\n\n5000mAh (typical value)\n\nSạc nhanh 22.5W\n\n\t\n\n5000mAh (typical value)\n\nSạc nhanh 22.5W\n\nĐiện thoại Nubia V60 Design - Hiệu năng mạnh mẽ, giá rẻ bất ngờ\n\nĐiện thoại Nubia V60 Design là mẫu smartphone giá rẻ sở hữu thiết kế cao cấp, tinh tế cùng cấu hình mạnh mẽ. Mẫu điện thoại Nubia này có khả năng xử lý đơn nhiệm, đa nhiệm ấn tượng để luôn đảm bảo phục vụ tốt mọi nhu cầu giải trí thường ngày của người dùng.\n\nHiệu năng tuyệt vời trong phân khúc giá rẻ']","Điện thoại Nubia V60 Design có giá bán chính thức là 5.999 Peso (tương đương khoảng 2,5 triệu đồng). Đây là mức giá mà mẫu điện thoại này mang đến khả năng đa nhiệm vượt trội và cấu hình mạnh mẽ cho người dùng.",Điện thoại Nubia V60 Design có giá 2.690.000đ.,0.9999999999,,0.75,0.7704086277396648
Nubia V60 Design có những màu sắc nào?,"['Điện thoại Nubia V60 Design được ZTE giới thiệu với 3 tuỳ chọn màu sắc là Dark Blue, Sunrise Violet và Champagne Gold. Nhờ việc sở hữu đa dạng màu sắc này mà dòng điện thoại giá rẻ của ZTE này sẽ phù hợp để người dùng thuộc mọi giới tính, độ tuổi sử dụng.\n\nGiá điện thoại Nubia V60 Design bao nhiêu?'
 'Nubia V60 Design có điểm gì khác biệt so với phiên bản\xa0Nubia V60 được ra mắt trước đó, vậy chính xác hai mẫu điện thoại này có gì khác biệt thì hãy cùng tìm hiểu chi tiết sau đây:\n\nThông số\n\n\t\n\nNubia V60 Design\n\n\t\n\nNubia V60\n\n\n\n\nMàn hình\n\n\t\n\n6.6 inch HD+, Tần số quét 90Hz\n\n\t\n\n6.72 inch FHD+\n\n\n\n\nCPU\n\n\t\n\nUnisoc T616, Octa-Core 2.0GHz\n\n\t\n\nUnisoc T616, Octa-Core 2.0GHz\n\n\n\n\nRAM\n\n\t6GB\t6GB\n\n\nROM\n\n\t256GB\t256GB\n\n\nCamera trước\n\n\t\n\n8MP FF\n\n\t32MP FF\n\n\nCamera sau\n\n\t\n\n50MP main camera, F1.8, AF\n\n2MP depth lens\n\nAI-CAM\n\n\t\n\n50MP main camera, F1.8, AF\n\n2MP macro lens\n\n2MP depth lens\n\n\n\n\nDung lượng pin\n\n\t\n\n5000mAh (typical value)\n\nSạc nhanh 22.5W\n\n\t\n\n5000mAh (typical value)\n\nSạc nhanh 22.5W\n\nĐiện thoại Nubia V60 Design - Hiệu năng mạnh mẽ, giá rẻ bất ngờ'
 'Giá điện thoại Nubia V60 Design bao nhiêu?\n\nTrái ngược với sự đa dạng về màu sắc, Nubia V60 Design sẽ chỉ có duy nhất một phiên bản cấu hình với tổng 16GB RAM và bộ nhớ trong 256GB. ZTE hiện đã công bố giá bán chính thức của mẫu điện thoại này ở mức 5.999 Peso, khoảng 2,5 triệu đồng. Đây là mức giá mà hiếm có mẫu điện thoại sở hữu khả năng đa nhiệm vượt trội nào có được từ trước tới nay.']","Nubia V60 Design có 3 màu sắc chính là Dark Blue, Sunrise Violet và Champagne Gold.","Nubia V60 Design có các màu sắc: Xanh Đen, Tím, Vàng.",0.9999999999,1.0,1.0,0.7863877000709132
Thông số kỹ thuật nổi bật của Nubia V60 Design là gì?,"['Màn hình HD+ sắc nét, mượt mà với tần số quét 90Hz\n\nĐiện thoại Nubia V60 Design được tích hợp một màn hình có kích thước 6.6 inch nhằm mang tới không gian giải trí đủ thoải mái. Độ phân giải HD+ của màn hình Nubia V60 Design sẽ giúp hình ảnh luôn có được sự sắc nét nhằm duy trì được hiệu suất giải trí ổn định. Nubia còn trang bị cho chiếc điện thoại V60 Design của mình tần số quét màn hình 90Hz để các chuyển động có được sự trơn tru, mượt mà.\n\nThiết kế cao cấp và độc đáo'
 'Nubia V60 Design có điểm gì khác biệt so với phiên bản\xa0Nubia V60 được ra mắt trước đó, vậy chính xác hai mẫu điện thoại này có gì khác biệt thì hãy cùng tìm hiểu chi tiết sau đây:\n\nThông số\n\n\t\n\nNubia V60 Design\n\n\t\n\nNubia V60\n\n\n\n\nMàn hình\n\n\t\n\n6.6 inch HD+, Tần số quét 90Hz\n\n\t\n\n6.72 inch FHD+\n\n\n\n\nCPU\n\n\t\n\nUnisoc T616, Octa-Core 2.0GHz\n\n\t\n\nUnisoc T616, Octa-Core 2.0GHz\n\n\n\n\nRAM\n\n\t6GB\t6GB\n\n\nROM\n\n\t256GB\t256GB\n\n\nCamera trước\n\n\t\n\n8MP FF\n\n\t32MP FF\n\n\nCamera sau\n\n\t\n\n50MP main camera, F1.8, AF\n\n2MP depth lens\n\nAI-CAM\n\n\t\n\n50MP main camera, F1.8, AF\n\n2MP macro lens\n\n2MP depth lens\n\n\n\n\nDung lượng pin\n\n\t\n\n5000mAh (typical value)\n\nSạc nhanh 22.5W\n\n\t\n\n5000mAh (typical value)\n\nSạc nhanh 22.5W\n\nĐiện thoại Nubia V60 Design - Hiệu năng mạnh mẽ, giá rẻ bất ngờ'
 'Kích thước màn hình: 6.6 inches\n\nĐộ phân giải màn hình: 720 x 1612 (HD+)\n\n**Giới thiệu sản phẩm:** Đặc điểm nổi bật của Nubia V60 Design 6GB 256GB\n\nĐiện thoại Nubia V60 Design sở hữu cấu hình mạnh mẽ trong phân khúc phổ thông nhờ được trang bị con chip Unisoc T606, 6GB RAM cùng 256GB bộ nhớ trong. Hệ thống camera sở hữu cảm biến chính 50MP cùng thuật toán xử lý AI để luôn mang tới chất lượng hình chụp, video đẹp mắt, sống động. Màn hình 6.6 inch HD+ của Nubia V60 Design sở hữu thiết kế Hole độc đáo nhằm tối ưu không gian hiển thị và tính ứng dụng của điện thoại.\n\nNội dung chính']","Nubia V60 Design có một số thông số kỹ thuật nổi bật như sau:

- Màn hình 6.6 inch với độ phân giải HD+ (720 x 1612 pixels)
- Tần số quét màn hình lên đến 90Hz, giúp các chuyển động trở nên trơn tru và mượt mà hơn
- CPU là Unisoc T616, Octa-Core 2.0GHz
- RAM là 6GB
- Bộ nhớ trong là 256GB

Điểm khác biệt so với Nubia V60 trước đó là:

- Màn hình có kích thước lớn hơn (6.72 inch)
- Độ phân giải cao hơn (FHD+)

Ngoài ra, cả hai mẫu đều sử dụng con chip Unisoc T616 và 6GB RAM cùng 256GB bộ nhớ trong, nhưng Nubia V60 Design có màn hình lớn hơn và độ phân giải tốt hơn.","Nubia V60 Design sở hữu pin 5000mAh, chipset Unisoc T606, 6GB RAM, 256GB bộ nhớ trong, camera sau 50MP và camera trước 8MP, cùng màn hình 6.6 inch HD+ với tần số quét 90Hz.",0.5833333333041666,0.8571428571428571,0.75,0.8024857559385161
Điện thoại Samsung Galaxy Z Fold6 12GB 512GB có giá bao nhiêu?,"['Tên sản phẩm\n\n\t\n\nGiá bán\n\n\t\n\nGiá thu cũ lên đời\n\nSamsung Galaxy Z Fold 6 12GB 256GB\n\n\t\n\n31.790.000đ\n\n\t\n\n30.790.000đ\n\n\n\n\nSamsung Galaxy Z Fold6 12GB 512GB\n\n\t\n\n34.900.000đ\n\n\t\n\n33.900.000đ\n\n\n\n\nSamsung Galaxy Z Fold6 12GB 1TB\n\n\t\n\n45.490.000đ\n\n\t\n\n44.490.000đ\n\nGiá chưa bao gồm các chiết khấu, khuyến mãi hay giá thu cũ đổi mới,…. Khách hàng có thể liên hệ CellphoneS hoặc đến cửa hàng để sở hữu ngay mẫu flagship đang siêu hot này từ nhà Samsung ngay nhé!\n\nĐánh giá Z Fold 6 chính hãng sau thời gian sử dụng\n\nSamsung Z Fold 6 được nhiều người dùng khá mong chờ, đặc biệt là khi mẫu flagship này còn được trang bị AI. Sau một thời gian sử dụng, CellphoneS đưa ra một số đánh giáđể khách hàng tham khảo về mẫu flagship đình đám này.'
 'Điện thoại Samsung Galaxy Z Fold 6 512GB giá bán bao nhiêu tiền?\n\nVề giá bán, điện thoại\xa0Samsung Galaxy Z Fold 6 512GB sẽ có giá bán khởi điểm 2019 USD tại thị trường Mỹ, khi về chính hãng Việt Nam máy sẽ được bán với mức giá khoảng\xa047,990,000 đồng. Cùng với ba phiên bản màu xanh, hồng và xám sẽ không có sự chênh lệch về giá. Ngoài ra, hãng sẽ có 2 phiên bản màu độc quyền được bán online trên web hãng là\xa0Đen Crafted và\xa0Trắng Classic.\n\nCùng xem thêm ngay mẫu điện thoại Samsung Z Fold 5 chính hãng hiện cũng đang bán chính hãng tại CellphoneS, cùng khám phá ngay nhé!\n\nMua Samsung Galaxy Z Fold 6 512GB giá tốt, chính hãng tại CellphoneS'
 'Nội dung chính\n\n1. Samsung Galaxy Z Flip 6 12GB 512GB giá bao nhiêu?\n2. Mua ngay Samsung Galaxy Z Flip 6 512GB chất lượng tốt, ưu đãi lớn tại CellphoneS\nSamsung Galaxy Z Flip 6 12GB 512GB giá bao nhiêu?\n\nSamsung Galaxy Z Flip 6 phiên bản 12GB RAM và 512GB bộ nhớ trong có giá bán tại thời điểm mở bán là 32,990,000đ. Với thiết kế thời thượng và cấu hình mạnh mẽ, đây là một lựa chọn hấp dẫn cho những ai đam mê công nghệ và phong cách. Sản phẩm không chỉ mang đến hiệu năng ấn tượng mà còn thể hiện sự đẳng cấp và hiện đại.']",Điện thoại Samsung Galaxy Z Fold 6 12GB 512GB có giá bán là 34.900.000đ.,Điện thoại Samsung Galaxy Z Fold6 12GB 512GB có giá 34.900.000đ.,0.9999999999,,1.0,0.8211831616418008
Samsung Galaxy Z Fold6 12GB 512GB có những màu sắc nào?,"['Thiết kế mỏng hơn với màu sắc đa dạng\n\nZ Fold 6 12GB 512GB thu hút ngay từ ánh nhìn đầu tiên nhờ kiểu dáng tinh tế với khung viền vuông vức lấy cảm hứng từ dòng Galaxy S24 Ultra cực bắt mắt. Độ dày sản phẩm 5.6mm tạo cảm giác mỏng, nhẹ khi trên tay ngay cả khi gập máy. Samsung Galaxy Z Fold 6 512GB cung cấp 3 phiên bản màu sắc, bao gồm:\xa0Xám Metal,\xa0Hồng Rosé và\xa0Xanh Navy để bạn khoe trọn phong cách cá nhân.\n\nMàn hình lớn, cải tiến bản lề 3 phần thông minh'
 'Bên cạnh đó, nếu người dùng yêu thích các màu sắc cơ bản là Trắng và Đen thì ở phiên bản 12GB – 256GB, Z Fold 6 cũng được bổ sung 2 phiên bản màu này. Tuy nhiên màu Đen, Trắng chưa có ở các phiên bản khác của smartphone.\n\nMột dòng sản phẩm tiền nhiệm đã ra mắt trước đó bạn có thể xem thêm chính làm Samsung Z Fold 5 chính hãng được bày bán tại CellphoneS với đa dạng màu sắc và tình trạng máy khác nhau. Cùng khám phá ngay nhé!\n\nSamsung Z Fold 6 cũ giá bao nhiêu?'
 'Các câu hỏi thường gặp khi mua Samsung Z Fold 6\n\nTổng quan đánh giá Z Fold 6, đây là một dòng flagship với thiết kế tối ưu và cao cấp cùng với những tính năng mạnh mẽ, đặc biệt là với AI tiện lợi. Dưới đây là một số câu hỏi xoay quanh Samsung Z Fold 6 mà nhiều khách hàng thường thắc mắc khi có nhu cầu sở hữu Fold 6.\n\nSamsung Z Fold 6 có mấy màu?\n\nMẫu flagship này được ra mắt với 3 phiên bản màu thời thượng là Hồng Rose nhẹ nhàng, thanh lịch; Xám Metal tinh tế cùng Xanh Navy sang trọng. Các màu sắc của Z Fold 6 đều rất hợp thời trang thể hiện phong cách riêng cá tính.']","Samsung Galaxy Z Fold 6 12GB 512GB có màu sắc như sau:

- Xám Metal
- Hồng Rosé
- Xanh Navy

Các màu sắc này đều rất hợp thời trang và thể hiện phong cách cá nhân. Bạn có thể chọn màu phù hợp với sở thích hoặc phong cách của mình để tạo nên một chiếc điện thoại ấn tượng.","Samsung Galaxy Z Fold6 12GB 512GB có ba màu sắc: Xanh dương, Xám, Hồng.",0.8333333332916666,,1.0,0.8133697650372153
Thông số kỹ thuật nổi bật của Samsung Galaxy Z Fold6 12GB 512GB là gì?,"['Kích thước màn hình: 7.6 inches\n\nĐộ phân giải màn hình: 2160 x 1856 (QXGA+)\n\n**Giới thiệu sản phẩm:** Đặc điểm nổi bật của Samsung Galaxy Z Fold6 12GB 512GB\n\nSamsung Galaxy Z Fold 6 phiên bản 12GB 512GB là chiếc flagship gập thế hệ mới được trang bị con chip Snapdragon 8 Gen 3 For Galaxy mạnh mẽ và ổn định. Sản phẩm sở hữu cụm camera sau\xa050.0 MP + 12.0 MP + 10.0 MP và cảm biến máy ảnh selfie 10 MP - 4MP cho chất lượng ảnh sắc nét và sống động. Tận hưởng các chương trình giải trí trọn vẹn hơn nhờ màn hình Dynamic AMOLED 2X 6.3\xa0inch với khả năng mở rộng 7.6 inch cùng tốc độ làm tươi 120Hz mượt mà.\xa0\n\nNội dung chính'
 'Kích thước màn hình: 7.6 inches\n\nĐộ phân giải màn hình: 2160 x 1856 (QXGA+)\n\n**Giới thiệu sản phẩm:** Đặc điểm nổi bật của Samsung Galaxy Z Fold 6 12GB 256GB\n\nSamsung Z Fold 6\xa0sở hữu thiết kế gập đẳng cấp cùng độ mỏng 12.1mm khi gập, 5.6mm khi mở và chỉ nặng 239g gọn nhẹ, linh hoạt cùng khung kim loại nhôm bền bỉ. Máy được tích hợp Snapdragon 8 thế hệ 3 tăng sức mạnh vượt trội. Pin 4400mAh cho trải nghiệm ấn tượng đến 12 giờ. Camera gồm 3 ống kính, quay phim đến chuẩn 8K quay chụp chuyên nghiệp hơn\n\nNội dung chính'
 'Màn hình lớn, cải tiến bản lề 3 phần thông minh\n\nSamsung Galaxy Fold 6 512GB được trang bị tấm nền\xa0Dynamic AMOLED 2X 120Hz và kích thước màn hình phụ 6.3 inch rộng hơn. Với tỷ lệ 20:9, chiếc flagship Samsung galaxy Z series này sẽ mang lại trải nghiệm hiển thị tương thích các nội dung giải trí tối ưu hơn. Trải qua nghiên cứu và các bài kiểm tra 200.000 lần gập cùng khả năng chống nước IP48, màn hình Galaxy Z Fold 6 hứa hẹn sẽ làm bạn hài lòng về độ chắc chắn và bền bỉ.\n\nĐiện thoại Samsung Galaxy Z Fold 6 512GB khi nào ra mắt?']","Samsung Galaxy Z Fold 6 12GB 512GB nổi bật với:

- Kích thước màn hình lớn: 7.6 inches (kích thước phụ là 6.3 inch)
- Độ phân giải cao: 2160 x 1856 (QXGA+)
- Camera sau gồm 50MP + 12MP + 10MP và cảm biến máy ảnh selfie 10MP - 4MP
- Màn hình Dynamic AMOLED 2X 120Hz, mở rộng lên 7.6 inch
- Pin lớn: 4400mAh cho thời gian sử dụng lâu dài đến 12 giờ

Đây là phiên bản cao cấp của dòng Galaxy Z Fold series, phù hợp với những người yêu thích trải nghiệm màn hình lớn và công nghệ hiện đại.","Samsung Galaxy Z Fold6 12GB 512GB có pin 4400 mAh, chipset Snapdragon 8 Gen 3, RAM 12GB, bộ nhớ trong 512GB, và màn hình chính 7.6 inch Dynamic AMOLED 2X với độ phân giải 2160 x 1856.",0.9999999999666667,1.0,1.0,0.0
Điện thoại Xiaomi POCO X7 5G có giá bao nhiêu?,"['3200 nits, Tần số quét 120Hz, Dolby Vison\n\n\n\n\nLoại CPU\n\n\t\n\nOcta-core CPU, up to 2.5GHz\n\n\t\n\nĐiện thoại Xiaomi POCO X7 5G giá bán bao nhiêu tiền?\n\nĐiện thoại Xiaomi POCO X7 5G hiện đang được phân phối chính hãng tại Việt Nam với mức giá dao động tùy theo phiên bản bộ nhớ và nhà bán lẻ. Dưới đây là bảng giá tham khảo từ của POCO X7 5G:\n\nTên sản phẩm\n\n\t\n\nGiá bán\n\n\t\n\nGiá thu cũ lên đời\n\nXiaomi POCO X7 5G 12GB 512GB\n\n\t\n\n7.950.000đ\n\n\t\n\n7.450.000đ\n\nĐiện thoại Xiaomi POCO X7 5G - Màn đẹp, ngoại hình bắt mắt'
 'Giá bán\n\n\t\n\nGiá thu cũ lên đời\n\nXiaomi POCO X7 5G 12GB 512GB\n\n\t\n\n7.950.000đ\n\n\t\n\n7.450.000đ\n\nĐiện thoại Xiaomi POCO X7 5G - Màn đẹp, ngoại hình bắt mắt\n\nĐiện thoại Xiaomi POCO X7 5G là một lựa chọn đáng cân nhắc trong phân khúc tầm trung, đặc biệt phù hợp với người dùng yêu cầu hiệu năng ổn định, màn hình chất lượng cao. Dưới đây là thông số và đặc điểm của mẫu POCO X7 mà khách hàng có thể tham khảo:\n\nHiệu năng bứt phá với chip Dimensity 7300-Ultra và RAM 12GB'
 'Điện thoại POCO X7 Pro 5G khi nào ra mắt?\n\nĐiện thoại POCO X7 Pro 5G ra mắt thế giới vào ngày 9/1/2025 và sẽ chính thức có mặt chính hãng tại thị trường Việt vào tháng 3/2025. Qua các cải tiến thông số ưu trội, mẫu điện thoại này sẽ đem lại các trải nghiệm mới mẻ với cấu hình bền bỉ, xử lý tốt trong phân khúc giá.\n\nĐiện thoại POCO X7 Pro 5G giá bán bao nhiêu tiền?\n\nVề giá bán,\xa0POCO X7 Pro 5G được định vị ở phân khúc hấp dẫn dao động trong khoảng từ 8 - 10 triệu đồng, tùy thuộc vào phiên bản RAM, dung lượng bộ nhớ.']",Điện thoại Xiaomi POCO X7 5G có giá dao động từ khoảng 7.950.000đ đến 7.450.000đ tùy thuộc vào phiên bản bộ nhớ và nhà bán lẻ.,Điện thoại Xiaomi POCO X7 5G có giá 7.950.000đ.,0.99999999995,,0.6666666666666666,0.8249540872475659
Xiaomi POCO X7 5G phù hợp với ai?,"['Ngay sau khi ra mắt, sản phẩm nhanh chóng được mở bán tại nhiều thị trường, bao gồm cả Việt Nam, thông qua hệ thống phân phối chính thức của Xiaomi. Với mức giá hợp lý cùng những tính năng vượt tầm giá, POCO X7 5G nhanh chóng trở thành lựa chọn nổi bật trong phân khúc smartphone tầm trung đầu năm 2025.\n\nMua điện thoại Xiaomi POCO X7 5G giá rẻ, nhiều ưu đãi tại CellphoneS'
 'Với giá bán kể trên, Xiaomi POCO X7 Pro 5G thu hút người dùng nhờ sự kết hợp giữa hiệu năng chuyên nghiệp và mức giá cạnh tranh cũng như\xa0dễ dàng tiếp cận đối tượng người dùng trẻ, đặc biệt là những đối tượng yêu thích hiệu năng cao nhưng vẫn cân nhắc ngân sách.\n\nChi tiết giá bán\xa0POCO X7 Pro 5G tại CellphoneS tháng\xa010/2025 như sau:\n\nTên sản phẩm\n\n\t\n\nGiá bán\n\n\t\n\nGiá thu cũ lên đời\n\nXiaomi POCO X7 Pro 5G 12GB 256GB - Chỉ có tại CellphoneS\n\n\t\n\n9.090.000đ\n\n\t\n\n8.590.000đ\n\nXiaomi POCO X7 Pro 5G có mấy phiên bản?'
 'Xiaomi POCO X7 5G là mẫu điện thoại thuộc phân khúc tầm trung của Xiaomi sở hữu nhiều đặc điểm vượt trội như:\n\nDiện tích tản nhiệt\xa013780 mm²: Giúp máy giữ được nhiệt độ ổn định, kể cả khi sử dụng tác vụ nặng\n\nMàn hình cong 3D cùng\xa0100% DCI-P3: Hỗ trợ hiển thị hình ảnh chất lượng rõ nét và sống động\n\nChứng nhận\xa0TÜV Rheinland: Giúp đôi mắt người dùng thoải mái khi sử dụng lâu\n\nAI thông minh: Chụp, dựng phim và hỗ trợ chỉnh sửa hình ảnh\n\nSo sánh chi tiết\xa0Xiaomi POCO X7 5G với\xa0POCO X7 Pro 5G?']","Xiaomi POCO X7 5G phù hợp với nhiều đối tượng người dùng:

- Đối tượng trẻ tuổi và yêu thích hiệu năng cao.
- Người dùng có ngân sách hạn chế nhưng vẫn muốn sở hữu một chiếc điện thoại chất lượng.
- Những người quan tâm đến các tính năng thông minh như AI, chụp ảnh và chỉnh sửa hình ảnh.

Đây là mẫu smartphone phù hợp cho những ai đang tìm kiếm một thiết bị vừa phải giữa giá cả và hiệu suất.","Xiaomi POCO X7 5G phù hợp với người dùng yêu cầu hiệu năng ổn định, màn hình chất lượng cao và thiết kế thời thượng.",0.9999999999666667,,1.0,0.735504746944303
Thông số kỹ thuật nổi bật của Xiaomi POCO X7 5G là gì?,"['Công nghệ màn hình: AMOLED\n\nKích thước màn hình: 6.67 inches\n\nĐộ phân giải màn hình: 2712 x 1220 pixels\n\n**Giới thiệu sản phẩm:** Đặc điểm nổi bật của Xiaomi POCO X7 5G 12GB 512GB\n\nĐiện thoại Xiaomi POCO X7 5G nổi bật với hiệu năng mạnh mẽ từ Dimensity 7300-Ultra, RAM 12GB cùng màn hình AMOLED 120Hz và pin dung lượng lớn 5110 mAh. Máy còn sở hữu camera chính 50MP hỗ trợ OIS, mang đến khả năng chụp ảnh ổn định và sắc nét. Thiết kế điện thoại POCO mỏng nhẹ, sang trọng cùng khả năng kháng nước IP68 giúp máy phù hợp với nhu cầu sử dụng hàng ngày.\n\nNội dung chính'
 'Điểm nổi bật nằm ở công nghệ bộ nhớ mà Xiaomi POCO X7 Pro sử dụng. Máy sở hữu RAM chuẩn LPDDR5X thế hệ mới nhất, kết hợp với bộ nhớ trong UFS 4.0 tốc độ cực nhanh. Sự kết hợp này không chỉ mang lại hiệu suất vượt trội mà còn đảm bảo truy xuất dữ liệu siêu tốc.\n\nMặc dù không mở rộng được bộ nhớ ngoài, nhưng với dung lượng lưu trữ trong tối thiểu 256GB và tối đa 512GB, POCO X7 Pro 5G đã quá đầy đủ cho hầu hết mọi nhu cầu sử dụng hiện nay.\n\nMua điện thoại Xiaomi POCO X7 Pro 5G giá tốt tại CellphoneS'
 'Xiaomi POCO X7 5G là mẫu điện thoại thuộc phân khúc tầm trung của Xiaomi sở hữu nhiều đặc điểm vượt trội như:\n\nDiện tích tản nhiệt\xa013780 mm²: Giúp máy giữ được nhiệt độ ổn định, kể cả khi sử dụng tác vụ nặng\n\nMàn hình cong 3D cùng\xa0100% DCI-P3: Hỗ trợ hiển thị hình ảnh chất lượng rõ nét và sống động\n\nChứng nhận\xa0TÜV Rheinland: Giúp đôi mắt người dùng thoải mái khi sử dụng lâu\n\nAI thông minh: Chụp, dựng phim và hỗ trợ chỉnh sửa hình ảnh\n\nSo sánh chi tiết\xa0Xiaomi POCO X7 5G với\xa0POCO X7 Pro 5G?']","Thông số kỹ thuật nổi bật của Xiaomi POCO X7 5G bao gồm:

- RAM 12GB
- Màn hình AMOLED 120Hz
- Pin dung lượng lớn 5110 mAh
- Camera chính 50MP hỗ trợ OIS

Máy còn có hiệu năng mạnh mẽ từ Dimensity 7300-Ultra, giúp xử lý tác vụ nặng nhanh chóng.","Xiaomi POCO X7 5G có pin 5110mAh, chipset Dimensity 7300-Ultra, RAM 12GB, bộ nhớ trong 512GB, camera chính 50MP và màn hình AMOLED 6.67 inches với độ phân giải 2712 x 1220 pixels.",0.8333333332916666,,1.0,0.8465302944060022
Điện thoại Nothing Phone 2A Plus có giá bao nhiêu?,"['Giá bán điện thoại Nothing Phone 2a Plus bao nhiêu tiền?\n\nVề giá bán, Nothing Phone 2a Plus sẽ được bán với mức giá cận cao cấp, cụ thể từ 8 triệu đồng. Tùy vào từng cấu hình khác nhau thì giá bán sẽ có những sự chênh lệch nhất định. Chi tiết giá bán\xa0Nothing Phone 2a Plus tại CellphoneS vào\xa010/2025 như sau:\n\nTên sản phẩm\n\n\t\n\nGiá bán\n\n\t\n\nGiá thu cũ lên đời\n\nNothing Phone 2A Plus 5G 12GB 256GB - Chỉ có tại CellphoneS\n\n\t\n\n7.590.000đ\n\n\t\n\n7.090.000đ\n\nMua điện thoại Nothing Phone 2a Plus chính hãng tại CelphoneS'
 'Điện thoại Nothing Phone 2A có giá bao nhiêu?\n\nĐiện thoại Nothing Phone 2A được giới thiệu tại thị trường Châu Âu với mức giá khởi điểm từ EUR (khoảng 8,8 triệu VNĐ) cho phiên bản có dung lượng 128GB và RAM 8GB. Đối với những người dùng muốn có dung lượng lưu trữ và hiệu suất cao hơn, phiên bản 256GB với RAM 12GB có giá cao hơn.\xa0\n\nChi tiết giá bán các phiên bản của\xa0Nothing Phone 2A tại CellphoneS vào 10/2025 như sau:\n\nTên sản phẩm\n\n\t\n\nGiá bán\n\n\t\n\nGiá thu cũ lên đời\n\nNothing Phone 2A 5G 8GB 128GB - Chỉ có tại CellphoneS\n\n\t\n\n6.990.000đ\n\n\t\n\n6.490.000đ\n\n\n\n\nNothing Phone 2A 5G 12GB 256GB - Chỉ có tại CellphoneS\n\n\t\n\n8.190.000đ\n\n\t\n\n7.690.000đ\n\nĐiện thoại Nothing Phone 2A khi nào ra mắt?'
 'Thương hiệu điện thoại Anh: Chất lượng được đảm bảo cùng giá cả tối ưu\n\nSo sánh\xa0Nothing Phone 2a Plus với\xa0Nothing Phone 2a chi tiết\n\nSở hữu giá bán không có sự chênh lệch quá lớn, chỉ khoảng gần 1.5 triệu đồng vậy hai thế hệ điện thoại\xa0Nothing Phone này có điểm gì giống và khác, hãy cùng so sánh nhanh sau đây:\n\nThông số\n\n\t\n\nNothing Phone 2A Plus 5G 12GB 256GB - Chỉ có tại CellphoneS\n\n\t\n\nNothing Phone 2A 5G 12GB 256GB - Chỉ có tại CellphoneS\n\nKích thước màn hình\n\n\t\n\n6.7 inches\n\n\t\n\n6.7 inches\n\n\n\n\nCông nghệ màn hình\n\n\t\n\nFlexible AMOLED On-cell\n\n\t\n\nFlexible AMOLED On-cell\n\n\n\n\nCamera sau\n\n\t\n\nCamera chính: 50 MP, f/1.88, 1/1.57""\nCamera góc siêu rộng: 50 MP, f/2.2, 1/2.76""\n\n\t\n\n50 MP, f/1.88, 1/1.56""\n50 MP, f/2.2, 1/2.76"", 114° FOV']","Điện thoại Nothing Phone 2A Plus có giá khoảng 7.590.000đ khi mua chính hãng tại CellphoneS. Giá này bao gồm cả phí vận chuyển và bảo hành, phù hợp với người dùng muốn sở hữu một chiếc điện thoại cao cấp với cấu hình tốt.",Điện thoại Nothing Phone 2A Plus có giá 7.590.000đ.,0.9999999999,,0.3333333333333333,0.7239314163451965
Nothing Phone 2A Plus có những màu sắc nào?,"['1080 x 2412 pixels\n\n\t\n\n1080 x 2412 pixels\n\n\n\n\nTính năng màn hình\n\n\t\n\n1300 nits\n120 Hz, 1,07 tỷ màu\n\n\t\n\nCorning® Gorilla® Glass 5\nTỷ lệ tương phản: 1,000,000:1\n394 PPI\n1300 nits\n120 Hz\n\n\n\n\nLoại CPU\n\n\t\n\nUp to 3.0 GHz\n\n\t\n\nUp to 2.8 GHz\n\nNhư vậy, so với phiên bản 2A thì\xa02a Plus không có qua nhiều khác biệt. Cả hai đều sở hữu màn hình 6.7 inch trên tấm nền AMOLED. Camera chính 50MP cũng như viên pin lớn 5000 mAh cho thời lượng sử dụng bền bỉ. Điểm khác biệt lớn nhất là con chip, trong khi\xa0Nothing Phone 2a Plus hoạt động trên con chip MediaTek Dimensity 7350 Pro thì thế hệ 2A chỉ sở hữu CPU từ chip\xa0MediaTek Dimensity 7200 Pro.\n\nĐiện thoại Nothing Phone 2a Plus - Cấu hình mạnh với Dimensity 7350'
 '1300 nits\n120 Hz, 1,07 tỷ màu\n\n\n\n\nLoại CPU\n\n\t\n\nUp to 2.8 GHz\n\n\t\n\nUp to 3.0 GHz\n\nĐiện thoại Nothing Phone 2A - Độc lạ, cấu hình mạnh mẽ\n\nNothing Phone 2A là mẫu điện thoại mới nhất từ Nothing. Cấu hình phần cứng ấn tượng cùng hệ thống đèn LED thông minh đã giúp Nothing Phone 2A trở thành một sản phẩm nổi bật trong phân khúc tầm trung. Dưới này là chi tiết các thông số của Nothing Phone 2A mà khách hàng có thể tìm hiểu thêm nhé!\n\nXử lý mọi tác vụ với chip Dimensity 7200 Pro'
 'Điện thoại Nothing Phone 2a Plus khi nào ra mắt?\n\nNothing Phone 2a Plus là mẫu điện thoại chất lượng được chính thức trình làng vào tháng 7 năm 2024. Khi ra mắt, máy gây ấn tượng với một thiết kế độc đáo cùng các màu sắc bắt mắt. Kết hợp với một cấu hình mạnh giúp điện thoại có thể phù hợp với đa dạng các nhu cầu sử dụng. Vậy với những điểm vượt trội này thì giá bán sản phẩm bao nhiêu?\n\nGiá bán điện thoại Nothing Phone 2a Plus bao nhiêu tiền?']","Nothing Phone 2A Plus có màu sắc như sau:

- Đỏ
- Xanh lam
- Vàng

Giá bán điện thoại Nothing Phone 2a Plus bao nhiêu tiền?",Nothing Phone 2A Plus có hai màu sắc là Đen và Ghi.,0.0,,0.0,0.0
Thông số kỹ thuật nổi bật của Nothing Phone 2A Plus là gì?,"['1080 x 2412 pixels\n\n\t\n\n1080 x 2412 pixels\n\n\n\n\nTính năng màn hình\n\n\t\n\n1300 nits\n120 Hz, 1,07 tỷ màu\n\n\t\n\nCorning® Gorilla® Glass 5\nTỷ lệ tương phản: 1,000,000:1\n394 PPI\n1300 nits\n120 Hz\n\n\n\n\nLoại CPU\n\n\t\n\nUp to 3.0 GHz\n\n\t\n\nUp to 2.8 GHz\n\nNhư vậy, so với phiên bản 2A thì\xa02a Plus không có qua nhiều khác biệt. Cả hai đều sở hữu màn hình 6.7 inch trên tấm nền AMOLED. Camera chính 50MP cũng như viên pin lớn 5000 mAh cho thời lượng sử dụng bền bỉ. Điểm khác biệt lớn nhất là con chip, trong khi\xa0Nothing Phone 2a Plus hoạt động trên con chip MediaTek Dimensity 7350 Pro thì thế hệ 2A chỉ sở hữu CPU từ chip\xa0MediaTek Dimensity 7200 Pro.\n\nĐiện thoại Nothing Phone 2a Plus - Cấu hình mạnh với Dimensity 7350'
 'Cùng với đó, Nothing Phone 2a Plus còn sở hữu RAM 12GB giúp tối ưu khả năng đa nhiệm. Nhờ vậy người dùng có thể sử dụng nhiều tác vụ cùng lúc, tối ưu trải nghiệm làm việc và giải trí. Theo thông số từ hãng, máy có thể mang lại đến 805000 điểm hiệu năng trên Antutu, con số này lớn hơn rất nhiều so với chip Snapdragon (752750 điểm).\n\nKhông chỉ vậy, Nothing Phone 2a Plus còn được trang bị hệ thống tản nhiệt chất lỏng cùng tản nhiệt buồng hơi với diện tích đến 32000 mm2 giúp gia tăng khả năng tản nhiệt.\n\nCamera 50MP ấn tượng, AI hỗ trợ'
 'Điện thoại\xa0Nothing Phone 2A\xa0sở hữu nhiều đặc điểm nổi bật so với các sản phẩm trong cùng phân khúc giá để người dùng chọn mua, một vài điểm nổi bật phải kể đến như:\n\nThiết kế mặt lưng phát sáng: Thiết kế độc đáo, nổi bật mang đậm phong cách của\xa0Nothing Phone\n\nPin dung lượng 5000 mAh: Mang đến năng lượng sử dụng bền bỉ, kết hợp với sạc nhanh 45W\n\nCamera 50MP: Chụp ảnh chi tiết rõ nét\n\nThương hiệu Anh Quốc: Đảm bảo chất lượng cùng giá bán hợp lý\n\nSo sánh chi tiết\xa0Nothing Phone 2A với\xa0Nothing Phone 2A Plus\n\nThông số\n\n\t\n\nNothing Phone 2A 5G 8GB 128GB - Chỉ có tại CellphoneS\n\n\t\n\nNothing Phone 2A Plus 5G 12GB 256GB - Chỉ có tại CellphoneS']","Thông số kỹ thuật nổi bật của Nothing Phone 2A Plus bao gồm:

- CPU: Up to 3.0 GHz (tăng lên từ 2.8 GHz)
- RAM: 12GB, giúp tối ưu khả năng đa nhiệm và trải nghiệm sử dụng nhiều tác vụ cùng lúc.
- Pin dung lượng lớn: 5000 mAh, mang đến thời gian sử dụng lâu dài kết hợp với sạc nhanh 45W.
- Camera 50MP: Chụp ảnh chi tiết rõ nét.
- Hệ thống tản nhiệt chất lỏng và buồng hơi với diện tích lớn giúp tăng khả năng tản nhiệt.

Các điểm này so sánh với phiên bản 2A, chỉ có sự thay đổi nhỏ về CPU và RAM.","Nothing Phone 2A Plus sở hữu pin 5000 mAh, chip MediaTek Dimensity 7350 Pro 5G, RAM 12GB, bộ nhớ trong 256GB, và màn hình 6.7 inches với độ phân giải 1080 x 2412 pixels.",0.99999999995,,0.8333333333333334,0.7816085493987068
Điện thoại Itel P55 Plus NFC 8GB 256GB có giá bao nhiêu?,"['**Tên sán phẩm:** Điện thoại Itel P55 Plus NFC 8GB 256GB\n\n**Giá sản phẩm:** 2.990.000đ\n\n**Các màu của sản phẩm:** Xanh lá, Đen, Tím\n\n**Thông số sản phẩm:** Pin: 5000mAh\n\nChipset: Unisoc T606\n\nCamera sau: Camera góc rộng: 50 MP\n\nLoại CPU: Octa-core Processor\n\nCamera trước: 8 MP\n\nBộ nhớ trong: 256 GB\n\nCông nghệ NFC: Có\n\nDung lượng RAM: 8 GB\n\nHệ điều hành: Android 13\n\nTính năng màn hình: Tần số quét 90Hz\n\nKích thước màn hình: 6.6 inches\n\n**Giới thiệu sản phẩm:** Đặc điểm nổi bật của Điện thoại Itel P55 Plus NFC 8GB 256GB'
 'CellphoneS sẽ luôn cập nhật các tin tức mới nhất cũng như ngày ra mắt cụ thể trên trang tin công nghệ để bạn tiện theo dõi. Vì vậy hãy chờ đón mẫu smartphone bình dân này cập bến Việt Nam cùng CellphoneS để rinh ngay thiết bị sớm nhé!\n\nĐiện thoại Itel P55 Plus giá bán bao nhiêu tiền?\n\nĐiện thoại Itel P55 Plus có giá bán tại Ấn Độ khoảng 9.499 Rs tương đương khoảng 2 đến 4 triệu tùy từng phiên bản bộ nhớ. Đây là giá bán tại thị trường Ấn, dự kiến về Việt Nam giá sẽ có thay đổi, chênh lệch đôi chút.'
 'Nếu bạn cũng quan tâm về giá của smartphone Itel P55 Plus, hãy bình luận bên dưới để CellphoneS báo giá ngay khi có thông tin chính thức đến bạn nhé! Ngoài ra CellphoneS cũng sẽ có giá tốt, khuyến mãi ngay khi có hàng nên khách hàng hãy theo dõi để cập nhật giá mới.\n\nMua điện thoại Itel P55 Plus giá rẻ cùng nhiều đặc quyền hấp dẫn tại CellphoneS\n\nĐiện thoại Itel P55 Plus sẽ đem đến những trải nghiệm tốt cùng phân khúc giá bình dân dễ dàng tiếp cận. Tại CellphoneS, khách hàng có thể đến và trải nghiệm sản phẩm cũng như sở hữu sản phẩm với giá cực tốt kèm nhiều chiết khấu tốt, tiết kiệm.']",Điện thoại Itel P55 Plus NFC 8GB 256GB có giá bán tại Việt Nam khoảng 2.990.000đ. Giá này có thể thay đổi tùy thuộc vào phiên bản bộ nhớ và màu sắc bạn chọn mua.,Điện thoại Itel P55 Plus NFC 8GB 256GB có giá 2.990.000đ.,0.99999999995,,1.0,0.0
Điện thoại Itel P55 Plus NFC 8GB 256GB có những màu sắc nào?,"['**Tên sán phẩm:** Điện thoại Itel P55 Plus NFC 8GB 256GB\n\n**Giá sản phẩm:** 2.990.000đ\n\n**Các màu của sản phẩm:** Xanh lá, Đen, Tím\n\n**Thông số sản phẩm:** Pin: 5000mAh\n\nChipset: Unisoc T606\n\nCamera sau: Camera góc rộng: 50 MP\n\nLoại CPU: Octa-core Processor\n\nCamera trước: 8 MP\n\nBộ nhớ trong: 256 GB\n\nCông nghệ NFC: Có\n\nDung lượng RAM: 8 GB\n\nHệ điều hành: Android 13\n\nTính năng màn hình: Tần số quét 90Hz\n\nKích thước màn hình: 6.6 inches\n\n**Giới thiệu sản phẩm:** Đặc điểm nổi bật của Điện thoại Itel P55 Plus NFC 8GB 256GB'
 'Tính năng màn hình: Tần số quét 90Hz\n\nKích thước màn hình: 6.6 inches\n\n**Giới thiệu sản phẩm:** Đặc điểm nổi bật của Itel P55 Plus 8GB 128GB\n\nĐiện thoại Itel P55 Plus có kiểu dáng hợp xu hướng, đơn giản với độ mỏng 8mm cùng các phiên bản màu thời trang và cụm camera ở mặt lưng nổi bật. Máy trang bị chip Unisoc T606, RAM 8GB, bộ nhớ 128GB xử lý tác vụ nhanh và mượt. Chụp ảnh nét với cảm biến chính 50MP, camera trước 8MP đa tính năng như Panorama, chân dung AI, Timeslape,… Màn hình 90Hz HD+ sắc nét và thời lượng siêu trâu với pin 5000mAh, sạc nhanh 45W.\n\nNội dung chính'
 'Ngoài ra với mức phân giải HD+ 720 x 1612, màn hình sẽ hiển thị sắc nét hơn cùng mật độ điểm ảnh tốt sẽ cho bạn những khung hình luôn rõ ràng. Bên cạnh đó, tấm nền IPS LCD còn có tương phản cao vì vậy hình ảnh cũng sẽ có chiều sâu hơn cho bạn tận hưởng hình ảnh đẹp mắt.\n\nNgoại hình đơn giản, hợp xu hướng cùng các phiên bản màu sắc thời trang\n\nKiểu dáng của điện thoại Itel I55 Plus ghi điểm với phong cách đơn giản và hợp xu hướng với màu sắc tinh tế, trẻ trung. Tổng thể của máy mỏng nhẹ chỉ 8mm và bo cong 4 góc để vừa vặn trên tay, thoải mái thao tác.']","Điện thoại Itel P55 Plus NFC 8GB 256GB có màu sắc là Xanh lá, Đen và Tím.","Điện thoại Itel P55 Plus NFC 8GB 256GB có các màu: Xanh lá, Đen, Tím.",0.8333333332916666,,1.0,0.787865503535993
Thông số kỹ thuật nổi bật của điện thoại Itel P55 Plus NFC là gì?,"['**Tên sán phẩm:** Điện thoại Itel P55 Plus NFC 8GB 256GB\n\n**Giá sản phẩm:** 2.990.000đ\n\n**Các màu của sản phẩm:** Xanh lá, Đen, Tím\n\n**Thông số sản phẩm:** Pin: 5000mAh\n\nChipset: Unisoc T606\n\nCamera sau: Camera góc rộng: 50 MP\n\nLoại CPU: Octa-core Processor\n\nCamera trước: 8 MP\n\nBộ nhớ trong: 256 GB\n\nCông nghệ NFC: Có\n\nDung lượng RAM: 8 GB\n\nHệ điều hành: Android 13\n\nTính năng màn hình: Tần số quét 90Hz\n\nKích thước màn hình: 6.6 inches\n\n**Giới thiệu sản phẩm:** Đặc điểm nổi bật của Điện thoại Itel P55 Plus NFC 8GB 256GB'
 'Tuy là sản phẩm điện thoại giá rẻ, tuy nhiên\xa0Itel P55 Plus vẫn sở hữu nhiều điểm nổi bật đáng để chọn mua như:\n\nSạc siêu tốc 45W: Giúp bổ sung năng lượng nhanh chóng, 10 phút sạc bổ sung 25% năng lượng pin\n\nRAM mở rộng: Hỗ trợ tối ưu khả năng đa nhiệm\n\nThiết kế da thuần chạy: Sang trọng nhưng vẫn an toàn, bảo vệ môi trường\n\nSo sánh điện thoại\xa0Itel P55 Plus với\xa0Itel P55 - Có gì khác biệt\n\nP55 Plus với Itel P55 có điêm gì khác biệt không, nên chọn mua điện thoại nào khi phân vân giữa hai dòng máu nào? Để biết chi tiết thì hãy cùng so sánh nhanh:\n\nThông số\n\n\t\n\nItel P55 Plus 8GB 128GB\n\n\t\n\nItel P55 8GB 128GB NFC'
 'Tính năng màn hình\n\n\t\n\nTần số quét 90Hz\n\n\t\n\nTần số quét 90Hz\nTỷ lệ 20:9 (mật độ ~ 267 ppi)\n\n\n\n\nLoại CPU\n\n\t\n\nOcta-core Processor\n\n\t\n\n2x1.6 GHz Cortex-A75 & 6x1.6 GHz Cortex-A55\n\nNhư vậy so với\xa0Itel P55 thì cấu hình\xa0Itel P55 Plus không có quá nhiều khác biệt. Tuy nhiên\xa0Itel P55 Plus sẽ sở hữu sạc nhanh công suất lớn hơn do đó nếu người mua muốn một mẫu điện thoại với dung lượng thoái mái thì\xa0Itel P55 Plus sẽ là lựa chọn phù hợp hơn.\n\nĐiện thoại Itel P55 Plus – Smartphone bình dân hiệu năng đáng trải nghiệm']","Điện thoại Itel P55 Plus NFC nổi bật với các thông số sau:

- Pin 5000mAh
- Chipset Unisoc T606
- Camera sau 50 MP
- Octa-core Processor
- Camera trước 8 MP
- Bộ nhớ trong 256 GB
- Công nghệ NFC
- Dung lượng RAM 8 GB
- Hệ điều hành Android 13
- Tần số quét màn hình 90Hz

So với Itel P55, điện thoại này có sạc nhanh hơn do công suất lớn hơn. Nếu bạn muốn một mẫu điện thoại với dung lượng lưu trữ lớn hơn, thì Itel P55 Plus là lựa chọn phù hợp hơn.","Điện thoại Itel P55 Plus NFC có pin 5000mAh, chipset Unisoc T606, camera sau 50 MP, camera trước 8 MP, bộ nhớ trong 256 GB, RAM 8 GB, hệ điều hành Android 13 và màn hình 6.6 inches với tần số quét 90Hz.",0.9999999999666667,,1.0,0.7099894019959807
Điện thoại ZTE Nubia Z60S Pro có giá bao nhiêu?,"['ZTE nubia Z60S Pro có giá bán bao nhiêu?\n\nMức giá khởi điểm của điện thoại ZTE nubia Z60S Pro khoảng 10 triệu đồng cho phiên bản 8GB RAM + 256GB bộ nhớ trong. Nếu cần dung lượng lớn hơn, người dùng có thể lựa chọn phiên bản 12GB + 256GB với giá khoảng 11 triệu đồng.\n\nNgoài ra, ZTE nubia Z60S Pro còn có phiên bản cao cấp 16GB + 1TB, dành cho những ai cần không gian lưu trữ rộng rãi, với mức giá chưa đến 15 triệu đồng. Với nhiều tùy chọn cấu hình, sản phẩm phù hợp với cả người dùng phổ thông lẫn những ai yêu thích công nghệ.\n\nĐăng ký nhận thông tin về hàng điện thoại ZTE nubia Z60S Pro chính hãng tại CellphoneS'
 'Điện thoại nubia Z60S Pro khi nào ra mắt?\n\nZTE nubia Z60S Pro đã chính thức trình làng vào ngày 23/07, tiếp nối sự thành công của dòng ZTE nubia Z50S Pro. Sự kiện ra mắt đánh dấu bước tiến mới của ZTE trong phân khúc smartphone cao cấp, mang đến nhiều nâng cấp đáng chú ý.\n\nVới những cải tiến về phần cứng lẫn phần mềm, điện thoại này nhanh chóng thu hút sự quan tâm từ người dùng đam mê công nghệ. Sản phẩm không chỉ kế thừa những ưu điểm từ thế hệ trước mà còn bổ sung những tính năng mới.\n\nZTE nubia Z60S Pro có giá bán bao nhiêu?'
 'Đăng ký nhận thông tin về hàng điện thoại ZTE nubia Z60S Pro chính hãng tại CellphoneS\n\nNhanh tay đặt mua điện thoại ZTE nubia Z60S Pro chính hãng tại CellphoneS để trải nghiệm hiệu năng mạnh mẽ và thiết kế đẳng cấp. Sản phẩm được bảo hành chính hãng, đảm bảo sự yên tâm khi sử dụng. Đặc biệt, CellphoneS áp dụng chính sách 1 đổi 1 trong 30 ngày nếu phát sinh lỗi phần cứng từ nhà sản xuất. Nhanh tay sở hữu sản phẩm với mức giá hấp dẫn cùng nhiều ưu đãi độc quyền tại CellphoneS ngay hôm nay!\n\nXem thêm']","ZTE nubia Z60S Pro có giá bán khoảng 10 triệu đồng cho phiên bản 8GB RAM + 256GB bộ nhớ trong. Nếu cần dung lượng lớn hơn, người dùng có thể lựa chọn phiên bản 12GB + 256GB với giá khoảng 11 triệu đồng.",Giá sản phẩm ZTE Nubia Z60S Pro là 9.990.000đ.,0.9999999999,,1.0,0.8071704045419826
ZTE Nubia Z60S Pro có những màu sắc nào?,"['**Tên sán phẩm:** ZTE Nubia Z60S Pro 16GB 512GB\n\n**Giá sản phẩm:** 11.990.000đ\n\n**Các màu của sản phẩm:** Đen, Xanh, Trắng\n\n**Thông số sản phẩm:** Pin: 5100 mAh\n\nChipset: Snapdragon 8 Gen 2 (4 nm)\n\nThẻ SIM: 2 Nano-SIM\n\nCamera sau: Camera chính: 50MP, f/1.56\nCamera Tele: 8MP, f/2.4\nCamera góc siêu rộng: 50MP\n\nCamera trước: 16MP, f/2.45\n\nBộ nhớ trong: 512 GB\n\nCông nghệ NFC: Có\n\nDung lượng RAM: 16 GB\n\nHệ điều hành: Android 14\n\nTính năng màn hình: Tần số quét 120 Hz, 1200 nits, 452PPI, 100% DCI-P3, 1,07 tỷ màu sắc\n\nCông nghệ màn hình: AMOLED\n\nKích thước màn hình: 6.78 inches\n\nĐộ phân giải màn hình: 2160 x 1440 pixels\n\n**Giới thiệu sản phẩm:** Đặc điểm nổi bật của ZTE Nubia Z60S Pro 16GB 512GB'
 'Điện thoại Nubia V60 Design được ZTE giới thiệu với 3 tuỳ chọn màu sắc là Dark Blue, Sunrise Violet và Champagne Gold. Nhờ việc sở hữu đa dạng màu sắc này mà dòng điện thoại giá rẻ của ZTE này sẽ phù hợp để người dùng thuộc mọi giới tính, độ tuổi sử dụng.\n\nGiá điện thoại Nubia V60 Design bao nhiêu?'
 'Màn hình 6.8 inch\xa0AMOLED 1,5K 120Hz: Hiển thị hình ảnh mượt mà và màu sắc sống động\n\nĐiện thoại ZTE nubia Z60S Pro – Sang trọng, thu hút mọi ánh nhìn\n\nVới thiết kế đẹp, màn hình xuất sắc, điện thoại ZTE nubia Z60S Pro là một lựa chọn tuyệt vời. Đặc biệt, nếu như yêu thích nhiếp ảnh di động hoặc cần một thiết bị mạnh mẽ để chơi game, đây sẽ là sản phẩm đáng cân nhắc.\n\nĐáp ứng ổn định mọi nhu cầu với chip Snapdragon']","ZTE Nubia Z60S Pro có 3 màu sắc chính là Dark Blue, Sunrise Violet và Champagne Gold.",ZTE Nubia Z60S Pro có màu xanh.,0.9999999999,1.0,0.0,0.7756358828372575
ZTE Nubia Z60S Pro phù hợp với ai?,"['Màn hình 6.8 inch\xa0AMOLED 1,5K 120Hz: Hiển thị hình ảnh mượt mà và màu sắc sống động\n\nĐiện thoại ZTE nubia Z60S Pro – Sang trọng, thu hút mọi ánh nhìn\n\nVới thiết kế đẹp, màn hình xuất sắc, điện thoại ZTE nubia Z60S Pro là một lựa chọn tuyệt vời. Đặc biệt, nếu như yêu thích nhiếp ảnh di động hoặc cần một thiết bị mạnh mẽ để chơi game, đây sẽ là sản phẩm đáng cân nhắc.\n\nĐáp ứng ổn định mọi nhu cầu với chip Snapdragon'
 'Đáp ứng ổn định mọi nhu cầu với chip Snapdragon\n\nZTE nubia Z60S Pro được trang bị vi xử lý Snapdragon 8 Gen 2, mang lại khả năng xử lý mượt mà cho các tác vụ từ cơ bản đến nâng cao. Với dung lượng RAM lên đến 12GB, thiết bị có thể chạy nhiều ứng dụng cùng lúc mà không bị giật lag.\n\nBộ nhớ trong lên tới 256GB giúp lưu trữ thoải mái dữ liệu, hình ảnh, video mà không lo đầy bộ nhớ. Kết hợp với hệ điều hành tối ưu, máy mang lại trải nghiệm sử dụng ổn định, phù hợp cho cả những người dùng yêu cầu cao về hiệu năng.\n\nTrải nghiệm nhiếp ảnh như chuyên gia với độ phân giải cao'
 'ZTE nubia Z60S Pro có giá bán bao nhiêu?\n\nMức giá khởi điểm của điện thoại ZTE nubia Z60S Pro khoảng 10 triệu đồng cho phiên bản 8GB RAM + 256GB bộ nhớ trong. Nếu cần dung lượng lớn hơn, người dùng có thể lựa chọn phiên bản 12GB + 256GB với giá khoảng 11 triệu đồng.\n\nNgoài ra, ZTE nubia Z60S Pro còn có phiên bản cao cấp 16GB + 1TB, dành cho những ai cần không gian lưu trữ rộng rãi, với mức giá chưa đến 15 triệu đồng. Với nhiều tùy chọn cấu hình, sản phẩm phù hợp với cả người dùng phổ thông lẫn những ai yêu thích công nghệ.\n\nĐăng ký nhận thông tin về hàng điện thoại ZTE nubia Z60S Pro chính hãng tại CellphoneS']","ZTE Nubia Z60S Pro phù hợp với nhiều đối tượng:

1. Người dùng yêu thích nhiếp ảnh di động và muốn trải nghiệm chất lượng hình ảnh cao.
2. Cảm thấy thoải mái khi sử dụng công nghệ Snapdragon 8 Gen 2, cho hiệu năng ổn định.
3. Có nhu cầu lưu trữ lớn để chứa dữ liệu, hình ảnh và video.
4. Tìm kiếm một thiết bị mạnh mẽ để chơi game hoặc thực hiện các tác vụ cần nhiều RAM.

Đây là sản phẩm đáng cân nhắc cho những người dùng yêu thích công nghệ và muốn trải nghiệm hiệu năng tốt nhất từ Snapdragon 8 Gen 2.","ZTE Nubia Z60S Pro phù hợp với những người yêu thích nhiếp ảnh di động, cần một thiết bị mạnh mẽ để chơi game, và những ai yêu cầu cao về hiệu năng.",0.9999999999666667,,1.0,0.7349738964915881
Điện thoại Samsung Galaxy M55 5G 8GB 256GB có giá bao nhiêu?,"['Điện thoại Samsung Galaxy M55 5G 8GB 256GB giá bao nhiêu?\n\nHiện nay, giá bán của điện thoại Samsung Galaxy M55 5G 8GB 256GB có mức giá dao động trong khoảng 9 – 11 triệu đồng tại thị trường Việt Nam. Mức giá này có thể thay đổi tùy thuộc vào từng thị trường, chế độ khuyến mãi từ nhà bán lẻ hoặc các đợt giảm giá của Samsung.\xa0\n\nNgoài ra, các hệ thống bán lẻ lớn như CellphoneS thường có các ưu đãi đi kèm hỗ trợ trả góp 0% nhằm giúp người dùng dễ dàng tiếp cận sản phẩm hơn. Bên cạnh đó, người dùng có thể theo dõi thông tin từ các đại lý bán lẻ chính hãng để cập nhật giá bán chính xác và những ưu đãi hấp dẫn.'
 'Phiên bản 8GB RAM/256GB bộ nhớ trong: Khoảng từ gần 7.5 triệu - gần 8 triệu đồng\n\nPhiên bản 12GB RAM/256GB bộ nhớ trong: Khoảng từ 8.5 triệu đồng - hơn 9 triệu đồng.\n\nTên sản phẩm\n\n\t\n\nGiá bán\n\n\t\n\nGiá thu cũ lên đời\n\nSamsung Galaxy M55 5G 8GB 256GB\n\n\t\n\n6.990.000đ\n\n\t\n\n6.490.000đ\n\n\n\n\nSamsung Galaxy M55 12GB 256GB\n\n\t\n\n7.790.000đ\n\n\t\n\n7.290.000đ\n\nMức giá Samsung M55 có thể linh hoạt điều chỉnh theo thị trường và thời điểm đặt mua. Người sử dụng nên liên hệ trực tiếp với các cửa hàng điện thoại uy tín để có thông tin giá chính xác và các chương trình khuyến mãi hiện có.\n\nSamsung M55 ra mắt khi nào?'
 'Samsung Galaxy M55 5G vừa chính thức ra mắt trong năm 2024 và nhanh chóng thu hút sự chú ý nhờ cấu hình mạnh mẽ cùng nhiều tính năng cao cấp. Hiện tại, sản phẩm đã được giới thiệu tại một số thị trường và đang dần mở bán trên toàn cầu, bao gồm Việt Nam.\xa0\n\nVới mức giá ưu đãi và nhiều tính năng thông minh, Galaxy M55 5G trở thành lựa chọn đáng giá cho phân khúc tầm trung này. Người dùng có thể đặt mua ngay Samsung Galaxy M55 5G tại các hệ thống bán lẻ chính hãng, đi kèm chế độ bảo hành đầy đủ từ Samsung Việt Nam.\n\nĐiện thoại Samsung Galaxy M55 5G 8GB 256GB giá bao nhiêu?']",Điện thoại Samsung Galaxy M55 5G 8GB 256GB có giá dao động từ khoảng 7.5 triệu đồng đến hơn 9 triệu đồng tùy thuộc vào thị trường và khuyến mãi. Giá bán chính xác bạn nên tham khảo trực tiếp tại các cửa hàng điện thoại uy tín hoặc liên hệ Samsung Việt Nam để nhận thông tin mới nhất.,Giá bán của điện thoại Samsung Galaxy M55 5G 8GB 256GB dao động trong khoảng 6.990.000đ.,0.5833333333041666,,0.5,0.0
Điện thoại Samsung Galaxy M55 5G 8GB 256GB có những màu nào?,"['Thiết kế hiện đại, mỏng nhẹ thanh lịch\n\nĐiện thoại Samsung Galaxy M55 5G 8GB 256GB sở hữu thiết kế mỏng nhẹ với độ dày chỉ 7.8mm và trọng lượng 180g, dễ cầm nắm và sử dụng mà không gây cảm giác mỏi tay. Mặt lưng của máy sở hữu thiết kế tối giản, mang lại vẻ ngoài tinh tế, cao cấp, không thua kém các mẫu flagship. Cụm camera được bố trí gọn gàng, hài hòa với tổng thể, tạo nên một thiết kế đẹp mắt và hiện đại.\xa0\n\nHệ thống camera sắc nét, chất lượng cao'
 'Điện thoại Samsung Galaxy M55 5G 8GB 256GB có cấu hình gồm 1 x Cortex-A710 2.4GHz, 3 x Cortex-A710 2.36GHz và 4 x Cortex-A510 1.8GHz, kết hợp với GPU Adreno 644. Điện thoại Samsung Galaxy M55 5G còn đi kèm với RAM 8GB và bộ nhớ trong 256GB, mang lại khả năng đa nhiệm mượt mà, lưu trữ thoải mái.\n\nThiết kế hiện đại, mỏng nhẹ thanh lịch'
 'So sánh điện thoại Samsung Galaxy M55 5G 8GB 256GB và Samsung Galaxy M54 5G 8GB 256GB\n\nHai mẫu mới nhất của dòng Samsung Galaxy M là Samsung Galaxy M55 5G và Samsung Galaxy M54 5G đều sở hữu cấu hình ấn tượng cùng thông số RAM 8GB. Tuy nhiên, giữa hai mẫu này vẫn tồn tại một số khác biệt về thiết kế, hiệu suất và vài tính năng riêng.\n\nThông số\n\n\t\n\nSamsung Galaxy M55 5G 8GB 256GB\n\n\t\n\nSamsung Galaxy M54 5G\n\nKích thước màn hình\n\n\t\n\n6.7 inches\n\n\t\n\n6.7 inches\n\n\n\n\nCông nghệ màn hình\n\n\t\n\nSuper AMOLED Plus\n\n\t\n\nSuper AMOLED Plus\n\n\n\n\nCamera sau\n\n\t\n\nCamera góc rộng: 50 MP, f/1.8, 1/1.56"", 1.0µm, PDAF, OIS\nCamera góc siêu rộng: 8 MP, f/2.2, 123˚\nCamera macro: 2 MP, f/2.4\n\n\t\n\nCamera góc rộng: 108MP, f/1.8, PDAF, OIS\nCamera góc siêu rộng: 8MP, f/2.2, 1/4"", 1.12µm\nCamera macro: 2 MP, f/2.4']","Dựa trên thông tin trong các tài liệu, Samsung Galaxy M55 5G 8GB 256GB có màu sắc như sau:

- Trắng
- Đen
- Xanh dương

Tuy nhiên, không có thông tin cụ thể về màu sắc của sản phẩm. Bạn nên kiểm tra trực tiếp trên trang web hoặc cửa hàng để đảm bảo bạn nhận được màu sắc mong muốn.",Sản phẩm có hai màu: Xanh lá và Đen.,0.0,,0.3333333333333333,0.0
Thông số kỹ thuật nổi bật của Samsung Galaxy M55 5G 8GB 256GB là gì?,"['Điện thoại Samsung Galaxy M55 5G 8GB 256GB có cấu hình gồm 1 x Cortex-A710 2.4GHz, 3 x Cortex-A710 2.36GHz và 4 x Cortex-A510 1.8GHz, kết hợp với GPU Adreno 644. Điện thoại Samsung Galaxy M55 5G còn đi kèm với RAM 8GB và bộ nhớ trong 256GB, mang lại khả năng đa nhiệm mượt mà, lưu trữ thoải mái.\n\nThiết kế hiện đại, mỏng nhẹ thanh lịch'
 'Tính năng màn hình: Tần số quét 120Hz, 1000 nits\n\nCông nghệ màn hình: Super AMOLED Plus\n\nKích thước màn hình: 6.7 inches\n\nĐộ phân giải màn hình: 1080 x 2400 pixels (FullHD+)\n\n**Giới thiệu sản phẩm:** Đặc điểm nổi bật của Samsung Galaxy M55 5G 8GB 256GB\n\nĐiện thoại Samsung Galaxy M55 5G 8GB 256GB được trang bị màn hình Super AMOLED Plus 6.7 inch FullHD+, chất lượng sắc nét, mượt mà với tần số quét 120Hz. Sản phẩm Samsung Galaxy M trang bị chip Snapdragon 7 Gen 1 cùng 8GB RAM và 256GB bộ nhớ trong, chạy mượt mà mọi tác vụ.\xa0\n\nNội dung chính'
 'Thiết kế hiện đại, mỏng nhẹ thanh lịch\n\nĐiện thoại Samsung Galaxy M55 5G 8GB 256GB sở hữu thiết kế mỏng nhẹ với độ dày chỉ 7.8mm và trọng lượng 180g, dễ cầm nắm và sử dụng mà không gây cảm giác mỏi tay. Mặt lưng của máy sở hữu thiết kế tối giản, mang lại vẻ ngoài tinh tế, cao cấp, không thua kém các mẫu flagship. Cụm camera được bố trí gọn gàng, hài hòa với tổng thể, tạo nên một thiết kế đẹp mắt và hiện đại.\xa0\n\nHệ thống camera sắc nét, chất lượng cao']","Samsung Galaxy M55 5G 8GB 256GB nổi bật với cấu hình gồm 1 x Cortex-A710 2.4GHz, 3 x Cortex-A710 2.36GHz và 4 x Cortex-A510 1.8GHz kết hợp với GPU Adreno 644. RAM 8GB và bộ nhớ trong 256GB mang lại khả năng đa nhiệm mượt mà và lưu trữ thoải mái.

Đặc điểm nổi bật khác của sản phẩm này bao gồm màn hình Super AMOLED Plus 6.7 inch FullHD+, tần số quét 120Hz, chất lượng sắc nét và mượt mà với độ phân giải 1080 x 2400 pixels (FullHD+). Sản phẩm còn được trang bị chip Snapdragon 7 Gen 1 cùng hệ thống camera sắc nét, tạo nên một thiết kế hiện đại, mỏng nhẹ với độ dày chỉ 7.8mm và trọng lượng 180g.

Thông số kỹ thuật này giúp sản phẩm Samsung Galaxy M55 5G 8GB 256GB đáp ứng nhu cầu sử dụng hàng ngày của người dùng, đồng thời mang lại trải nghiệm tốt nhất cho người dùng.","Samsung Galaxy M55 5G 8GB 256GB có pin 5000 mAh, chipset Qualcomm Snapdragon 7 Gen 1, RAM 8GB, bộ nhớ trong 256GB, màn hình Super AMOLED Plus 6.7 inches với độ phân giải 1080 x 2400 pixels và tần số quét 120Hz.",0.49999999995,0.8333333333333334,0.8333333333333334,0.8131435750115793
Samsung Galaxy S25 FE 8GB 512GB có giá bao nhiêu?,"['**Tên sán phẩm:** Samsung Galaxy S25 FE 8GB 512GB\n\n**Giá sản phẩm:** 17.390.000đ\n\n**Các màu của sản phẩm:** Xanh navy, Trắng\n\n**Thông số sản phẩm:** Pin: 4900 mAh\n\nChipset: Exynos 2400\n\nThẻ SIM: 2 Nano-SIM + eSIM\n\nCamera sau: 50MP, f/1.8 góc rộng\n12MP, f/2.2 góc siêu rộng\n8MP, f/2.4 Tele\n\nLoại CPU: 10 nhân (3.2 GHz, 2.9 GHz, 2.6 GHz, 1.95 GHz)\n\nCamera trước: 12MP, f/2.2\n\nBộ nhớ trong: 512 GB\n\nCông nghệ NFC: Có\n\nDung lượng RAM: 8 GB\n\nHệ điều hành: Android 16, One UI 8\n\nTính năng màn hình: Độ sáng tối đa 1900 nits\nGorilla® Victus+\n16 triệu màu\n\nCông nghệ màn hình: Dynamic AMOLED 2X\n\nKích thước màn hình: 6.7 inches\n\nĐộ phân giải màn hình: 1080 x 2340 pixels (FullHD+)\n\n**Giới thiệu sản phẩm:** Đặc điểm nổi bật của Samsung Galaxy S25 FE 8GB 512GB'
 'Điện thoại Samsung Galaxy S25 FE có giá bán khởi điểm từ\xa016,690,000 đồng cho phiên 128GB. Khi mở bán, máy sẽ có ba tùy chọn bộ nhớ là 128GB, 256GB và S25 FE 512GB\xa0với mỗi phiên bản sẽ có mức giá bán khác nhau\n\nTên sản phẩm\n\n\t\n\nGiá bán\n\n\t\n\nGiá thu cũ lên đời\n\nSamsung Galaxy S25 FE 8GB 128GB\n\n\t\n\n14.390.000đ\n\n\t\n\n13.390.000đ\n\n\n\n\nSamsung Galaxy S25 FE 8GB 512GB\n\n\t\n\n17.390.000đ\n\n\t\n\n16.390.000đ\n\nVì sao nên mua\xa0Samsung Galaxy S25 FE?\n\nS25 FE là mẫu điện thoại mới được Samsung trình làng nửa cuối năm 2025. Mẫu điện thoại này khi ra mắt sở hữu nhiều đặc điểm nổi bật như:\n\nGalaxy AI: Trợ lý chụp ảnh chuyên nghiệp, trợ lý ghi chú tiện lợi'
 'Mua Samsung Galaxy S25 FE 8GB 512GB giá tốt tại CellphoneS\n\nSamsung Galaxy S25 FE 8GB 512GB hiện đã có mặt với mức giá hấp dẫn tại hệ thống CellphoneS. Khi mua tại đây, khách hàng được đảm bảo máy chính hãng, đầy đủ phụ kiện từ nhà sản xuất. Trong các dịp sale lớn trong năm như Black Friday, Tết hay Back to School, CellphoneS thường mang đến nhiều khuyến mãi. Chưa hết, dịch vụ giao hàng toàn quốc tại hệ thống sẽ giúp khách hàng có thể dễ dàng sở hữu mẫu máy.\xa0\n\nXem thêm']",Samsung Galaxy S25 FE 8GB 512GB có giá là 17.390.000đ.,Giá sản phẩm là 17.390.000đ.,0.9999999999666667,,1.0,0.8283432693098699
Samsung Galaxy S25 FE 8GB 512GB phù hợp với ai?,"['Nội dung chính\n\n1. Samsung Galaxy S25 FE 8GB 512GB - Hiệu năng mạnh mẽ, bộ nhớ siêu lớn\n1.1. Exynos 2400 cho hiệu năng ổn định\n1.2. Thiết kế mỏng nhẹ\n1.3. Bộ ba camera đa dụng, chụp ảnh nét mịn\n1.4. Pin 4900mAh, sạc nhanh 45W tiện lợi\n2. Mua Samsung Galaxy S25 FE 8GB 512GB giá tốt tại CellphoneS\nSamsung Galaxy S25 FE 8GB 512GB - Hiệu năng mạnh mẽ, bộ nhớ siêu lớn\n\nSamsung Galaxy S25 FE 8GB 512GB là lựa chọn lý tưởng cho người dùng cần một thiết bị vừa mạnh mẽ vừa có dung lượng lưu trữ rộng rãi. Máy cân bằng giữa hiệu năng, thiết kế sang trọng cùng những nâng cấp quan trọng về camera và pin, phù hợp cho nhu cầu sử dụng lâu dài.\n\nExynos 2400 cho hiệu năng ổn định'
 'Mua Samsung Galaxy S25 FE 8GB 512GB giá tốt tại CellphoneS\n\nSamsung Galaxy S25 FE 8GB 512GB hiện đã có mặt với mức giá hấp dẫn tại hệ thống CellphoneS. Khi mua tại đây, khách hàng được đảm bảo máy chính hãng, đầy đủ phụ kiện từ nhà sản xuất. Trong các dịp sale lớn trong năm như Black Friday, Tết hay Back to School, CellphoneS thường mang đến nhiều khuyến mãi. Chưa hết, dịch vụ giao hàng toàn quốc tại hệ thống sẽ giúp khách hàng có thể dễ dàng sở hữu mẫu máy.\xa0\n\nXem thêm'
 'Thiết kế mỏng nhẹ\n\nSamsung Galaxy S25 FE 8GB 512GB gây ấn tượng với ngoại hình mỏng nhẹ chỉ 7.4 mm và trọng lượng khoảng 190 g, mang lại cảm giác cầm nắm thoải mái. Khung Armor Aluminum cứng cáp cùng mặt kính sang trọng giúp máy bền bỉ và hiện đại.\n\nMáy đạt chuẩn kháng nước bụi IP68, cho phép sử dụng an tâm trong nhiều điều kiện môi trường. Kích thước màn hình 6.7 inch Dynamic AMOLED 2X với tần số quét 120Hz cũng góp phần tạo nên sự cân đối giữa thiết kế thanh thoát và trải nghiệm thị giác cao cấp.\n\nBộ ba camera đa dụng, chụp ảnh nét mịn']","Samsung Galaxy S25 FE 8GB 512GB phù hợp với những người dùng cần một thiết bị mạnh mẽ và có dung lượng lưu trữ lớn. Nó đáp ứng nhu cầu sử dụng hiện đại, cho phép bạn chụp ảnh đẹp và chơi game thoải mái. Máy cũng dễ dàng bảo vệ bằng cách đạt chuẩn IP68 chống nước bụi, nên bạn có thể an tâm sử dụng trong nhiều điều kiện môi trường.","Máy phù hợp cho người dùng cần một thiết bị vừa mạnh mẽ vừa có dung lượng lưu trữ rộng rãi, thích hợp cho công việc và giải trí.",0.9999999999666667,,1.0,0.5960824632397784
Thông số kỹ thuật nổi bật của Samsung Galaxy S25 FE 8GB 512GB là gì?,"['Kích thước màn hình: 6.7 inches\n\nĐộ phân giải màn hình: 1080 x 2340 pixels (FullHD+)\n\n**Giới thiệu sản phẩm:** Đặc điểm nổi bật của Samsung Galaxy S25 FE 8GB 512GB\n\nĐiện thoại Samsung Galaxy S25 FE 8GB 512GB gây ấn tượng với vi xử lý Exynos 2400 mạnh mẽ, bộ nhớ khủng và màn hình Dynamic AMOLED 2X 120Hz sắc nét. Máy trang bị bộ ba camera đa dụng 50MP hỗ trợ AI cùng khả năng chống rung OIS. Viên pin 4900 mAh kết hợp sạc nhanh 45W và sạc không dây mang đến trải nghiệm sử dụng lâu dài, tiện lợi.\n\nNội dung chính'
 '**Tên sán phẩm:** Samsung Galaxy S25 FE 8GB 512GB\n\n**Giá sản phẩm:** 17.390.000đ\n\n**Các màu của sản phẩm:** Xanh navy, Trắng\n\n**Thông số sản phẩm:** Pin: 4900 mAh\n\nChipset: Exynos 2400\n\nThẻ SIM: 2 Nano-SIM + eSIM\n\nCamera sau: 50MP, f/1.8 góc rộng\n12MP, f/2.2 góc siêu rộng\n8MP, f/2.4 Tele\n\nLoại CPU: 10 nhân (3.2 GHz, 2.9 GHz, 2.6 GHz, 1.95 GHz)\n\nCamera trước: 12MP, f/2.2\n\nBộ nhớ trong: 512 GB\n\nCông nghệ NFC: Có\n\nDung lượng RAM: 8 GB\n\nHệ điều hành: Android 16, One UI 8\n\nTính năng màn hình: Độ sáng tối đa 1900 nits\nGorilla® Victus+\n16 triệu màu\n\nCông nghệ màn hình: Dynamic AMOLED 2X\n\nKích thước màn hình: 6.7 inches\n\nĐộ phân giải màn hình: 1080 x 2340 pixels (FullHD+)\n\n**Giới thiệu sản phẩm:** Đặc điểm nổi bật của Samsung Galaxy S25 FE 8GB 512GB'
 'Nội dung chính\n\n1. Samsung Galaxy S25 FE 8GB 512GB - Hiệu năng mạnh mẽ, bộ nhớ siêu lớn\n1.1. Exynos 2400 cho hiệu năng ổn định\n1.2. Thiết kế mỏng nhẹ\n1.3. Bộ ba camera đa dụng, chụp ảnh nét mịn\n1.4. Pin 4900mAh, sạc nhanh 45W tiện lợi\n2. Mua Samsung Galaxy S25 FE 8GB 512GB giá tốt tại CellphoneS\nSamsung Galaxy S25 FE 8GB 512GB - Hiệu năng mạnh mẽ, bộ nhớ siêu lớn\n\nSamsung Galaxy S25 FE 8GB 512GB là lựa chọn lý tưởng cho người dùng cần một thiết bị vừa mạnh mẽ vừa có dung lượng lưu trữ rộng rãi. Máy cân bằng giữa hiệu năng, thiết kế sang trọng cùng những nâng cấp quan trọng về camera và pin, phù hợp cho nhu cầu sử dụng lâu dài.\n\nExynos 2400 cho hiệu năng ổn định']","Samsung Galaxy S25 FE 8GB 512GB nổi bật với vi xử lý Exynos 2400 mạnh mẽ, bộ nhớ trong lên đến 512 GB và pin 4900 mAh. Máy còn có camera sau 50MP và trước 12MP, cùng khả năng chống rung OIS.","Máy trang bị vi xử lý Exynos 2400, RAM 8GB, bộ nhớ trong 512GB, pin 4900 mAh, màn hình 6.7 inches Dynamic AMOLED 2X, và cụm camera sau 50MP + 12MP + 8MP.",0.9999999999666667,,1.0,0.7865187482041825
Điện thoại Xiaomi Redmi Note 12 8GB 128GB có giá bao nhiêu?,"['Điện thoại Xiaomi Redmi Note 12 8GB 128GB giá bao nhiêu?\n\nXiaomi Redmi Note 12 8GB hiện tại đang có mức giá cực tốt chỉ từ 4.990.000 VND tại CellphoneS. Với một phân khúc smartphone tầm trung như Redmi Note 12 thì mức giá này khá hợp lý.\xa0\n\nDù so với người anh em tiền nhiệm trước đó thì mức giá này có hơi cao, tuy nhiên những nâng cấp trong lần ra mắt này của Redmi Note 12 8GB 128GB được xem là hoàn toàn xứng đáng với con số trên. Nếu bạn đang tìm kiếm một phân khúc smartphone tầm trung ổn định thì Xiaomi Redmi Note 12 sẽ là gợi ý hoàn hảo mà bạn không nên bỏ qua nhé!\n\nMua Xiaomi Redmi Note 12 vàng giá tốt tại CellphoneS'
 'Tên sản phẩm\n\n\t\n\nGiá bán\n\n\t\n\nGiá thu cũ lên đời\n\nXiaomi Redmi Note 12 4GB 128GB\n\n\t\n\n3.790.000đ\n\n\t\n\n3.290.000đ\n\n\n\n\nXiaomi Redmi Note 12 8GB 128GB\n\n\t\n\n4.290.000đ\n\n\t\n\n3.790.000đ\n\nVới nhiều tùy chọn phiên bản, Redmi 12 đáp ứng đa dạng nhu cầu của người dùng với mức giá hợp lý.\n\nSo sánh Xiaomi Redmi Note 12 với Redmi 12 và Redmi Note 11\n\nXiaomi Redmi Note 12 4g là phiên bản kế nhiệm của\xa0Redmi Note 11, vậy mẫu điện thoại mới này có gì cải tiến không?\n\nThông số\n\n\t\n\nXiaomi Redmi Note 12\n\n\t\n\nRedmi 12\n\n\t\n\nXiaomi Redmi Note 11\n\n\n\n\nMàu sắc\n\n\t\n\nXanh bạc hà\n\nXanh băng tuyết\n\nXám thạch anh\n\n\t\n\nĐen Bán Dạ\n\nXanh Bầu Trời\n\nBạc Băng Tuyết\n\n\t\n\nTrắng Stardust\n\nĐen không gian\n\nXanh chân trời\n\n\n\n\nTrọng lượng'
 'Điện thoại Xiaomi Redmi Note 12 Pro 4G giá bao nhiêu?\n\nTrong lần ra mắt vừa rồi, Xiaomi đã tiết lộ mức giá của Redmi Note 12 Pro 4G. Dù sở hữu nhiều nâng cấp vượt trội nhưng Note 12 Pro 4G lại sở hữu giá thành khá hợp lý, nằm trong khả năng chi tiêu của người Việt. Và đối với từng phiên bản dung lượng bộ nhớ khác nhau, mức giá của thiết bị cũng có sự chênh lệch. Theo đó. máy sẽ có giá bán khởi điểm khoảng\xa0€329 (trên dưới 8 triệu đồng) cho phiên bản cấu hình chuẩn.\n\nĐặt mua sớm Xiaomi Redmi Note 12 Pro 4G tại CellphoneS']","Xiaomi Redmi Note 12 8GB 128GB hiện đang có giá khoảng 4.990.000 VND tại CellphoneS. Đây là mức giá khá hợp lý so với phân khúc smartphone tầm trung, phù hợp cho người dùng tìm kiếm một thiết bị ổn định và chất lượng.",Điện thoại Xiaomi Redmi Note 12 8GB 128GB có giá 4.290.000đ.,0.49999999995,,0.6666666666666666,0.8410499900014269
Xiaomi Redmi Note 12 8GB 128GB có những màu sắc nào?,"['Xiaomi Redmi Note 12 được Xiaomi cho ra mắt với nhiều phiên bản màu sắc khác nhau cho người dùng lựa chọn, tuy nhiên sắc vàng là màu sắc ấn tượng nhất trong series Redmi Note 12 này và hiện được bán độc quyền tại CellphoneS.\n\nRedmi Note 12 Vàng Bình Minh với hiệu ứng chuyển màu gradient bắt mắt phối hợp với thiết kế khung viền phẳng mang lại một thiết kế tinh tế.\n\nĐiện thoại Xiaomi Redmi Note 12 8GB Vàng - Cấu hình vượt trội, quay chụp đỉnh cao'
 '1. Phiên bản sắc vàng - Độc quyền chỉ có tại CellphoneS\n2. Điện thoại Xiaomi Redmi Note 12 8GB Vàng - Cấu hình vượt trội, quay chụp đỉnh cao\n2.1. Trải nghiệm mượt mà mọi tác vụ với chipset Snapdragon 685 hiện đại\n2.2. Cải thiện khả năng nhiếp ảnh với cảm biến camera lên tới 50MP\n2.3. Thỏa sức làm việc giải trí suốt ngày dài với viên pin 5000mAh\n2.4. Nâng tầm trải nghiệm hình ảnh thông qua màn hình cỡ lớn\n2.5. Diện mạo vuông vắn đầy thời thượng\n3. Điện thoại Xiaomi Redmi Note 12 8GB khi nào ra mắt?\n4. Điện thoại Xiaomi Redmi Note 12 8GB 128GB giá bao nhiêu?\n5. Mua Xiaomi Redmi Note 12 vàng giá tốt tại CellphoneS'
 'Điện thoại Xiaomi Redmi Note 12 8GB khi nào ra mắt?\n\nKhông để các MiFan phải chờ đợi lâu, ngay từ đầu năm 2023 vừa rồi, Xiaomi đã chính thức “trình làng” ấn phẩm công nghệ nổi bật - Redmi Note 12 trên thị trường smartphone. Cụ thể, Xiaomi Redmi Note 12 8GB 128GB đã được ra mắt vào ngày 11/01/2023 tại thị trường nội địa.\xa0\n\nVề các phiên bản màu sắc, Redmi Note 12 sở hữu 3 phiên bản màu chính lần lượt là: Xám, Xanh Dương và Xanh Lá. Các tone màu này đều cực kỳ sang trọng, tinh tế, phù hợp với mọi phong cách cá nhân của người sử dụng.\xa0\n\nĐiện thoại Xiaomi Redmi Note 12 8GB 128GB giá bao nhiêu?']","Xiaomi Redmi Note 12 8GB 128GB có 3 màu sắc chính: Xám, Xanh Dương và Xanh Lá.","Xiaomi Redmi Note 12 8GB 128GB có các màu: Xám, Vàng, Xanh lá, Xanh dương.",0.8333333332916666,0.0,1.0,0.7978295901599046
Thông số kỹ thuật nổi bật của Xiaomi Redmi Note 12 8GB 128GB là gì?,"['**Tên sán phẩm:** Xiaomi Redmi Note 12 8GB 128GB\n\n**Giá sản phẩm:** 4.290.000đ\n\n**Các màu của sản phẩm:** Xám, Vàng, Xanh lá, Xanh dương\n\n**Thông số sản phẩm:** Pin: 5000mAh\n\nChipset: Qualcomm Snapdragon 685\n\nThẻ SIM: 2 SIM (Nano-SIM)\n\nCamera sau: Camera chính: 50MP, f/1.8\nCamera góc rộng: 8MP, f/2.2, 120°\nCamera Macro: 2MP, f/2.4\n\nLoại CPU: 2X Cortex-A78 @ 2.0GHz ; 6X Cortex-A55 @ 1.8GHz\n\nCamera trước: 13MP, f/2.45\n\nBộ nhớ trong: 128 GB\n\nCông nghệ NFC: Không\n\nDung lượng RAM: 8 GB\n\nHệ điều hành: Android 12\n\nTính năng màn hình: Tần số quét 120Hz, độ sáng 1200nits\nCorning® Gorilla® Glass 3\n\nCông nghệ màn hình: AMOLED\n\nKích thước màn hình: 6.67 inches\n\nĐộ phân giải màn hình: 1080 x 2400 pixels (FullHD+)\n\n**Giới thiệu sản phẩm:** Đặc điểm nổi bật của Xiaomi Redmi Note 12 8GB 128GB'
 'Kích thước màn hình: 6.67 inches\n\nĐộ phân giải màn hình: 1080 x 2400 pixels (FullHD+)\n\n**Giới thiệu sản phẩm:** Đặc điểm nổi bật của Xiaomi Redmi Note 12 8GB 128GB\n\nXiaomi Redmi Note 12 8GB 128GB tỏa sáng với diện mạo viền vuông cực thời thượng cùng hiệu suất mạnh mẽ nhờ sở hữu con chip Snapdragon 685 ấn tượng. Chất lượng hiển thị hình ảnh của Redmi Note 12 Vàng cũng khá sắc nét thông qua tấm nền AMOLED 120Hz hiện đại. Chưa hết, máy còn sở hữu cụm 3 camera với độ rõ nét lên tới 50MP cùng viên pin 5000mAh và s ạc nhanh 33W giúp đáp ứng được mọi nhu cầu sử dụng của người dùng.\n\nNội dung chính'
 'Camera góc siêu rộng 8MP\n\nCamera macro 2MP\n\nCamera cận cận cảnh 2MP\n\n\n\n\nDung lượng pin\n\n\t\n\n5000mAh\n\nSạc nhanh 33W\n\n\t\n\nPin 5000mAh (typ)\n\nSạc nhanh 18W\n\n\t\n\n5000mAh\n\nSạc nhanh 33W\n\nQua bảng so sánh trên ta có thể dễ dàng nhận thấy điện thoại\xa0Redmi Note 12 và Redmi Note 12 8GB-128GB\xa0sở hữu một cấu hình vượt trội hơn từ con chip đến bộ nhớ RAM. Màn hình trên\xa0Xiaomi Redmi 12 cũng lớn hơn cùng tần số quét cao, dải màu siêu rộng. Do đó nếu người dùng đang sở hữu\xa0Xiaomi Redmi Note 11 thì hoàn toàn có thể nâng cấp lên phiên bản mới này.\n\nCấu hình Note 12, điểm Antutu có gì mới?']","Thông số kỹ thuật nổi bật của Xiaomi Redmi Note 12 8GB 128GB bao gồm:

- Pin: 5000mAh (có sạc nhanh 33W)
- Camera sau: Camera chính 50MP, góc rộng 8MP và macro 2MP
- Bộ nhớ trong: 128 GB
- Hệ điều hành: Android 12

So với phiên bản cũ Xiaomi Redmi Note 11, sản phẩm này có cấu hình mạnh mẽ hơn nhờ con chip Snapdragon 685 và RAM lớn hơn. Màn hình cũng trở nên lớn hơn và tần số quét cao hơn, cho trải nghiệm hiển thị tốt hơn.","Xiaomi Redmi Note 12 8GB 128GB có pin 5000mAh, chipset Qualcomm Snapdragon 685, camera chính 50MP, màn hình AMOLED 6.67 inches với độ phân giải 1080 x 2400 pixels và tần số quét 120Hz.",0.9999999999666667,,1.0,0.8052508362228142
iPhone 15 Pro Max có giá bao nhiêu?,"['iPhone 15 Pro Max giá bao nhiêu? Bảng giá mới nhất tháng\xa010/2025\n\nVới mức giá khởi điểm từ 1199 USD tại thị trường Mỹ, iPhone 15 ProMax được xếp vào phân khúc cao cấp và mang lại nhiều cải tiến đáng giá. Tuy nhiên, giá iP 15 Pro Max đã có nhiều thay đổi so với thời điểm vừa mới được ra mắt hồi tháng 9/2023. Vậy hiện tại iPhone 15 Pro Max giá bao nhiêu, mời bạn có thể cập nhật bảng giá tại CellphoneS hiện tại nhé:\xa0\n\nBảng giá iPhone 15 Pro Max mới nhất tháng\xa010/2025 như sau:\n\nTên sản phẩm\n\n\t\n\nGiá bán\n\n\t\n\nGiá thu cũ lên đời\n\niPhone 15 Pro Max 1TB | Chính hãng VN/A\n\n\t\n\n32.990.000đ\n\n\t\n\n30.990.000đ\n\n\n\n\niPhone 15 Pro Max 256GB | Chính hãng VN/A\n\n\t\n\n26.490.000đ\n\n\t\n\n24.490.000đ'
 'Giá bán\n\n\t\n\nGiá thu cũ lên đời\n\niPhone 15 Pro Max 1TB | Chính hãng VN/A\n\n\t\n\n32.990.000đ\n\n\t\n\n30.990.000đ\n\n\n\n\niPhone 15 Pro Max 256GB | Chính hãng VN/A\n\n\t\n\n26.490.000đ\n\n\t\n\n24.490.000đ\n\n\n\n\niPhone 15 Pro Max 512GB | Chính hãng VN/A\n\n\t\n\n28.990.000đ\n\n\t\n\n26.990.000đ\n\niPhone 15 Pro Max 256GB tốt ưu đãi lớn tại hệ thống CellphoneS -\xa010/2025\n\niPhone 15 Pro Max có mấy màu? Màu nào đẹp?\n\niPhone 15 Pro Max ra mắt với bốn phiên bản màu sắc độc đáo, phù hợp với nhiều phong cách và sở thích khác nhau. Các tùy chọn màu bắt mắt này bao gồm Titan Tự nhiên, Titan Xanh, Titan Trắng và Titan Đen, với mỗi nét cá tính và sức hấp dẫn riêng.\xa0\n\n4 màu sắc của iPhone 15 Pro Max lần lượt là: titan tự nhiên, titan trắng, titan đen và titan xanh'
 'Điện thoại iPhone 15 Pro Max 512GB giá bao nhiêu?\n\nDo được nâng cấp mạnh về khả năng lưu trữ nên ấn phẩm iPhone mới này của Apple cũng được phân phối tại thị trường Việt với mức giá thành cao hơn so với phiên bản tiêu chuẩn. Cụ thể, iPhone 15 Pro Max bản 512GB đang sở hữu mức giá thành dao động khoảng 39.79 triệu VNĐ đến 40.9 triệu đồng.\n\nNgười dùng cũng có thể chọn iPhone 17 Pro Max mới muốn sở hữu thiết bị với cấu hình mạnh cùng sự hỗ trợ của AI. Bên cạnh đó, với nhiều nâng cấp đáng sở hữu, bạn có thể cùng xem ngay nhé!']","iPhone 15 Pro Max hiện tại có giá khoảng từ 32.990.000đ đến 40.900.000đ tùy thuộc vào phiên bản và dung lượng lưu trữ. Giá bán chính hãng tại thị trường Việt Nam dao động trong khoảng này, với các phiên bản 1TB, 256GB và 512GB.",Giá sản phẩm iPhone 15 Pro Max là 26.490.000đ.,0.99999999995,,1.0,0.7830554325662623
iPhone 15 Pro Max có mấy màu và tên các màu đó?,"['4 màu sắc của iPhone 15 Pro Max lần lượt là: titan tự nhiên, titan trắng, titan đen và titan xanh\n\nTitan Tự nhiên là sự kết hợp giữa màu xám bạc và ánh kim titan, tạo nên cảm giác mạnh mẽ và thời thượng, phù hợp cho những ai yêu thích sự sang trọng.\xa0\n\nTitan Xanh mang đến sự tinh tế với gam màu xanh đậm, đầy thu hút, nổi bật giữa đám đông và thể hiện cá tính mạnh mẽ.\n\nTitan Trắng lại có nét đẹp tối giản và thanh lịch, phù hợp với người yêu thích phong cách tinh tế và hiện đại. Đây là một lựa chọn an toàn và dễ phối đồ, thể hiện sự tinh khiết và sang trọng.'
 'iPhone 15\xa0Pro Max có màu hồng, đỏ không\n\nTrong lần ra mắt thị trường, iPhone 15 Pro Max được giới thiệu là không có tùy chọn màu hồng hay đỏ. Cụ thể, IP 15 PRM tập trung vào các gam màu trung tính, bao gồm Titan Đen, Titan Trắng, Titan Tự nhiên và Titan Xanh. Đây là những màu sắc đặc trưng mang đến vẻ sang trọng, hiện đại và tinh tế, phù hợp với đối tượng yêu thích phong cách đẳng cấp và tối giản của dòng Pro.'
 'Màu titan trên iPhone 15 Pro Max gần với màu gì?\n\nCả bốn màu trên iPhone 15 Pro Max đều là những màu mới mẻ, nhưng một số màu vẫn có điểm tương đồng với các phiên bản trước đây. Cụ thể, màu Titan Tự Nhiên là màu hoàn toàn mới, lần đầu tiên xuất hiện, mang đến vẻ độc đáo và đẳng cấp. Trong khi đó, Titan Đen mang phong cách thanh lịch và có nhiều nét giống với màu Black Space trên các dòng máy cũ, phù hợp với người thích sự tinh tế.']","iPhone 15 Pro Max có 4 màu sắc:

1. Titan tự nhiên (Titan Black)
2. Titan trắng
3. Titan đen
4. Titan xanh

Màu titan trên iPhone 15 Pro Max gần với màu gì?

Cả bốn màu trên iPhone 15 Pro Max đều là những màu mới mẻ, nhưng một số màu vẫn có điểm tương đồng với các phiên bản trước đây:

- Titan Tự Nhiên (Titan Black) là màu hoàn toàn mới, mang đến vẻ độc đáo và đẳng cấp.
- Titan Đen có phong cách thanh lịch và nhiều nét giống với màu Black Space trên các dòng máy cũ, phù hợp với người thích sự tinh tế.","iPhone 15 Pro Max có 4 màu: Titan Trắng, Titan Đen, Titan Tự Nhiên, Titan Xanh.",0.9999999999666667,,0.5,0.7819352437299898
Thông số kỹ thuật nổi bật của iPhone 15 Pro Max là gì?,"['Tính năng màn hình: Tốc độ làm mới 120Hz\n460 ppi\n2000 nits\nHDR\nTrue Tone\nDải màu rộng (P3)\nHaptic Touch\nTỷ lệ tương phản 2.000.000:1\n\nCông nghệ màn hình: Super Retina XDR OLED\n\nKích thước màn hình: 6.7 inches\n\nĐộ phân giải màn hình: 2796 x 1290-pixel\n\n**Giới thiệu sản phẩm:** Đặc điểm nổi bật của iPhone 15 Pro Max 256GB | Chính hãng VN/A'
 'Độ phân giải màn hình: 2796 x 1290-pixel\n\n**Giới thiệu sản phẩm:** Đặc điểm nổi bật của iPhone 15 Pro Max 512GB | Chính hãng VN/A\n\niPhone 15 Pro Max 512GB là ấn phẩm smartphone mới của Apple, nổi bật với bộ nhớ trong lên đến 512GB, cung cấp khả năng ghi nhớ, lưu trữ không giới hạn. Bên cạnh đó, thế hệ iPhone mới này cũng đặc biệt mang tới những trải nghiệm siêu mượt mà trong mọi tác vụ nhờ được kế thừa sức mạnh xử lý từ con chip A17 Pro. Chưa hết, máy còn đi kèm với cụm ba camera sau 48MP hỗ trợ chụp đêm và quay phim chuyên nghiệp, giúp nâng tầm khả năng nhiếp ảnh của người dùng.\n\nNội dung chính'
 'Độ phân giải màn hình: 2796 x 1290-pixel\n\n**Giới thiệu sản phẩm:** Đặc điểm nổi bật của iPhone 15 Pro Max 256GB | Chính hãng VN/A\n\niPhone 15 Pro Max sở hữu màn hình Super Retina XDR OLED 6.7 inch tần số quét cao\xa0120Hz\xa0sắc nét và mượt mà. Với\xa0chipset A17 Pro sản xuất trên tiến trình 3nm,\xa0thế hệ iPhone 15 bản Pro Max\xa0đảm bảo hiệu năng mạnh mẽ và khả năng tiết kiệm pin tối ưu. Đặc biệt, máy còn sở hữu camera chính 48MP cùng khả năng zoom quang học 5x, giúp iP 15 Pro Max trở thành lựa chọn tuyệt vời cho người đam mê nhiếp ảnh và quay phim chuyên nghiệp.\n\nCùng CellphoneS tìm hiểu chi tiết mọi mọi nâng cấp và xem qua iPhone 15 Pro Max giá bao nhiêu trong nội dung chi tiết sau đây!']","iPhone 15 Pro Max nổi bật với các thông số kỹ thuật sau:

- Màn hình Super Retina XDR OLED 6.7 inch, tần số quét cao 120Hz, độ phân giải 2796 x 1290-pixel.
- Chipset A17 Pro sản xuất trên tiến trình 3nm, cung cấp hiệu năng mạnh mẽ và tiết kiệm pin tối ưu.
- Camera chính 48MP với khả năng zoom quang học 5x.

Giá iPhone 15 Pro Max có thể thay đổi tùy theo phiên bản và màu sắc.","iPhone 15 Pro Max có pin 4422 mAh, chipset Apple A17 Pro 6 nhân, camera chính 48MP, bộ nhớ trong 256GB, và màn hình Super Retina XDR OLED 6.7 inches với độ phân giải 2796 x 1290 pixels.",0.9999999999666667,0.6,0.75,0.8125662467516065
Điện thoại HONOR 400 5G có giá bao nhiêu?,"['Điện thoại Honor 400 5G giá bao nhiêu tiền?\n\nĐiện thoại Honor 400 5G có giá khoảng hơn 10 triệu đồng tuỳ thuộc vào nơi phân phối, dung lượng bộ nhớ. Phiên bản này được định vị trong phân khúc tầm trung - cận cao cấp, nơi cân bằng giữa mức giá vừa phải và trải nghiệm sử dụng hiện đại.\xa0\n\nChi tiết giá bán điện thoại\xa0Honor 400 5G tại CellphoneS tháng 10/2025 như sau:\n\nTên sản phẩm\n\n\t\n\nGiá bán\n\n\t\n\nGiá thu cũ lên đời\n\nHONOR 400 5G 12GB 256GB\n\n\t\n\n11.990.000đ\n\n\t\n\n9.990.000đ'
 'Dòng HONOR 400 Pro 5G được trình làng cùng với phiên bản tiêu chuẩn HONOR 400, mang đến cho người dùng nhiều lựa chọn hơn tùy theo nhu cầu sử dụng. Với loạt tính năng mới mẻ cùng mức giá cạnh tranh, HONOR 400 Pro 5G đã nhanh chóng thu hút sự chú ý của giới công nghệ ngay từ khi ra mắt.\n\nĐiện thoại HONOR 400 Pro 5G giá bao nhiêu?\n\nTại thị trường Việt Nam, điện thoại HONOR 400 Pro 5G được công bố với mức giá 18.99 triệu đồng, một con số hợp lý trong phân khúc cận cao cấp. Đây là mức giá dễ tiếp cận cho những ai muốn trải nghiệm sức mạnh flagship nhưng không cần bỏ ra chi phí quá lớn như các dòng siêu cao cấp.'
 'Điện thoại HONOR 400 Lite 5G giá bán bao nhiêu tiền?\n\nĐiện thoại HONOR 400 Lite 5G hiện có giá bán khoảng 8 triệu. Sản phẩm này nằm trong phân khúc tầm trung, phù hợp với người dùng cần một thiết bị đa năng với hiệu năng ổn định và tính năng hiện đại.\n\nTên sản phẩm\n\n\t\n\nGiá bán\n\n\t\n\nGiá thu cũ lên đời\n\nHONOR 400 Lite 5G 12GB 256GB\n\n\t\n\n8.130.000đ\n\n\t\n\n7.130.000đ\n\nSản phẩm phù hợp với những người có ngân sách vừa phải. Thiết bị mang lại trải nghiệm ổn định, đáp ứng tốt các tác vụ cơ bản với mức giá hợp lý.\n\nMua ngay điện thoại HONOR 400 Lite 5G chất lượng tại CellphoneS']",Điện thoại HONOR 400 5G có giá khoảng 11.990.000đ khi mua mới và 9.990.000đ khi mua cũ lên đời. Giá này tuỳ thuộc vào nơi phân phối và dung lượng bộ nhớ.,Điện thoại HONOR 400 5G có giá 11.990.000đ.,0.9999999999,,1.0,0.7947468716282993
Điện thoại HONOR 400 5G phù hợp với ai?,"['Với mức giá này, sản phẩm phù hợp với đối tượng người dùng trẻ, yêu thích công nghệ, game thủ, cũng như những ai muốn đầu tư vào nhiếp ảnh di động. Không chỉ dừng lại ở hiệu năng, HONOR còn tập trung vào thiết kế sang trọng và tính năng thông minh, khiến chiếc máy trở thành lựa chọn xứng đáng trong phân khúc.\n\nMua ngay điện thoại HONOR 400 Pro 5G chính hãng với loạt ưu đãi lớn tại CellphoneS'
 'Điện thoại HONOR 400 Lite 5G thu hút ngay từ cái nhìn đầu tiên nhờ phong cách hiện đại và thiết kế mỏng nhẹ tinh tế. Đây là lựa chọn lý tưởng cho người dùng yêu thích thương hiệu điện thoại Honor chất lượng, tìm kiếm một chiếc smartphone đa năng, phù hợp cả công việc lẫn giải trí.\n\nCông nghệ AI thông minh, tiện ích mọi lúc\n\nHONOR 400 Lite 5G được trang bị nhiều tính năng AI tách riêng, mang đến trải nghiệm vượt trội hơn so với các dòng máy thông thường. Người dùng có thể dễ dàng dịch trực tiếp nhiều ngôn ngữ, sao chép văn bản từ hình ảnh hoặc quét nhanh số sê-ri chỉ bằng một chạm.'
 'Mua ngay điện thoại HONOR 400 Pro 5G chính hãng với loạt ưu đãi lớn tại CellphoneS\n\nĐiện thoại HONOR 400 Pro 5G sẽ là lựa chọn hấp dẫn cho những tín đồ công nghệ yêu thích hiệu năng mạnh mẽ và nhiếp ảnh chuyên nghiệp. Hiện nay chiếc flagship cao cấp này đang được bán tại cửa hàng CellphoneS với giá thành rất phải chăng. Khách hàng có thể đến trải nghiệm trực tiếp hoặc đặt mua online để tận hưởng quy trình nhanh chóng, tiện lợi. CellphoneS còn mang đến loạt ưu đãi lớn, sự hỗ trợ nhiệt tình đi kèm dịch vụ hậu mãi độc đáo.\xa0\n\nXem thêm']","Điện thoại HONOR 400 5G phù hợp với những người:

1. Yêu thích công nghệ và game thủ
2. Có nhu cầu đầu tư vào nhiếp ảnh di động
3. Đang tìm kiếm một chiếc smartphone đa năng, vừa dùng cho công việc vừa giải trí

Giá thành hợp lý, thiết kế hiện đại, cùng nhiều tính năng thông minh như AI, giúp người dùng có trải nghiệm tốt hơn so với các dòng máy thông thường.","Điện thoại HONOR 400 5G rất thích hợp cho nhân viên văn phòng, sinh viên hoặc người làm việc sáng tạo cần một thiết bị có kết nối 5G để phục vụ công việc trực tuyến mượt mà.",0.9999999999666667,,1.0,0.6786047851638255
Thông số kỹ thuật nổi bật của HONOR 400 5G là gì?,"['Điện thoại HONOR 400 Pro 5G là mẫu smartphone cao cấp mới đến từ HONOR, nổi bật với cấu hình mạnh mẽ, camera khủng và thiết kế sang trọng. Chiếc smartphone thời thượng này hứa hẹn mang lại trải nghiệm toàn diện, từ hiệu năng, nhiếp ảnh cho đến tính thẩm mỹ.\n\nHiệu năng tốt với CPU mạnh mẽ\n\nĐiện thoại HONOR 400 Pro 5G được trang bị vi xử lý Snapdragon 8 Gen 3 – con chip đầu bảng của Qualcomm, đảm bảo sức mạnh xử lý vượt trội cho mọi tác vụ phức tạp. Kết hợp cùng RAM 12GB và bộ nhớ trong 512GB, máy có khả năng chạy đa nhiệm mượt mà, lưu trữ hàng ngàn bức ảnh, video, ứng dụng mà không lo đầy bộ nhớ.'
 'Công nghệ màn hình: AMOLED\n\nKích thước màn hình: 6.55 inches\n\n**Giới thiệu sản phẩm:** Đặc điểm nổi bật của HONOR 400 5G 12GB 256GB\n\nĐiện thoại Honor 400 5G sở hữu hiệu năng mạnh với chipset xử lý Snapdragon 7 Gen 3, đi cùng bộ nhớ RAM dung lượng 12GB và bộ nhớ trong 256GB lưu trữ thoải mái. Mẫu điện thoại Honor này còn nổi bật nhờ trang bị camera chính 200MP và góc rộng 12MP. Ngoài ra, pin silicon-carbon 6000mAh cho phép máy hoạt động trong nhiều giờ tuỳ tác vụ.\n\nNội dung chính'
 'Điện thoại\xa0Honor 400 5G được ra mắt với cấu hình mạnh mẽ, vậy khi so sánh với\xa0Honor 400 Lite, sản phẩm có gì nổi bật?\xa0\n\nThông số\n\n\t\n\nHONOR 400 5G 12GB 256GB\n\n\t\n\nHONOR 400 Lite 5G 12GB 256GB\n\nKích thước màn hình\n\n\t\n\n6.55 inches\n\n\t\n\n6.7 inches\n\n\n\n\nCông nghệ màn hình\n\n\t\n\nAMOLED\n\n\t\n\nAMOLED\n\n\n\n\nCamera sau\n\n\t\n\nCamera chính AI 200MP (f/1.9, OIS) + 12MP Camera Góc Siêu Rộng (f/2.2)\n\n\t\n\nCamera chính 108MP(f/1.75)+ Camera góc rộng và sâu 5MP(f/2.2)\n\n\n\n\nCamera trước\n\n\t\n\n50MP (khẩu độ f/2.0)\n\n\t\n\nCamera 16MP(f/2.45)，Đèn Flash Selfie\n\n\n\n\nChipset\n\n\t\n\nSnapdragon 7 Gen 3\n\n\t\n\nMediaTek Dimensity 7025-Ultra\n\n\n\n\nCông nghệ NFC\n\n\t\n\nCó\n\n\t\n\nCó\n\n\n\n\nDung lượng RAM\n\n\t\n\n12 GB\n\n\t\n\n12 GB\n\n\n\n\nBộ nhớ trong\n\n\t\n\n256 GB\n\n\t\n\n256 GB\n\n\n\n\nPin\n\n\t\n\n6000mAh, HONOR 80W SuperCharge\n\n\t\n\n5230 mAh, HONOR SuperCharge 35W\n\n\n\n\nThẻ SIM']","Thông số kỹ thuật nổi bật của HONOR 400 5G bao gồm:

- Kích thước màn hình là 6.55 inches (so với 6.7 inches của Honor 400 Lite)
- Công nghệ màn hình là AMOLED (so với AMOLED của Honor 400 Lite)
- Camera sau có độ phân giải 200MP và góc rộng 12MP (so với 108MP và 5MP của Honor 400 Lite)
- Camera trước có độ phân giải 50MP (so với 16MP của Honor 400 Lite)
- Chipset là Snapdragon 7 Gen 3 (so với MediaTek Dimensity 7025-Ultra của Honor 400 Lite)
- Dung lượng RAM là 12 GB (so với 12 GB của Honor 400 Lite)
- Bộ nhớ trong là 256 GB (so với 256 GB của Honor 400 Lite)
- Pin có dung lượng 6000mAh (so với 5230 mAh của Honor 400 Lite)","HONOR 400 5G có pin 6000mAh, chipset Snapdragon 7 Gen 3, RAM 12GB, bộ nhớ trong 256GB, camera chính 200MP và màn hình AMOLED 6.55 inches.",0.5833333333041666,,1.0,0.6732358565020543
Xiaomi 11T Pro có giá bao nhiêu?,"['Điện thoại Xiaomi Mi 11T Pro giá bao nhiêu?\n\nSở hữu nhiều ưu điểm hàng đầu, nhiều người lo lắng rằng Mi 11T Pro sẽ có giá 2x triệu đồng. Tuy nhiên, thật may mắn rằng điều này không xảy ra, mức giá của điện thoại sẽ dao động trong khoảng từ 111.990.000đ (lưu ý giá có thể thay đổi tuỳ thuộc vào chương trình khuyến mãi và các thời điểm khác nhau).\n\nSản phẩm\n\n\t\n\nGiá bán tham khảo\n\n\n\n\nXiaomi Mi 11T Pro đen\n\n\t\n\nchỉ từ 11.990.000đ\n\n\n\n\nXiaomi Mi 11T Pro xanh\n\n\t\n\nchỉ từ 11.990.000đ\n\n\n\n\nXiaomi Mi 11T Pro trắng\n\n\t\n\nchỉ từ 11.990.000đ\n\nMua Xiaomi 11T Pro chính hãng giá rẻ tại CellphoneS'
 '**Tên sán phẩm:** Xiaomi 11T Pro\n\n**Giá sản phẩm:** 11.990.000đ\n\n**Các màu của sản phẩm:** Xám, Trắng, Xanh\n\n**Thông số sản phẩm:** Pin: 5000mAh\n\nChipset: Qualcomm Snapdragon 888 5nm\n\nThẻ SIM: 2 SIM (Nano-SIM)\n\nCamera sau: Camera góc rộng: 108 MP, f/1.75\nCamera góc siêu rộng: 8 MP, 2.2\nCamera cận cảnh: 5 MP, f/2.4 AF (3cm-7cm)\n\nLoại CPU: Kryo 680 CPU, up to 2.84GHz\n\nCamera trước: 16 MP, f/2.45\n\nBộ nhớ trong: 256 GB\n\nCông nghệ NFC: Có\n\nDung lượng RAM: 12 GB\n\nHệ điều hành: Android 11, MIUI 12.5\n\nTính năng màn hình: Tần số quét 120Hz, HDR10+, độ sáng tối đa 1000 nit, DisplayMate chấm điểm A+, Dolby Vision®\n\nCông nghệ màn hình: AMOLED\n\nKích thước màn hình: 6.67 inches\n\nĐộ phân giải màn hình: 1080 x 2400 pixels (FullHD+)'
 'Xiaomi Mi 11T Pro đen\n\n\t\n\nchỉ từ 11.990.000đ\n\n\n\n\nXiaomi Mi 11T Pro xanh\n\n\t\n\nchỉ từ 11.990.000đ\n\n\n\n\nXiaomi Mi 11T Pro trắng\n\n\t\n\nchỉ từ 11.990.000đ\n\nMua Xiaomi 11T Pro chính hãng giá rẻ tại CellphoneS\n\nBạn đã chuẩn bị tinh thần để ngay lập tức sở hữu chiếc điện thoại Xiaomi Mi 11T Pro chưa? Hãy đăng ký để trở thành một trong những vị khách sở hữu smartphone tại Cellphones nhé!\xa0Người đi đầu bao giờ cũng có lợi, không những bạn được lợi về giá mà còn sẵn sàng nhận quà khuyến mại kèm theo. Chưa hết, chính sách bảo hành cho chiếc smartphone này vẫn được áp dụng y như những chiếc điện thoại khác nữa đấy!\n\nXem thêm']",Xiaomi Mi 11T Pro có giá dao động từ 11.990.000đ (lưu ý giá có thể thay đổi tuỳ thuộc vào chương trình khuyến mãi và thời điểm).,Xiaomi 11T Pro có giá 11.990.000đ.,0.9999999999666667,,1.0,0.771206031203664
Xiaomi 11T Pro có những màu sắc nào?,"['**Tên sán phẩm:** Xiaomi 11T Pro\n\n**Giá sản phẩm:** 11.990.000đ\n\n**Các màu của sản phẩm:** Xám, Trắng, Xanh\n\n**Thông số sản phẩm:** Pin: 5000mAh\n\nChipset: Qualcomm Snapdragon 888 5nm\n\nThẻ SIM: 2 SIM (Nano-SIM)\n\nCamera sau: Camera góc rộng: 108 MP, f/1.75\nCamera góc siêu rộng: 8 MP, 2.2\nCamera cận cảnh: 5 MP, f/2.4 AF (3cm-7cm)\n\nLoại CPU: Kryo 680 CPU, up to 2.84GHz\n\nCamera trước: 16 MP, f/2.45\n\nBộ nhớ trong: 256 GB\n\nCông nghệ NFC: Có\n\nDung lượng RAM: 12 GB\n\nHệ điều hành: Android 11, MIUI 12.5\n\nTính năng màn hình: Tần số quét 120Hz, HDR10+, độ sáng tối đa 1000 nit, DisplayMate chấm điểm A+, Dolby Vision®\n\nCông nghệ màn hình: AMOLED\n\nKích thước màn hình: 6.67 inches\n\nĐộ phân giải màn hình: 1080 x 2400 pixels (FullHD+)'
 'Xiaomi Mi 11T Pro đen\n\n\t\n\nchỉ từ 11.990.000đ\n\n\n\n\nXiaomi Mi 11T Pro xanh\n\n\t\n\nchỉ từ 11.990.000đ\n\n\n\n\nXiaomi Mi 11T Pro trắng\n\n\t\n\nchỉ từ 11.990.000đ\n\nMua Xiaomi 11T Pro chính hãng giá rẻ tại CellphoneS\n\nBạn đã chuẩn bị tinh thần để ngay lập tức sở hữu chiếc điện thoại Xiaomi Mi 11T Pro chưa? Hãy đăng ký để trở thành một trong những vị khách sở hữu smartphone tại Cellphones nhé!\xa0Người đi đầu bao giờ cũng có lợi, không những bạn được lợi về giá mà còn sẵn sàng nhận quà khuyến mại kèm theo. Chưa hết, chính sách bảo hành cho chiếc smartphone này vẫn được áp dụng y như những chiếc điện thoại khác nữa đấy!\n\nXem thêm'
 'Điện thoại Xiaomi Mi 11T Pro giá bao nhiêu?\n\nSở hữu nhiều ưu điểm hàng đầu, nhiều người lo lắng rằng Mi 11T Pro sẽ có giá 2x triệu đồng. Tuy nhiên, thật may mắn rằng điều này không xảy ra, mức giá của điện thoại sẽ dao động trong khoảng từ 111.990.000đ (lưu ý giá có thể thay đổi tuỳ thuộc vào chương trình khuyến mãi và các thời điểm khác nhau).\n\nSản phẩm\n\n\t\n\nGiá bán tham khảo\n\n\n\n\nXiaomi Mi 11T Pro đen\n\n\t\n\nchỉ từ 11.990.000đ\n\n\n\n\nXiaomi Mi 11T Pro xanh\n\n\t\n\nchỉ từ 11.990.000đ\n\n\n\n\nXiaomi Mi 11T Pro trắng\n\n\t\n\nchỉ từ 11.990.000đ\n\nMua Xiaomi 11T Pro chính hãng giá rẻ tại CellphoneS']","Xiaomi 11T Pro có màu sắc là Xám, Trắng và Xanh.","Xiaomi 11T Pro có các màu Xám, Trắng và Xanh.",0.9999999999666667,,1.0,0.8020681854261285
Thông số kỹ thuật nổi bật của Xiaomi 11T Pro là gì?,"['**Tên sán phẩm:** Xiaomi 11T Pro\n\n**Giá sản phẩm:** 11.990.000đ\n\n**Các màu của sản phẩm:** Xám, Trắng, Xanh\n\n**Thông số sản phẩm:** Pin: 5000mAh\n\nChipset: Qualcomm Snapdragon 888 5nm\n\nThẻ SIM: 2 SIM (Nano-SIM)\n\nCamera sau: Camera góc rộng: 108 MP, f/1.75\nCamera góc siêu rộng: 8 MP, 2.2\nCamera cận cảnh: 5 MP, f/2.4 AF (3cm-7cm)\n\nLoại CPU: Kryo 680 CPU, up to 2.84GHz\n\nCamera trước: 16 MP, f/2.45\n\nBộ nhớ trong: 256 GB\n\nCông nghệ NFC: Có\n\nDung lượng RAM: 12 GB\n\nHệ điều hành: Android 11, MIUI 12.5\n\nTính năng màn hình: Tần số quét 120Hz, HDR10+, độ sáng tối đa 1000 nit, DisplayMate chấm điểm A+, Dolby Vision®\n\nCông nghệ màn hình: AMOLED\n\nKích thước màn hình: 6.67 inches\n\nĐộ phân giải màn hình: 1080 x 2400 pixels (FullHD+)'
 'Công nghệ màn hình: AMOLED\n\nKích thước màn hình: 6.67 inches\n\nĐộ phân giải màn hình: 1080 x 2400 pixels (FullHD+)\n\n**Giới thiệu sản phẩm:** Đặc điểm nổi bật của Xiaomi 11T Pro\n\nNội dung chính'
 'Cấu hình vượt trội, không gian lưu trữ lớn\n\nĐiện thoại Xiaomi Mi 11T pro sở hữu cấu hình khoẻ khoắn vượt trội với con chip siêu mới và siêu mạnh Snapdragon 888 trên tiến trình 5nm. Đem đến sức mạnh vượt trội bền bỉ chưa từng có trước đây cho người dùng.\xa0\n\nXiaomi 11T Pro còn được trang bị GPU Adreno 660, xử lý hình ảnh siêu đỉnh. Bạn sẽ được tận hưởng chất lượng hình ảnh, những thước film tuyệt đẹp, vô cùng ấn tượng.']","Thông số kỹ thuật nổi bật của Xiaomi 11T Pro bao gồm:

- Cấu hình vượt trội với con chip Snapdragon 888 5nm và GPU Adreno 660, mang đến sức mạnh mạnh mẽ và xử lý hình ảnh đỉnh cao.
- Pin lớn 5000mAh, đáp ứng nhu cầu sử dụng liên tục trong thời gian dài.
- RAM 12GB cho khả năng chạy đa nhiệm tốt và không bị lag.
- Hệ điều hành Android 11 với MIUI 12.5, cung cấp trải nghiệm di động mượt mà.

Đây là sản phẩm phù hợp cho người dùng yêu thích cấu hình mạnh mẽ và chất lượng hiển thị cao.","Xiaomi 11T Pro có pin 5000mAh, chipset Qualcomm Snapdragon 888, RAM 12GB, bộ nhớ trong 256GB, và camera sau 108MP.",0.8333333332916666,,1.0,0.7932554539587322
Xiaomi 14T Pro 12GB 512GB có giá bao nhiêu?,"['**Tên sán phẩm:** Xiaomi 14T Pro 12GB 512GB\n\n**Giá sản phẩm:** 14.870.000đ\n\n**Các màu của sản phẩm:** Xanh - Chỉ có tại CPS, Xám, Đen - Chỉ có tại CPS\n\n**Thông số sản phẩm:** Pin: 5000 mAh\n\nChipset: MediaTek Dimensity 9300+\n\nThẻ SIM: Sim kép (nano-Sim và e-Sim) - Hỗ trợ 2 e-Sim\n\nCamera sau: Máy ảnh chính: 50MP, 23mm, ƒ/1 6\nMáy ảnh góc siêu rộng: 12MP, 15mm, ƒ/2 2\nMáy ảnh tele: 50MP, 60mm, ƒ/2 0\n\nLoại CPU: 1 x Cortex-X4, tối đa 3,4GHz; 3 x Cortex-X4, lên đến 2,85GHz; 4 x Cortex-A720, lên đến 2.0GHz\n\nCamera trước: 32MPƒ/2,0\nĐộ dài tiêu cự tương đương 25 mm\nFOV 80,8˚\nChế độ ban đêm\nHDR\nTính năng chụp ảnh bằng lòng bàn tay\n\nBộ nhớ trong: 512 GB\n\nCông nghệ NFC: Có\n\nDung lượng RAM: 12 GB'
 'Giá Xiaomi 14T Pro 5G\xa0giá niêm yết 17.670.000đ, khi thu cũ lên đời đang có giá hấp dẫn:\n\nTên sản phẩm\n\n\t\n\nGiá bán\n\n\t\n\nGiá thu cũ lên đời\n\nXiaomi 14T Pro 12GB 512GB\n\n\t\n\n14.870.000đ\n\n\t\n\n13.870.000đ\n\n\n\n\nXiaomi 14T 12GB 512GB\n\n\t\n\n12.740.000đ\n\n\t\n\n11.240.000đ\n\nNhìn chung giá Mi 14T Pro tương đối hợp lý với chất lượng mà sản phẩm mang lại. Với mức giá này, người dùng có thể sở hữu được sản phẩm đáp ứng tốt đa dạng nhu cầu sử dụng từ giải trí, làm việc hay các tác vụ hàng này.\n\nĐánh giá Xiaomi Mi 14T Pro 5G chi tiết: Hiệu năng bứt phá'
 'Nội dung chính\n\n1. Xiaomi 14T giá bán bao nhiêu?\n2. Đánh giá Xiaomi 14T chi tiết ngay\n2.1. Màn hình Super AMOLED sắc nét, có chiều sâu\n2.2. Thiết kế hiện đại\n2.3. Camera Leica 50MP & tính năng AI\n2.4. Cấu hình Xiaomi 14T mạnh mẽ với điểm Antutu cao\xa0\n2.5. Pin điện thoại Xiaomi 14T chính hãng 5000mAh, sạc nhanh 67W\n3. So sánh Xiaomi Mi 14T với 14 và 14T Pro\n4. Đặt Xiaomi 14T tại CellphoneS – Giao nhanh 2h, giá ưu đãi, trả góp 0%\nXiaomi 14T giá bán bao nhiêu?\n\nGiá điện thoại Xiaomi 14T tại CellphoneS chưa đến 13 triệu đồng. Nhận ngay voucher 500.000 đồng khi mua kèm đồ gia dụng. Tặng bảo hành rơi vỡ, rơi nước đến 12 tháng.\n\nTên sản phẩm\n\n\t\n\nGiá bán\n\n\t\n\nGiá thu cũ lên đời\n\nXiaomi 14T 12GB 512GB\n\n\t\n\n12.740.000đ']",Xiaomi 14T Pro 12GB 512GB có giá bán là 14.870.000đ tại CellphoneS.,Giá của Xiaomi 14T Pro 12GB 512GB là 14.870.000đ.,0.99999999995,,1.0,0.8370421887028342
Điện thoại Xiaomi 14T Pro có những màu sắc nào?,"['Với ba tùy chọn màu sắc thời thượng: Titan đen, Titan xám và Titan xanh, Xiaomi 14T Pro đáp ứng mọi phong cách cá nhân. Mỗi màu sắc đều mang đến một vẻ đẹp riêng, từ sự mạnh mẽ, bí ẩn của màu đen đến sự tinh tế, hiện đại của màu xám và màu xanh trẻ trung, năng động\n\nMediaTek Dimensity 9300+ mạnh nhất'
 'Thông số\n\n\t\n\nXiaomi 14T\n\n\t\n\nXiaomi 14\n\n\t\n\nXiaomi 14T pro\n\n\n\n\nMàu sắc\n\n\t\n\nĐen Titan -\xa0Xám Titan -\xa0Xanh Titan\n\n\t\n\n\xa0Đen - Trắng - Xanh ngọc bích\n\n\t\n\nĐen Titan - Xám Titan - Xanh Titan\n\n\n\n\nMàn hình\n\n\t\n\nAMOLED\xa06,67 inch\xa0144Hz\xa0\n\n\t\n\nAMOLED\xa06,36 inch 120Hz\n\n\t\n\nAMOLED 6,67 inch 144Hz\n\n\n\n\nCPU\n\n\t\n\nMediaTek Dimensity 8300-Ultra\n\n\t\n\n\xa0Snapdragon® 8 Gen 3\n\n\t\n\nMediaTek Dimensity 9300+\n\n\n\n\nGPU\n\n\t\n\nArm Mali-G615 MC6\n\n\t\n\nGPU Qualcomm® Adreno™\n\n\t\n\nImmortalis-G720 MC12\n\n\n\n\nAI\n\n\t\n\nMediaTek NPU 780\n\n\t\n\n-\n\n\t\n\nMediaTek NPU 790 (AI tạo sinh)\n\n\n\n\nRAM\n\n\t\n\n12GB\xa0LPDDR5X 8533Mbps\n\n\t\n\n12GB\xa0\xa0LPDDR5X 8533Mbps\n\n\t\n\n12GB\xa0LPDDR5X 8533Mbps\n\n\n\n\nROM\n\n\t\n\n256GB\xa0UFS 4.0\n\n\t\n\n\xa0256GB\xa0UFS 4.0\n\n\t\n\n256GB\xa0UFS 4.0\n\n\n\n\nCamera trước\n\n\t\n\n\xa0Camera selfie trong màn hình 32MP\n\n\t\n\nCamera selfie trong màn hình 32MP\xa0\n\n\t\n\nCamera selfie trong màn hình 32MP\n\n\n\n\nCamera sau\n\n\t\n\nCamera chính Leica\xa050MP\n\nCamera chụp xa Leica 50MP\n\nCamera góc siêu rộng Leica 12MP\n\n\t\n\nCamera chính Leica 50MP\n\nCamera tele di động 75mm\xa032MP'
 'Màn hình 14T Pro 5G 144Hz, độ sáng 4000 nits\n\nXiaomi 14T bản Pro sở hữu màn hình AMOLED 6.67 inch với tần số quét 144Hz, mang lại trải nghiệm hiển thị mượt mà, sắc nét trong từng khung hình. Từ việc xem phim, chơi game đến thao tác trên giao diện người dùng, mọi thứ đều diễn ra trơn tru mà không gặp hiện tượng giật lag.\xa0\n\nMàn hình Mi14T Pro có độ phân giải lên đến 1.5K cùng công nghệ AI thông minh tự động điều chỉnh màu sắc và độ sáng, mang đến trải nghiệm thị giác sống động, chân thực và bảo vệ đôi mắt của bạn trong thời gian dài sử dụng.']","Xiaomi 14T Pro có ba màu sắc thời thượng: Titan đen, Titan xám và Titan xanh. Mỗi màu sắc mang đến vẻ đẹp riêng biệt:

- Màu đen Titan - mạnh mẽ và bí ẩn
- Màu xám Titan - tinh tế và hiện đại 
- Màu xanh Titan - trẻ trung và năng động

Thông tin chi tiết về các thiết bị khác cũng được cung cấp trong các tài liệu, bao gồm màn hình AMOLED 6.67 inch với tần số quét 144Hz, camera chính Leica 50MP, và nhiều hơn nữa.","Xiaomi 14T Pro có các màu: Xanh (chỉ có tại CPS), Xám, và Đen (chỉ có tại CPS).",0.99999999995,,1.0,0.7850014059357542
Thông số kỹ thuật nổi bật của Xiaomi 14T Pro là gì?,"['Thông số\n\n\t\n\nXiaomi 14T\n\n\t\n\nXiaomi 14\n\n\t\n\nXiaomi 14T pro\n\n\n\n\nMàu sắc\n\n\t\n\nĐen Titan -\xa0Xám Titan -\xa0Xanh Titan\n\n\t\n\n\xa0Đen - Trắng - Xanh ngọc bích\n\n\t\n\nĐen Titan - Xám Titan - Xanh Titan\n\n\n\n\nMàn hình\n\n\t\n\nAMOLED\xa06,67 inch\xa0144Hz\xa0\n\n\t\n\nAMOLED\xa06,36 inch 120Hz\n\n\t\n\nAMOLED 6,67 inch 144Hz\n\n\n\n\nCPU\n\n\t\n\nMediaTek Dimensity 8300-Ultra\n\n\t\n\n\xa0Snapdragon® 8 Gen 3\n\n\t\n\nMediaTek Dimensity 9300+\n\n\n\n\nGPU\n\n\t\n\nArm Mali-G615 MC6\n\n\t\n\nGPU Qualcomm® Adreno™\n\n\t\n\nImmortalis-G720 MC12\n\n\n\n\nAI\n\n\t\n\nMediaTek NPU 780\n\n\t\n\n-\n\n\t\n\nMediaTek NPU 790 (AI tạo sinh)\n\n\n\n\nRAM\n\n\t\n\n12GB\xa0LPDDR5X 8533Mbps\n\n\t\n\n12GB\xa0\xa0LPDDR5X 8533Mbps\n\n\t\n\n12GB\xa0LPDDR5X 8533Mbps\n\n\n\n\nROM\n\n\t\n\n256GB\xa0UFS 4.0\n\n\t\n\n\xa0256GB\xa0UFS 4.0\n\n\t\n\n256GB\xa0UFS 4.0\n\n\n\n\nCamera trước\n\n\t\n\n\xa0Camera selfie trong màn hình 32MP\n\n\t\n\nCamera selfie trong màn hình 32MP\xa0\n\n\t\n\nCamera selfie trong màn hình 32MP\n\n\n\n\nCamera sau\n\n\t\n\nCamera chính Leica\xa050MP\n\nCamera chụp xa Leica 50MP\n\nCamera góc siêu rộng Leica 12MP\n\n\t\n\nCamera chính Leica 50MP\n\nCamera tele di động 75mm\xa032MP'
 'Bộ nhớ trong: 512 GB\n\nCông nghệ NFC: Có\n\nDung lượng RAM: 12 GB\n\nTính năng màn hình: 144Hz, 446 ppi, 4000 nits\nĐộ sâu màu 12 bit\nLàm mờ PWM lên đến 3840\nHDR10+, Dolby Vision®\nMặt sau cong 3D\n\nCông nghệ màn hình: AMOLED\n\nKích thước màn hình: 6.67 inches\n\nĐộ phân giải màn hình: 1220 x 2712 pixels\n\n**Giới thiệu sản phẩm:** Đặc điểm nổi bật của Xiaomi 14T Pro 12GB 512GB\n\nXiaomi 14T Pro 5G là một trong những mẫu smartphone cao cấp được mong đợi. Được đánh giá mang nhiều cải tiến đáng giá, đặc biệt là trong hiệu năng và thiết kế của sản phẩm. Cùng CellphoneS tìm hiểu mức giá và đánh giá có đáng mua không nhé.\n\nNội dung chính'
 'Tuy mang tới hiệu năng cao hơn nhưng mức độ tiêu thụ điện năng của chip Dimensity 8300 Ultra lại thấp hơn nhằm tái định nghĩa về mức tiêu thụ năng lượng trên thiết bị 5G.\n\nPhiên bản điện thoại 14T của Xiaomi nào còn được tích hợp thêm bộ xử lý AI MediaTek NPU 780. Việc trang bị thêm bộ xử lý AI này sẽ mang tới sức mạnh toàn diện hơn để điện thoại Mi 14T có thể giải phóng toàn bộ tiềm năng trong quá trình làm việc, giải trí.\n\n>>> Xem thêm mẫu điện thoại\xa0Xiaomi 14t Pro\xa0chính hãng đang có mức giá khá tốt bạn có thể tham khảo thêm\n\nĐiểm Antutu trên Mi 14T đạt 1.355.196 điểm']","Thông số kỹ thuật nổi bật của Xiaomi 14T Pro bao gồm:

- CPU: MediaTek Dimensity 9300+
- GPU: Immortalis-G720 MC12
- RAM: 12GB LPDDR5X 8533Mbps
- ROM: 256GB UFS 4.0
- Camera sau: Leica 50MP, tele di động 75mm 32MP

Điểm nổi bật khác bao gồm:

- Bộ xử lý AI MediaTek NPU 790 (AI tạo sinh)
- Màn hình AMOLED 6.67 inch 144Hz
- Camera selfie trong màn hình 32MP
- Bộ nhớ trong: 512 GB

Xiaomi 14T Pro 12GB 512GB là một sản phẩm cao cấp với nhiều cải tiến đáng giá, đặc biệt là hiệu năng và thiết kế.","Xiaomi 14T Pro có pin 5000 mAh, chipset MediaTek Dimensity 9300+, RAM 12GB, bộ nhớ trong 512GB, màn hình AMOLED 6.67 inches với tần số quét 144Hz và độ sáng tối đa 4000 nits.",0.99999999995,0.8333333333333334,0.6,0.7883010905363355
iPhone 15 Plus 256GB có giá bao nhiêu?,"['Điện thoại iPhone 15 Plus 256GB giá bao nhiêu?\n\nĐối với phiên bản mở rộng bộ nhớ lên tới 256GB này, iPhone 15 Plus 256GB đang nằm trong phân khúc giá khoảng 28.99 triệu VNĐ. So với mặt bằng chung của các dòng smartphone cao cấp khác thì mức giá này có thể hơi cao hơn một chút. Nhưng nếu xem xét tới mức hiệu năng đột phá và khả năng quay chụp hình sắc nét thì đây là một mức giá hoàn toàn xứng đáng.\n\n(Nguồn ảnh: Apple)\n\nBên cạnh đó, giá thành của iPhone 15 Plus bản 256GB cũng có thể giao động nhẹ, tùy thuộc vào phiên bản màu sắc mà bạn chọn mua.'
 'Điện thoại iPhone 15 Pro 256GB có giá là bao nhiêu?\n\niPhone 15 Pro phiên bản dung lượng bộ nhớ trong là 256GB đã được ra mắt và có mức giá bán tham khảo là 1099 USD. Giá bán này sẽ còn được phụ thuộc vào các khu vực bán khác nhau, tùy quốc gia khác nhau.\n\nBạn có thể chọn nơi mua uy tín để có thể có được mức giá chính hãng tốt cùng nhiều ưu đãi. Với mức giá này, các sản phẩm cạnh tranh với iPhone 15 Pro 256GB có thể là: ASUS ROG Phone 7 Ultimate 16GB 512GB, Samsung Galaxy S23 Plus 8GB 512GB, iPhone 14 Pro Max 256GB, …\n\nBên cạnh đó, hiện nay điện thoại iPhone 16 Pro 256gb ra mắt cũng đang được người dùng quan tâm nhiều nhờ pin trâu, màn hình nâng cấp kèm màu mới, cùng xem ngay nhé!'
 '(Nguồn ảnh: Apple)\n\nĐiện thoại iPhone 15 256GB đang có giá bao nhiêu?\n\nĐiện thoại iPhone 15 phiên bản 256GB cho khả năng lưu trữ lớn. Đây là mức dung lượng lý tưởng cho những ai thường xuyên quay, chụp nhưng không muốn bỏ ra quá nhiều tiền để mua phiên bản 512GB. Hiện sản phẩm này đang có giá từ 25.190.000 - 25.990.000 đồng. Tuỳ vào màu sắc mà mức giá của iPhone 15 256GB sẽ có sự chênh lệch nhất định.\n\nMẫu kế nhiệm tiếp theo bạn có thể khám phá thêm chính là iPhone 16 thường 256gb với lối thiết kế mới, màn hình đẹp và giá bán đang được hỗ trợ giảm tốt, cùng khám phá ngay nhé!\n\n(Nguồn ảnh: Apple)']",iPhone 15 Plus 256GB đang nằm trong phân khúc giá khoảng 28.99 triệu VNĐ. Đây là mức giá hoàn toàn xứng đáng với sự đột phá về hiệu năng và khả năng quay chụp hình sắc nét mà bạn có thể trải nghiệm.,iPhone 15 Plus 256GB có giá 21.290.000đ.,0.9999999999,,1.0,0.8199331058687499
iPhone 15 Plus 256GB có những màu sắc nào?,"['Màu xanh lá (Green): Màu một màu mới xuất hiện, phiên bản xanh lá nhẹ nhàng trên 15 Plus mang lại vẻ thuần khiết và tươi mới. Màu sắc xanh lá này rất phù hợp sử dụng với những người dùng trẻ tuổi.\n\n(Ảnh: Apple.com)\n\nMàu xanh dương (Blue): Cũng là một sắc màu mới, màu xanh dương với gam màu nhạt mang lại sự thư giãn, nhẹ nhàng như bầu trời.\n\nMàu vàng (Yellow): Không nổi bật như màu vàng trên iPhone 14, sắc vàng trên iPhone 15 Plus nhẹ hàng hơn và sang trọng hơn.'
 'Màu vàng (Yellow): Không nổi bật như màu vàng trên iPhone 14, sắc vàng trên iPhone 15 Plus nhẹ hàng hơn và sang trọng hơn.\n\nMàu hồng (Pink): Vẫn là gam màu pastel, sắc hồng trên iPhone 15 plus nhẹ nhàng và ngọt ngào. Phiên bản iPhone hồng này rất thích hợp với những người dùng nữ, giúp thể hiện sự duyên dáng và mềm mại.\xa0So với sắc hồng từng xuất hiện trên iPhone 13 thì màu hồng mới này ấm hơn và đậm hơn. Tuy nhiên với sự kết hợp của mặt lưng kính mà sắc hồng trên 15 Plus sâu hơn.\n\nĐặc biệt, trên thế hệ iPhone 15 Plus, Apple đã thiết kế màu sắc của logo đồng nhất với màu máy mang lại một thổng thể hài hòa.'
 'iPhone 15 Plus có bao nhiêu màu, mua màu nào đẹp?\n\niPhone 15 Plus với thiết kế mặt lưng kính pha màu nhờ đó mang lại bộ sưu tập màu sắc hoàn toàn mới. Cụ thể, máy với 5 phiên bản màu sắc, bao gồm: Đen, Vàng, Xanh lá, Xanh dương và Hồng. Các màu sắc trên 15 Plus đều được hoàn thiện passtel nhẹ nhàng.\n\n(Ảnh: Apple.com)\n\nMàu đen ((Black): Tuy là màu đen quen thuộc nhưng sắc đen trên thiết bị nhẹ nhành hơn mang lại sự tối giản và sang trọng. Đặc biệt màu đen cũng sẽ không bị lỗi thời nhờ đó dễ dàng sử dùng với nhiều đối tượng người dùng, đặc biệt là người dùng yêu thích sự tối giản.']","iPhone 15 Plus 256GB có 5 màu sắc khác nhau:

- Đen (Black)
- Vàng (Yellow)
- Xanh lá (Green)
- Xanh dương (Blue)
- Hồng (Pink)

Mỗi màu sắc đều được hoàn thiện bằng pha màu nhẹ nhàng, tạo nên một bộ sưu tập màu sắc mới mẻ và sang trọng cho iPhone 15 Plus.","iPhone 15 Plus 256GB có các màu: Xanh dương, Vàng, Đen, Xanh lá, Hồng.",0.8333333332916666,,1.0,0.6916894779321737
Thông số kỹ thuật nổi bật của iPhone 15 Plus 256GB là gì?,"['Công nghệ màn hình: Super Retina XDR OLED\n\nKích thước màn hình: 6.7 inches\n\nĐộ phân giải màn hình: 2796 x 1290-pixel\n\n**Giới thiệu sản phẩm:** Đặc điểm nổi bật của iPhone 15 Plus 256GB | Chính hãng VN/A'
 'Hiệu năng đột phá và khả năng lưu trữ cực khủng\n\nCấu hình của iPhone 15 Plus bản 256GB tất nhiên cũng sẽ được nâng tầm hơn với chip Apple A16 Bionic. Đây là thế hệ vi xử lý cao cấp của nhà Apple, bao gồm tới 6 nhân CPU, 5 nhân GPU. Qua đó, nó giúp cải thiện hiệu năng lên tới 20% và trải nghiệm đồ họa mượt mà hơn so với phiên bản tiền nhiệm, tạo ra khả năng xử lý công việc và tiết kiệm pin tốt hơn.'
 '(Nguồn ảnh: Apple)\n\nBộ nhớ trong lớn, lưu trữ thoải mái: Với dung lượng lưu trữ 256GB, iPhone 15 Plus cho phép bạn lưu trữ mọi dữ liệu, từ ảnh chất lượng cao đến video và ứng dụng mà bạn yêu thích. Điều này giải quyết được vấn đề về không gian hạn chế.\n\nKết nối 5G, dung lượng pin ấn tượng: iPhone 15 Plus hỗ trợ kết nối 5G, cho phép bạn trải nghiệm internet nhanh hơn bao giờ hết. Thêm vào đó, với thời lượng pin lên đến 26 giờ xem video, bạn có thể sử dụng thoải mái sử dụng cả ngày mà không cần lo lắng bị gián đoạn.']","iPhone 15 Plus 256GB có các thông số kỹ thuật nổi bật như:

- Màn hình Super Retina XDR OLED kích thước 6.7 inches với độ phân giải 2796 x 1290-pixel.
- Cấu hình chip Apple A16 Bionic, nâng cấp hiệu năng lên tới 20% và cải thiện trải nghiệm đồ họa.
- Dung lượng lưu trữ lớn lên đến 256GB cho thoải mái lưu trữ mọi dữ liệu yêu thích.
- Hỗ trợ kết nối 5G và thời lượng pin lên đến 26 giờ xem video, giúp bạn sử dụng thoải mái cả ngày mà không lo bị gián đoạn.","iPhone 15 Plus 256GB có pin 4383 mAh, chipset Apple A16 Bionic, camera sau 48 MP & 12 MP, camera trước 12 MP, bộ nhớ trong 256 GB, dung lượng RAM 6 GB, và màn hình Super Retina XDR 6.7 inches.",0.5833333333041666,,1.0,0.8150182920213691
Xiaomi 14T có giá bao nhiêu?,"['Tên sản phẩm\n\n\t\n\nGiá bán\n\n\t\n\nGiá thu cũ lên đời\n\nXiaomi 14T 12GB 512GB\n\n\t\n\n12.740.000đ\n\n\t\n\n11.240.000đ\n\nĐánh giá Xiaomi 14T chi tiết ngay\n\nBên cạnh cấu hình, điện thoại Xiaomi 14 T còn sở hữu nhiều ưu điểm khác về khả năng hiển thị, thiết kế và đặc biệt là camera. Những ưu điểm nổi bật này không chỉ giúp tăng tính thẩm mỹ cho điện thoại mà còn đồng thời còn làm tăng trải nghiệm để tối ưu tốt hơn nhu cầu sử dụng đa dạng của người dùng.\n\nMàn hình Super AMOLED sắc nét, có chiều sâu'
 'Nội dung chính\n\n1. Xiaomi 14T giá bán bao nhiêu?\n2. Đánh giá Xiaomi 14T chi tiết ngay\n2.1. Màn hình Super AMOLED sắc nét, có chiều sâu\n2.2. Thiết kế hiện đại\n2.3. Camera Leica 50MP & tính năng AI\n2.4. Cấu hình Xiaomi 14T mạnh mẽ với điểm Antutu cao\xa0\n2.5. Pin điện thoại Xiaomi 14T chính hãng 5000mAh, sạc nhanh 67W\n3. So sánh Xiaomi Mi 14T với 14 và 14T Pro\n4. Đặt Xiaomi 14T tại CellphoneS – Giao nhanh 2h, giá ưu đãi, trả góp 0%\nXiaomi 14T giá bán bao nhiêu?\n\nGiá điện thoại Xiaomi 14T tại CellphoneS chưa đến 13 triệu đồng. Nhận ngay voucher 500.000 đồng khi mua kèm đồ gia dụng. Tặng bảo hành rơi vỡ, rơi nước đến 12 tháng.\n\nTên sản phẩm\n\n\t\n\nGiá bán\n\n\t\n\nGiá thu cũ lên đời\n\nXiaomi 14T 12GB 512GB\n\n\t\n\n12.740.000đ'
 'Giá Xiaomi 14T Pro 5G\xa0giá niêm yết 17.670.000đ, khi thu cũ lên đời đang có giá hấp dẫn:\n\nTên sản phẩm\n\n\t\n\nGiá bán\n\n\t\n\nGiá thu cũ lên đời\n\nXiaomi 14T Pro 12GB 512GB\n\n\t\n\n14.870.000đ\n\n\t\n\n13.870.000đ\n\n\n\n\nXiaomi 14T 12GB 512GB\n\n\t\n\n12.740.000đ\n\n\t\n\n11.240.000đ\n\nNhìn chung giá Mi 14T Pro tương đối hợp lý với chất lượng mà sản phẩm mang lại. Với mức giá này, người dùng có thể sở hữu được sản phẩm đáp ứng tốt đa dạng nhu cầu sử dụng từ giải trí, làm việc hay các tác vụ hàng này.\n\nĐánh giá Xiaomi Mi 14T Pro 5G chi tiết: Hiệu năng bứt phá']",Xiaomi 14T có giá bán mới là khoảng 12.740.000đ. Đây là mức giá phù hợp với chất lượng sản phẩm và khả năng đáp ứng nhu cầu sử dụng đa dạng của người dùng.,Giá sản phẩm Xiaomi 14T là 12.740.000đ.,0.9999999999666667,,1.0,0.8329175055931147
Xiaomi 14T có những màu sắc nào?,"['Với ba tùy chọn màu sắc thời thượng: Titan đen, Titan xám và Titan xanh, Xiaomi 14T Pro đáp ứng mọi phong cách cá nhân. Mỗi màu sắc đều mang đến một vẻ đẹp riêng, từ sự mạnh mẽ, bí ẩn của màu đen đến sự tinh tế, hiện đại của màu xám và màu xanh trẻ trung, năng động\n\nMediaTek Dimensity 9300+ mạnh nhất'
 'Bên cạnh đó, Xiaomi 14T 5G sở hữu hai tuỳ chọn màu đen và xám sẽ thu hút người dùng ngay từ cái nhìn đầu tiên.\n\nSản phẩm Xiaomi 14T vẫn có khả năng chống nước, kháng nước theo chuẩn IP68 để hoạt động thoải mái trong nhiều điều kiện và môi trường. Các phím vật lý được cắt CNC với độ chi tiết cao nhằm giúp quá trình thao tác được chính xác, dễ dàng.\n\nCamera Leica 50MP & tính năng AI'
 'Thông số\n\n\t\n\nXiaomi 14T\n\n\t\n\nXiaomi 14\n\n\t\n\nXiaomi 14T pro\n\n\n\n\nMàu sắc\n\n\t\n\nĐen Titan -\xa0Xám Titan -\xa0Xanh Titan\n\n\t\n\n\xa0Đen - Trắng - Xanh ngọc bích\n\n\t\n\nĐen Titan - Xám Titan - Xanh Titan\n\n\n\n\nMàn hình\n\n\t\n\nAMOLED\xa06,67 inch\xa0144Hz\xa0\n\n\t\n\nAMOLED\xa06,36 inch 120Hz\n\n\t\n\nAMOLED 6,67 inch 144Hz\n\n\n\n\nCPU\n\n\t\n\nMediaTek Dimensity 8300-Ultra\n\n\t\n\n\xa0Snapdragon® 8 Gen 3\n\n\t\n\nMediaTek Dimensity 9300+\n\n\n\n\nGPU\n\n\t\n\nArm Mali-G615 MC6\n\n\t\n\nGPU Qualcomm® Adreno™\n\n\t\n\nImmortalis-G720 MC12\n\n\n\n\nAI\n\n\t\n\nMediaTek NPU 780\n\n\t\n\n-\n\n\t\n\nMediaTek NPU 790 (AI tạo sinh)\n\n\n\n\nRAM\n\n\t\n\n12GB\xa0LPDDR5X 8533Mbps\n\n\t\n\n12GB\xa0\xa0LPDDR5X 8533Mbps\n\n\t\n\n12GB\xa0LPDDR5X 8533Mbps\n\n\n\n\nROM\n\n\t\n\n256GB\xa0UFS 4.0\n\n\t\n\n\xa0256GB\xa0UFS 4.0\n\n\t\n\n256GB\xa0UFS 4.0\n\n\n\n\nCamera trước\n\n\t\n\n\xa0Camera selfie trong màn hình 32MP\n\n\t\n\nCamera selfie trong màn hình 32MP\xa0\n\n\t\n\nCamera selfie trong màn hình 32MP\n\n\n\n\nCamera sau\n\n\t\n\nCamera chính Leica\xa050MP\n\nCamera chụp xa Leica 50MP\n\nCamera góc siêu rộng Leica 12MP\n\n\t\n\nCamera chính Leica 50MP\n\nCamera tele di động 75mm\xa032MP']","Xiaomi 14T có ba màu sắc thời thượng: Titan đen, Titan xám và Titan xanh. Mỗi màu sắc đều mang đến vẻ đẹp riêng biệt, phù hợp với nhiều phong cách cá nhân.",Xiaomi 14T có hai màu sắc là Đen và Xám.,0.9999999999666667,,1.0,0.8043737639443345
Thông số kỹ thuật nổi bật của Xiaomi 14T là gì?,"['Camera trước: 32MPƒ/2,0\nFOV 80,8˚\nChế độ ban đêm\nHDR\nTính năng chụp ảnh bằng lòng bàn tay\n\nBộ nhớ trong: 512 GB\n\nCông nghệ NFC: Có\n\nDung lượng RAM: 12 GB\n\nTính năng màn hình: 144Hz, 1,5K CrystalRes AMOLED, 446 ppi, 4000 nits, Độ sâu màu 12 bit, Làm mờ PWM lên đến 3840\nHDR10+, Dolby Vision\n\nCông nghệ màn hình: AMOLED\n\nKích thước màn hình: 6.67 inches\n\nĐộ phân giải màn hình: 1220 x 2712 pixels\n\n**Giới thiệu sản phẩm:** Đặc điểm nổi bật của Xiaomi 14T 12GB 512GB'
 'Màn hình điện thoại Mi 14T sở hữu độ phân giải 1.5K để luôn đảm bảo được sự rõ nét với mọi loại nội dung. Kèm theo đó là tần số quét 144Hz giúp các chuyển động có được sự mượt mà, trơn tru, các thao tác cảm ứng có tốc độ phản hồi nhanh hơn.\n\n>>> Xem thêm thông tin điện thoại Xiaomi 15T sắp được ra mắt trong thời gian sắp tới với nhiều điểm cải tiến.\n\nThiết kế hiện đại\n\nThiết kế Xiaomi 14T 12GB 512GB mạnh mẽ với phần khung viền được chế tác từ hợp kim nhôm 6M13, công nghệ FIAAA giúp Mi14T có độ mỏng 1.9mm và tỷ lệ màn hình đạt mức 93,3%.'
 'Kích thước màn hình: 6.67 inches\n\nĐộ phân giải màn hình: 1220 x 2712 pixels\n\n**Giới thiệu sản phẩm:** Đặc điểm nổi bật của Xiaomi 14T 12GB 512GB\n\nXiaomi 14T 5G\xa0là phiên bản điện thoại cận cao cấp được Xiaomi trang bị chip Dimensity 8300 Ultra cùng 12GB RAM để mang tới hiệu suất ấn tượng. Mẫu điện thoại này còn được trang bị bộ 3 ống kính Leica thế hệ mới để nâng cao trải nghiệm nhiếp ảnh. Với màn hình Super AMOLED 6.67 inch sở hữu phần viền siêu mỏng cùng độ nét 1.5K, điện thoại Mi14T sẽ luôn mang tới chất lượng hình ảnh sắc nét, sống động.\n\nNội dung chính']","Xiaomi 14T nổi bật với các thông số kỹ thuật sau:

- Camera trước: 32MP/2,0, chế độ ban đêm, HDR, chụp ảnh bằng lòng bàn tay
- Bộ nhớ trong: 512 GB
- Công nghệ NFC: Có
- Dung lượng RAM: 12 GB
- Tính năng màn hình: 144Hz, 1,5K CrystalRes AMOLED, 446 ppi, 4000 nits, Độ sâu màu 12 bit, Làm mờ PWM lên đến 3840, HDR10+, Dolby Vision
- Công nghệ màn hình: AMOLED
- Kích thước màn hình: 6.67 inches
- Độ phân giải màn hình: 1220 x 2712 pixels

Thông số này giúp Xiaomi 14T trở thành một sản phẩm cao cấp với khả năng chụp ảnh sắc nét, độ mượt mà trong hoạt động và hiệu suất xử lý tốt.","Xiaomi 14T được trang bị pin 5000 mAh, chipset MediaTek Dimensity 8300-Ultra, RAM 12GB, bộ nhớ trong 512GB, và màn hình AMOLED 6.67 inch với độ phân giải 1220 x 2712 pixels.",0.8333333332916666,,1.0,0.7790542635545007
Điện thoại OPPO Reno10 5G có giá bao nhiêu?,"['Điện thoại OPPO Reno10 giá bao nhiêu?\n\nTương tự như thời điểm ra mắt, OPPO hiện tại đã tiết lộ giá bán chính thức của Reno 10 đến với người dùng. Dựa vào giá thành của các phiên bản tiền nhiệm trước đó vào thời điểm được ra mắt, Reno10 có mức giá tại thị trường Malaysia là 1.799NDT (khoảng 9.1 triệu đồng).'
 'OPPO Reno10 Pro Plus giá bao nhiêu?\n\nHiện tại, mức giá của điện thoại OPPO Reno10 Pro Plus chưa được ấn định cụ thể và còn có nhiều thay đổi ở một số quốc gia. Chẳng hạn tại thị trường Malaysia, giá của OPPO Reno10 Pro+ dự đoán sẽ khoảng ở 3.499RM, tương đương với khoảng 17.7 triệu đồng.\n\n\xa0Nếu vậy thì mức giá khi tại thị trường Việt Nam của OPPO Reno10 Pro Plus rất có thể thay đổi tuỳ thuộc vào chi phí vận chuyển và nhiều chi phí khác.\n\nMua OPPO Reno10 Pro Plus 5G chính hãng, giá cực rẻ tại CellphoneS'
 'Điện thoại OPPO Reno12 F 5G giá bao nhiêu?\n\nĐiện thoại sẽ ra mắt tại thị trường Việt Nam với mức giá khởi điểm chỉ khoảng hơn 9 triệu đồng. Đây là một mức giá hợp lý khi xem xét về các nâng cấp và cải tiến về thiết kế và hiệu năng mà thiết bị mang lại.-\n\nVới mức giá này sẽ cho thấy giá trị của sản phẩm sẽ tương ứng với các tính năng khác nhau mà điện thoại đem lại cho khách hàng trong quá trình sử dụng.\n\nMua điện thoại OPPO Reno12 F 5G chính hãng, uy tín tại CellphoneS']","Điện thoại OPPO Reno10 5G có giá khoảng 9.1 triệu đồng tại thị trường Malaysia. Giá dự đoán sẽ tăng lên khoảng 17.7 triệu đồng tại thị trường Việt Nam, tùy thuộc vào chi phí vận chuyển và các chi phí khác.",Giá sản phẩm OPPO Reno10 5G là 8.490.000đ.,0.9999999999,0.0,0.6666666666666666,0.7688732811381226
OPPO Reno10 5G có những màu sắc nào?,"['**Tên sán phẩm:** OPPO Reno10 5G 8GB 256GB\n\n**Giá sản phẩm:** 8.490.000đ\n\n**Các màu của sản phẩm:** Xanh, Xám\n\n**Thông số sản phẩm:** Pin: 5000 mAh\n\nChipset: MediaTek Dimensity 7050 5G 8 nhân\n\nThẻ SIM: 2 SIM (Nano-SIM)\n\nCamera sau: Camera góc rộng: 64MP; f/1.7, PDAF\nChụp Telephoto chân dung: 32 MP, f/2.0\nCamera góc siêu rộng: 8 MP, f/2.2, Zoom quang lai 2X× và Xoom kỹ thuật số 20X\n\nLoại CPU: 8 cores\n\nCamera trước: Camera góc rộng: 32 MP, f/2.4\n\nBộ nhớ trong: 256 GB\n\nCông nghệ NFC: Có\n\nDung lượng RAM: 8 GB\n\nHệ điều hành: Android 13\n\nTính năng màn hình: 1.07 tỷ màu, tần số quét 120Hz, HDR10+, tỷ lệ hiển thị 93%, 950 nits , viền cong 3D\n\nCông nghệ màn hình: AMOLED\n\nKích thước màn hình: 6.7 inches\n\nĐộ phân giải màn hình: 1080 x 2412 pixels'
 'Màu sắc bắt mắt, mới lạ trong phân khúc giá\xa0\n\nMột điểm nhấn khác về thiết kế cũng khá ấn tượng của OPPO Reno12 5G là sự đa dạng và độc đáo về màu sắc, giúp thế hệ smartphone này trở nên nổi bật hơn. Các tùy chọn màu sắc như\xa0Astro Silver,\xa0Matte Brown và\xa0Sunset Pink\xa0không chỉ mang đến vẻ ngoài tươi sáng mà còn phản chiếu ánh sáng ấn tượng. Qua đó, OPPO Reno 12 5G không chỉ là đơn thuần là chiếc smartphone thông thường mà còn là một điểm nhấn thời trang, thể hiện cá tính độc đáo.'
 'Tên sản phẩm\n\n\t\n\nGiá bán\n\n\t\n\nGiá thu cũ lên đời\n\nOPPO Reno14 5G 12GB 256GB\n\n\t\n\n15.700.000đ\n\n\t\n\n15.200.000đ\n\nOPPO Reno 14 có mấy phiên bản màu sắc?\n\nĐiện thoại OPPO Reno 14 được giới thiệu với hai phiên bản màu: Luminous Green và Opal White. Luminous Green mang đến cảm giác tươi mới, hiện đại, phù hợp với người dùng yêu thích phong cách trẻ trung và nổi bật. Trong khi đó, Opal White toát lên vẻ thanh lịch, tối giản, tinh tế, phù hợp với người dùng ưa chuộng sự nhẹ nhàng và sang trọng.']",OPPO Reno10 5G có màu sắc là Xanh và Xám.,OPPO Reno10 5G có hai màu sắc là Xanh và Xám.,0.9999999999,,1.0,0.8127372272498224
Thông số kỹ thuật nổi bật của OPPO Reno10 5G là gì?,"['Oppo Reno10 5G nhận về nhiều lời khen bởi thiết kế ấn tượng cùng nhiều cải tiến mới về tính năng. Vậy sản phẩm có những điểm nào nổi bật so với Oppo Reno 8T? Xem ngay bảng chi tiết sau đây nhé!\n\nBên cạnh đó, OPPO đã cho ra mắt dòng điện thoại OPPO Reno14\xa0mới nhất 2025 được nhiều người trông đợi với chip mới cực chiến, giá rẻ màn hình lớn phù hợp với hầu hết nhu cầu người dùng. Khám phá thêm\n\nThông số\t\n\nOppo Reno10 5G\n\n\t\n\nOppo Reno 8T 5G\n\n\n\n\nMàn hình\n\n\t\n\n6.7 inch\n\n\t\n\n6.7 inch\n\n\n\n\nCông nghệ màn hình\n\n\t\n\n3D AMOLED\n\n\t\n\nOLED\n\n\n\n\nĐộ phân giải\n\n\t\n\nFHD+ (2412x1080)\n\n\t\n\nFHD+ (2412x1080)\n\n\n\n\nTần số quét\n\n\t\n\n120Hz'
 'Công nghệ màn hình: AMOLED\n\nKích thước màn hình: 6.7 inches\n\nĐộ phân giải màn hình: 1080 x 2412 pixels\n\n**Giới thiệu sản phẩm:** Đặc điểm nổi bật của OPPO Reno10 5G 8GB 256GB\n\nĐiện thoại OPPO Reno 10 sở hữu hiệu năng vô cùng mạnh mẽ khi được trang bị chipset\xa0MediaTek Dimensity 7050. Chất lượng hình ảnh của máy có độ sắc nét, mượt mà nhờ sở hữu tấm nền 3D AMOLED hiện đại với độ phân giải FHD+\xa02412 × 1080 pixel\xa0cùng tần số quét 120Hz. Bên cạnh đó, Reno 10 còn sở hữu một vài ưu điểm khác như dung lượng Pin 5000mAh với sạc nhanh SUPERVOOC 67W\xa0cùng cụm camera 64MP sắc nét giúp nâng cao trải nghiệm của người dùng.'
 '**Tên sán phẩm:** OPPO Reno10 5G 8GB 256GB\n\n**Giá sản phẩm:** 8.490.000đ\n\n**Các màu của sản phẩm:** Xanh, Xám\n\n**Thông số sản phẩm:** Pin: 5000 mAh\n\nChipset: MediaTek Dimensity 7050 5G 8 nhân\n\nThẻ SIM: 2 SIM (Nano-SIM)\n\nCamera sau: Camera góc rộng: 64MP; f/1.7, PDAF\nChụp Telephoto chân dung: 32 MP, f/2.0\nCamera góc siêu rộng: 8 MP, f/2.2, Zoom quang lai 2X× và Xoom kỹ thuật số 20X\n\nLoại CPU: 8 cores\n\nCamera trước: Camera góc rộng: 32 MP, f/2.4\n\nBộ nhớ trong: 256 GB\n\nCông nghệ NFC: Có\n\nDung lượng RAM: 8 GB\n\nHệ điều hành: Android 13\n\nTính năng màn hình: 1.07 tỷ màu, tần số quét 120Hz, HDR10+, tỷ lệ hiển thị 93%, 950 nits , viền cong 3D\n\nCông nghệ màn hình: AMOLED\n\nKích thước màn hình: 6.7 inches\n\nĐộ phân giải màn hình: 1080 x 2412 pixels']","OPPO Reno10 5G nổi bật với các điểm sau:

- Màn hình 6.7 inch, độ phân giải FHD+ (2412x1080 pixels)
- Công nghệ màn hình AMOLED, tần số quét 120Hz
- Chipset MediaTek Dimensity 7050 5G 8 nhân
- Pin 5000mAh với sạc nhanh SUPERVOOC 67W
- Camera sau: 64MP góc rộng, 32MP telephoto, 8MP góc siêu rộng và kỹ thuật số 20X

Giá sản phẩm là 8.490.000đ, có màu sắc xanh và xám.","OPPO Reno10 5G sở hữu pin 5000 mAh, chipset MediaTek Dimensity 7050 8 nhân, camera sau 64MP, camera trước 32MP, RAM 8GB và bộ nhớ trong 256GB.",0.9999999999666667,,1.0,0.8214862128980868
Điện thoại Nubia Z70S Ultra 5G có giá bao nhiêu?,"['Điện thoại Nubia Z70S Ultra 5G giá bao nhiêu?\n\nTại Trung Quốc, điện thoại Nubia Z70S Ultra 5G được niêm yết với mức giá khởi điểm từ 4.599 Nhân dân tệ – tương đương khoảng 16.3 triệu đồng cho phiên bản 12GB/256GB. Trong khi đó, phiên bản cao cấp với RAM 24GB cùng bộ nhớ trong 1TB được bán với giá 6.299 Nhân dân tệ, tức khoảng 22.4 triệu đồng, xứng đáng với cấu hình flagship hàng đầu.\n\nTại thị trường Việt Nam,\xa0Nubia Z70S Ultra 5G sẽ được mở bán chính hãng với giá khởi điểm từ\xa019,990,000 đồng.'
 'Tại thị trường Việt Nam,\xa0Nubia Z70S Ultra 5G sẽ được mở bán chính hãng với giá khởi điểm từ\xa019,990,000 đồng.\n\nVới mức giá này, Nubia Z70S Ultra 5G được định vị ở phân khúc cao cấp, dành cho những người dùng chuyên nghiệp hoặc các nhà sáng tạo nội dung đòi hỏi hiệu năng mạnh mẽ. Sản phẩm không chỉ là một chiếc smartphone thông thường mà còn là công cụ hỗ trợ sáng tạo, truyền cảm hứng cho những ai yêu nghệ thuật nhiếp ảnh.\n\nMua ngay điện thoại Nubia Z70S Ultra 5G chính hãng tại CellphoneS'
 'Điện thoại ZTE Z70 Ultra giá bao nhiêu tiền?\n\nNubia Z70 Ultra chính thức lên kệ tại thị trường Trung Quốc với mức giá khởi điểm từ 4.599 CNY Nhân dân tệ cho bản tiêu chuẩn với RAM 12G + ROM 256GB, tức khoảng 16.1 triệu đồng. Phiên bản cao nhất với 24GB 1TB sẽ có giá 6.299 CNY (tương đương khoảng 22.1 triệu đồng). Tuỳ vào từng phiên bản dung lượng mà chiếc điện thoại Nubia Z70 Ultra sẽ được bán với mức giá khác nhau.\n\nBảng giá\xa0Nubia Z70 Ultra chính hãng tại CellphoneS vào tháng 10/2025 như sau:\n\nTên sản phẩm\n\n\t\n\nGiá bán\n\n\t\n\nGiá thu cũ lên đời\n\nĐiện thoại Nubia Z70 Ultra 5G 12GB 256GB\n\n\t\n\n16.990.000đ\n\n\t\n\n14.990.000đ']","Điện thoại Nubia Z70S Ultra 5G có giá khởi điểm từ 19,990,000 đồng tại thị trường Việt Nam. Giá này bao gồm RAM 12GB và bộ nhớ trong 256GB. Nếu bạn muốn nâng cấp lên phiên bản cao cấp với RAM 24GB và bộ nhớ trong 1TB, giá sẽ tăng lên khoảng 22,4 triệu đồng.",Điện thoại Nubia Z70S Ultra 5G có giá 19.990.000đ.,0.99999999995,1.0,1.0,0.8226644925645962
Điện thoại Nubia Z70S Ultra 5G phù hợp với ai?,"['Tại thị trường Việt Nam,\xa0Nubia Z70S Ultra 5G sẽ được mở bán chính hãng với giá khởi điểm từ\xa019,990,000 đồng.\n\nVới mức giá này, Nubia Z70S Ultra 5G được định vị ở phân khúc cao cấp, dành cho những người dùng chuyên nghiệp hoặc các nhà sáng tạo nội dung đòi hỏi hiệu năng mạnh mẽ. Sản phẩm không chỉ là một chiếc smartphone thông thường mà còn là công cụ hỗ trợ sáng tạo, truyền cảm hứng cho những ai yêu nghệ thuật nhiếp ảnh.\n\nMua ngay điện thoại Nubia Z70S Ultra 5G chính hãng tại CellphoneS'
 '1 tỷ màu, Tần số quét 120Hz, HDR10+, 1500 nits\n\nĐiện thoại Nubia Z70S Ultra 5G - Đỉnh cao nhiếp ảnh di động, hiệu năng mạnh mẽ\n\nĐiện thoại Nubia Z70S Ultra 5G là mẫu flagship mới từ ZTE, có thiết kế hướng tới những khách hàng đam mê nhiếp ảnh. Với ngoại hình lấy cảm hứng từ máy ảnh cổ điển và cấu hình mạnh mẽ, mẫu điện thoại Nubia này mang đến trải nghiệm chụp ảnh chuyên nghiệp ngay trên điện thoại.\n\nHiệu năng vượt trội với chip\xa0Snapdragon 8 Elite'
 'Mua ngay điện thoại Nubia Z70S Ultra 5G chính hãng tại CellphoneS\n\nHiện tại, điện thoại Nubia Z70S Ultra 5G đã có mặt tại hệ thống cửa hàng CellphoneS trên toàn quốc. Khách hàng có thể trải nghiệm trực tiếp sản phẩm và nhận được sự tư vấn tận tình từ đội ngũ nhân viên chuyên nghiệp. CellphoneS cam kết cung cấp điện thoại chính hãng với giá cạnh tranh, cùng nhiều ưu đãi đang đón chờ. Khách hàng còn được hỗ trợ trả góp với lãi suất thấp, giúp việc sở hữu chiếc smartphone mơ ước trở nên dễ dàng hơn.\xa0\n\nXem thêm']",Nubia Z70S Ultra 5G phù hợp với những người dùng chuyên nghiệp hoặc các nhà sáng tạo nội dung yêu thích nghệ thuật nhiếp ảnh. Sản phẩm này không chỉ là một chiếc smartphone thông thường mà còn hỗ trợ họ trong việc sáng tạo và truyền cảm hứng cho những ai yêu thích nghệ thuật nhiếp ảnh.,Điện thoại Nubia Z70S Ultra 5G phù hợp với những người dùng chuyên nghiệp hoặc các nhà sáng tạo nội dung đòi hỏi hiệu năng mạnh mẽ và yêu thích nhiếp ảnh.,0.99999999995,,1.0,0.737537088252739
Thông số kỹ thuật nổi bật của Nubia Z70S Ultra 5G là gì?,"['Công nghệ màn hình: AMOLED\n\n**Giới thiệu sản phẩm:** Đặc điểm nổi bật của Điện thoại Nubia Z70S Ultra 5G 12GB 256GB\n\nĐiện thoại Nubia Z70S Ultra 5G được trang bị vi xử lý Snapdragon 8 Elite, RAM LPDDR5X lên đến 12GB và bộ nhớ trong 256GB, pin 6600 mAh hỗ trợ sạc nhanh 80W. Máy sở hữu màn hình AMOLED 6.85 inch 144Hz, camera sau gồm 3 ống kính với camera chính 50MP. Máy có thiết kế theo phong cách máy ảnh cổ điển, tích hợp camera ẩn dưới màn hình.\n\nNội dung chính'
 'Hiệu năng vượt trội với chip\xa0Snapdragon 8 Elite\n\nTrái tim của điện thoại Nubia Z70S Ultra 5G là con chip Snapdragon 8 Elite mạnh mẽ, đi cùng với RAM LPDDR5X dung lượng 12GB và bộ nhớ trong UFS 4.0 256GB. Việc kết hợp với hệ thống tản nhiệt tiên tiến giúp máy luôn mát mẻ trong quá trình sử dụng, máy đảm bảo hiệu suất vượt trội cho mọi tác vụ từ chụp ảnh đến chơi game nặng.\n\nCamera ba ống kính, hỗ trợ chụp ảnh chuyên nghiệp'
 'Thông số\n\n\t\n\nĐiện thoại Nubia Z70S Ultra 5G 12GB 256GB\n\n\t\n\nZTE Nubia Z60 Ultra\n\nCông nghệ màn hình\n\n\t\n\nAMOLED\n\n\t\n\nAMOLED\n\n\n\n\nCamera sau\n\n\t\n\nCamera chính: 50 MP f/1.7\nCamera tele: 64 MP f/2.48\nCamera góc siêu rộng: 50 MP f/2.0\n\n\t\n\nCamera chính: 50MP,\nTele kính viễn vọng: 64 MP, f/3.3, PDAF, OIS, 3.3x optical zoom (vs. 26mm cam)\nCamera góc siêu rộng: 50MP,, f/1.8, AF\n\n\n\n\nCamera trước\n\n\t\n\n16 MP\n\n\t\n\nCamera góc rộng: 12 MP\n\n\n\n\nChipset\n\n\t\n\nSnapdragon 8 Elite (3nm)\n\n\t\n\nQualcomm SM8650-AB Snapdragon 8 Gen 3 (4 nm)\n\n\n\n\nCông nghệ NFC\n\n\t\n\nCó\n\n\t\n\nCó\n\n\n\n\nDung lượng RAM\n\n\t\n\n12 GB\n\n\t\n\n8 GB\n\n\n\n\nBộ nhớ trong\n\n\t\n\n256 GB\n\n\t\n\n256 GB\n\n\n\n\nPin\n\n\t\n\n6.600 mAh\n\n\t\n\n6000 mAh\n\n\n\n\nThẻ SIM\n\n\t\n\n2 Nano-SIM\n\n\t\n\n2 SIM (Nano-SIM)\n\n\n\n\nHệ điều hành\n\n\t\n\nNebula AIOS - Android 15\n\n\t\n\nAndroid 14, MyOS 14\n\n\n\n\nTính năng màn hình']","Nổi bật của Nubia Z70S Ultra 5G bao gồm:

- Chip Snapdragon 8 Elite với RAM LPDDR5X 12GB và bộ nhớ trong UFS 4.0 256GB.
- Màn hình AMOLED 6.85 inch 144Hz, hỗ trợ camera sau 3 ống kính (50MP chính, 64MP tele, 50MP góc rộng).
- Pin 6600 mAh với sạc nhanh 80W.
- Hệ điều hành là Nebula AIOS - Android 15.

Thông số này giúp máy có hiệu năng mạnh mẽ và khả năng chụp ảnh chuyên nghiệp.","Nubia Z70S Ultra 5G có pin 6600 mAh, chipset Snapdragon 8 Elite, RAM 12GB, bộ nhớ trong 256GB, màn hình AMOLED 6.85 inch với độ phân giải 2688 x 1216 pixels và tần số quét 144 Hz.",0.9999999999666667,0.8,1.0,0.8163097873451023
Sony Xperia 10 VI có giá bao nhiêu?,"['Điện thoại Sony XPERIA 10VI có giá bao nhiêu?\n\nHiện tại giá bán Sony Xperia 10 VI chỉ từ 11.990.000đ tại CellphoneS, đặc biệt tặng kèm tai nghe Sony\xa0WH-CH720N trị giá 2.990.000đ.\n\nSản phẩm không chỉ đem đến hiệu suất ấn tượng kết hợp những điểm cộng về màn hình và camera mà còn kết hợp với mức giá phù hợp khi được ra mắt trên thị trường là 399 Euro tương đương với mức giá quy đổi khoảng 11.06 triệu VNĐ.'
 'Điện thoại Sony XPERIA 10VI đã chính thức được tung ra thị trường vào khoảng thời gian ngày 15/5/2024, sản phẩm đã được đánh giá tích cực từ phía khách hàng và các chuyên gia nhờ những điểm nổi trội từ giao diện bên ngoài cho đến hiệu năng bên trong của điện thoại.\n\nĐiện thoại Sony XPERIA 10VI có giá bao nhiêu?\n\nHiện tại giá bán Sony Xperia 10 VI chỉ từ 11.990.000đ tại CellphoneS, đặc biệt tặng kèm tai nghe Sony\xa0WH-CH720N trị giá 2.990.000đ.'
 'Với mức giá này sẽ cho thấy giá trị của sản phẩm sẽ tương ứng với các tính năng khác nhau mà điện thoại Sony Xperia 10 VI mang đến cho khách hàng. Thương hiệu đã cải tiến về chất lượng sản phẩm, từ đó sẽ đáp ứng nhu cầu khác nhau của người dùng. Một số sản phẩm cạnh tranh: iPhone 12 64GB,Xiaomi Redmi Note 13 Pro Plus 5G 8GB 256GB,...\n\nMua Sony Xperia 10 VI chính hãng giá tốt tại CellphoneS']","Sony Xperia 10 VI hiện tại có giá khoảng 11.990.000đ tại CellphoneS, với ưu đãi tặng kèm tai nghe Sony WH-CH720N trị giá 2.990.000đ. Đây là một sản phẩm đáng mua với hiệu suất ấn tượng và mức giá phù hợp.",Sony Xperia 10 VI có giá 8.290.000đ.,0.3333333333,,1.0,0.7629073783035333
Sony Xperia 10 VI phù hợp với ai?,"['Những phiên bản màu sắc của Sony Xperia 10 VI đều có khả năng giữ màu tốt, ít bị phai theo thời gian và ít bị trầy xước. Chúng được thiết kế để không chỉ đẹp mắt mà còn bền bỉ, phù hợp với mọi hoàn cảnh sử dụng. Dù bạn chọn màu nào, mỗi phiên bản đều mang lại cho người dùng một trải nghiệm khác biệt và thú vị.\n\nĐiện thoại Sony Xperia 10VI ra mắt khi nào?\n\nChiếc điện thoại Sony Xperia 10VI đã chính thức được giới thiệu vào ngày 15/5/2024 tại sự kiện\xa0Sony Xperia The Next One.'
 '-\xa0Camera 48MP+8MP: Chụp ảnh chất lượng cùng AI\n\nSo sánh Sony Xperia 10 VI và Xperia 10 V: có gì nâng cấp\n\nĐiện thoại Sony Xperia 10 VI vừa được cho ra mắt gần đây và được xem là phiên bản kế nhiệm của Xperia 10 V. Vậy ở phiên bản mới này, Sony đã đem đến những nâng cấp hay thay đổi gì khác biệt? Đâu là những yếu tố giúp người dùng lựa chọn được điện thoại phù hợp nhất trong hai phiên bản? Xem ngay bảng so sánh Sony Xperia 10 VI và Xperia 10 V ngay sau đây:\n\nThông số\n\n\t\n\nSony XPERIA 10VI\n\n\t\n\nSony XPERIA 10V\n\n\n\n\nMàu sắc\n\n\t\n\nĐen - Xanh dương\n\n\t\n\nĐen - Tím oải hương\n\n\n\n\nTrọng lượng\n\n\t\n\n164g\n\n\t\n\n159g\n\n\n\n\nMàn hình\n\n\t\n\nOLED 6.1 inch, tần số quét 60Hz\n\nDCI-P3 100%'
 'Thiết kế sang trọng, dễ cầm nắm và cực kỳ bền bỉ\n\nĐiện thoại Sony Xperia 10 VI nổi bật với thiết kế thanh lịch và bền bỉ, mang đến trải nghiệm cầm nắm khá thoải mái và chắc chắn. Trong phiên bản mới lần này, Sony Xperia 10 VI vẫn duy trì kiểu dáng cao và mỏng, đặc trưng của dòng Xperia, tạo cảm giác quen thuộc cho người dùng. Cả phần khung viền và mặt lưng của Xperia 10 VI đều được làm từ chất liệu nhựa cao cấp, mang lại cảm giác êm ái và dễ chịu khi cầm trên tay.']","Sony Xperia 10 VI phù hợp với nhiều đối tượng khác nhau:

- Đối với những người yêu thích sự sang trọng và tiện lợi của thiết bị cao cấp.
- Người dùng muốn sở hữu một điện thoại có khả năng chụp ảnh chất lượng tốt, hỗ trợ AI.
- Những ai đang tìm kiếm một chiếc điện thoại có thiết kế đẹp mắt và bền bỉ.

Tuy nhiên, để lựa chọn phù hợp nhất, bạn nên xem xét thêm thông số kỹ thuật cụ thể như camera, màn hình, trọng lượng và màu sắc của từng phiên bản.","Sony Xperia 10 VI phù hợp với những người dùng cần một chiếc điện thoại có hiệu suất mạnh mẽ, camera chất lượng và thời lượng pin lâu dài.",0.49999999995,,1.0,0.6660222626234273
Thông số kỹ thuật nổi bật của Sony Xperia 10 VI là gì?,"['Màu sắc\n\n\t\n\nĐen - Xanh dương\n\n\t\n\nĐen - Tím oải hương\n\n\n\n\nTrọng lượng\n\n\t\n\n164g\n\n\t\n\n159g\n\n\n\n\nMàn hình\n\n\t\n\nOLED 6.1 inch, tần số quét 60Hz\n\nDCI-P3 100%\n\n\t\n\nOLED 6.1 inch, tần số quét 60Hz\n\nDCI-P3 100%\n\n\n\n\nCPU\n\n\t\n\nSnapdragon® 6 gen 1\n\n\t\n\nSnapdragon 695 5G\n\n\n\n\nRAM\n\n\t8GB\t8GB\n\n\nROM\n\n\t128GB\t128GB\n\n\nCamera trước\n\n\t8MP\t8MP\n\n\nCamera sau\n\n\t48MP - 12MP\t48MP - 12MP\n\n\nDung lượng pin\n\n\t5.000 mAh\t5.000 mAh\n\n\nKháng nước\n\n\tIP65/68\tIP65/68\n\nNhư vậy\xa0Sony Xperia 10VI sở hữu một con chip thế hệ mới so với\xa0Xperia 10V, các thông số khác không có quá nhiều khác biệt. Nếu bạn đọc phân vân giữa 2 phiên bản thì cả 2 đều là sản phẩm đáng để trải nghiệm.\n\nĐánh giá Sony\xa0Xperia 10 VI chi tiết'
 'Công nghệ màn hình: OLED\n\nKích thước màn hình: 6.1 inches\n\n**Giới thiệu sản phẩm:** Đặc điểm nổi bật của Sony Xperia 10VI 8GB 128GB\n\nSony Xperia 10 VI trang bị card đồ họa GPU Adreno kết hợp chipset cao cấp Snapdragon 6 Gen 1 giúp đem lại hiệu suất mạnh mẽ khi sử dụng. Dung lượng lưu trữ 8GB RAM + 128GB ROM cho phép tải nhiều ứng dụng hay hình ảnh về máy. Camera sau lên đến 48 MP và camera trước 8 MP hỗ trợ khả năng chụp ảnh rõ ràng và ấn tượng hơn. Điện thoại Sony Xperia 10 VI được trang bị dung lượng pin 5000 mAh, giúp thực hiện các hoạt động khác nhau mà không lo nhanh hết pin.\xa0\n\nNội dung chính'
 'Thiết kế sang trọng, dễ cầm nắm và cực kỳ bền bỉ\n\nĐiện thoại Sony Xperia 10 VI nổi bật với thiết kế thanh lịch và bền bỉ, mang đến trải nghiệm cầm nắm khá thoải mái và chắc chắn. Trong phiên bản mới lần này, Sony Xperia 10 VI vẫn duy trì kiểu dáng cao và mỏng, đặc trưng của dòng Xperia, tạo cảm giác quen thuộc cho người dùng. Cả phần khung viền và mặt lưng của Xperia 10 VI đều được làm từ chất liệu nhựa cao cấp, mang lại cảm giác êm ái và dễ chịu khi cầm trên tay.']","Sony Xperia 10 VI nổi bật với các thông số kỹ thuật sau:

- CPU: Snapdragon 6 Gen 1
- RAM: 8GB
- ROM: 128GB
- Camera trước: 8MP
- Camera sau: 48MP - 12MP
- Dung lượng pin: 5000 mAh

Điểm nổi bật khác bao gồm màn hình OLED 6.1 inch, tần số quét 60Hz và độ tương thích với DCI-P3 100%. Sản phẩm này cũng có khả năng chống nước IP65/68, cho phép bạn sử dụng thoải mái trong điều kiện mưa hoặc nước.","Sony Xperia 10 VI có pin 5000mAh, chipset Snapdragon 6 Gen 1, camera sau 48MP và camera trước 8MP, cùng với màn hình OLED 6.1 inches.",0.99999999995,,1.0,0.7871722356615072
Nubia Neo 2 có giá bao nhiêu?,"['Ngoài ra, trong phân khúc còn có Nubia Music với chip âm thanh chuyên dụng, mang đến trải nghiệm nghe nhạc tuyệt vời ngay trên chiếc smartphone.\n\nĐiện thoại Nubia Neo 2 giá bao nhiêu?\n\nNubia Neo 2 được công bố với mức giá 199 USD, tương đương khoảng 4.9 triệu đồng. Nubia Neo 2 hứa hẹn trở thành một trong những mẫu điện thoại đáng sở hữu nhất trong phân khúc tầm trung giá rẻ.'
 'Điện thoại Neo sẽ bao gồm hai phiên bản màu sắc là Phantom Black (Đen) và War-Damaged Yellow (Vàng) để người dùng lựa chọn. Sản phẩm sẽ sớm được phân phối tại Việt Nam thông qua hơn 100 cửa hàng thuộc hệ thống CellphoneS trong thời gian tới.\n\nNubia Neo có giá bao nhiêu?\n\nSmartphone Nubia Neo sẽ chỉ có duy nhất một phiên bản cấu hình với chip Unisoc T820, 8GB RAM LPDDR4 và 256GB dung lượng bộ nhớ UFS 2.2. Trong sự kiện ra mắt, Nubia cũng đã công bố giá bán của sản phẩm ở mức 6999 BTH, tương ứng với khoảng 4,99 triệu đồng.'
 'Viền bezel mỏng và camera selfie nằm trong notch hình giọt nước thể hiện sự tinh tế và hiện đại. Cạnh phải của máy có cảm biến vân tay tích hợp trên nút nguồn cùng hai phím âm lượng. Cạnh dưới của máy có loa ngoài, cổng USB Type-C tạo ra sự tiện lợi và đa dạng trong kết nối.\n\nNgoài ra, trong phân khúc còn có Nubia Music với chip âm thanh chuyên dụng, mang đến trải nghiệm nghe nhạc tuyệt vời ngay trên chiếc smartphone.\n\nĐiện thoại Nubia Neo 2 giá bao nhiêu?']",Nubia Neo 2 có giá khoảng 5.99 triệu đồng.,Nubia Neo 2 có giá 3.990.000đ.,0.8333333332916666,0.0,0.0,0.8049196806114695
Nubia Neo 2 phù hợp với ai?,"['8 GB\n\n\n\n\nROM\n\n\t\n\n256 GB\n\n\t\n\n256 GB\n\n\n\n\nCamera sau\n\n\t\n\n50 MP + 2MP\n\n\t\n\n50 MP\n\n\n\n\nDung lượng pin\n\n\t\n\n6000 mAH - Sạc nhanh 33W\n\n\t\n\n4500mAh\n\nNubia Neo 2 thiết kế cá tính, đáp ứng chơi game mượt mà\n\nNubia Neo 2 đã thu hút sự chú ý của cộng đồng game thủ khi ra mắt tại Triển lãm Di động Toàn cầu (Mobile World Congress - MWC) 2024. Được thiết kế đặc biệt cho người chơi game, chiếc điện thoại Nubia này hứa hẹn mang lại trải nghiệm mạnh mẽ và giá cả phải chăng.\xa0\n\nChipset Unisoc T820 mạnh mẽ'
 'Màn hình 6.72 inch hiển thị tốt\n\nNubia Neo 2 với màn hình rộng lên đến 6.72 inch và độ phân giải Full-HD+ (2,400 x 1,080 pixel) mang lại hình ảnh sắc nét và mượt mà. Để tối ưu hiệu suất chơi game, màn hình của Neo được trang bị tần số quét 120Hz, đảm bảo màn hình luôn mượt mà và phản hồi nhanh chóng trong mọi chuyển động.\xa0\n\nHơn nữa, người dùng sẽ trải nghiệm âm thanh sống động và chân thực khi chơi game với dàn loa stereo và âm thanh DTS:X Ultra cuốn hút. Với những tính năng này, điện thoại Nubia Neo 2 hứa hẹn sẽ là một thiết bị giải trí đa phương tiện đỉnh cao.\xa0\n\nThiết kế gaming, phong cách hầm hố'
 'Nubia Neo 2\xa0sở hữu nhiều thiết kế và cấu hình nổi bật so với các sản phẩm khác cùng tầm giá đáng để người dùng sử dụng như:\n\n-\xa0 Viên pin 6000 mAh: Viên pin dung lượng lớn cùng sạc nhanh công suất 33W tối ưu thời gian sử dụng\n\n-\xa0 Hai nút cảm ứng\xa0trigger: Hỗ trợ tối ưu chơi game\n\n-\xa0 Chip\xa0Unisoc T820 cùng RAM 8GB: Hiệu năng ổn định, điểm\xa0Antutu ngang với sản phẩm chạy CPU\xa0Snapdragon 685\n\nSo sánh điện thoại\xa0Nubia Neo 2 với\xa0Nubia Neo - Có gì được nâng cấp']","Nubia Neo 2 phù hợp với những người yêu thích trải nghiệm game mượt mà và có nhu cầu sử dụng pin lớn. Với viên pin dung lượng 6000 mAh cùng sạc nhanh 33W, bạn sẽ luôn sẵn sàng cho các trận đấu không nghỉ ngơi. Đồng thời, cấu hình mạnh mẽ như chip Unisoc T820 với RAM 8GB và camera sau 50MP + 2MP giúp bạn dễ dàng vượt qua mọi thử thách game thủ.",Nubia Neo 2 phù hợp với những người yêu thích chơi game và cần một smartphone mạnh mẽ với hiệu suất cao.,0.9999999999666667,,0.75,0.5857507710923738
Thông số kỹ thuật nổi bật của Nubia Neo 2 là gì?,"['8 GB\n\n\n\n\nROM\n\n\t\n\n256 GB\n\n\t\n\n256 GB\n\n\n\n\nCamera sau\n\n\t\n\n50 MP + 2MP\n\n\t\n\n50 MP\n\n\n\n\nDung lượng pin\n\n\t\n\n6000 mAH - Sạc nhanh 33W\n\n\t\n\n4500mAh\n\nNubia Neo 2 thiết kế cá tính, đáp ứng chơi game mượt mà\n\nNubia Neo 2 đã thu hút sự chú ý của cộng đồng game thủ khi ra mắt tại Triển lãm Di động Toàn cầu (Mobile World Congress - MWC) 2024. Được thiết kế đặc biệt cho người chơi game, chiếc điện thoại Nubia này hứa hẹn mang lại trải nghiệm mạnh mẽ và giá cả phải chăng.\xa0\n\nChipset Unisoc T820 mạnh mẽ'
 'Kích thước màn hình: 6.72 inches\n\nĐộ phân giải màn hình: 1080 x 2400 pixels (FullHD+)\n\n**Giới thiệu sản phẩm:** Đặc điểm nổi bật của Nubia Neo 2 5G\n\nNubia Neo 2 là một smartphone mạnh mẽ với chipset Unisoc T820 và bộ nhớ trong lên đến 256GB, cùng với RAM 8GB + 10GB RAM ảo để tối ưu hiệu suất. Máy sở hữu màn hình rộng 6.72 inch Full-HD+ sắc nét với camera chính có độ phân giải lên đến 50MP. Đặc biệt, viên pin dung lượng lớn 6.000 mAh, hỗ trợ sạc nhanh 33W giúp máy hoạt động lâu dài.\n\nNội dung chính'
 'Nubia Neo 2\xa0sở hữu nhiều thiết kế và cấu hình nổi bật so với các sản phẩm khác cùng tầm giá đáng để người dùng sử dụng như:\n\n-\xa0 Viên pin 6000 mAh: Viên pin dung lượng lớn cùng sạc nhanh công suất 33W tối ưu thời gian sử dụng\n\n-\xa0 Hai nút cảm ứng\xa0trigger: Hỗ trợ tối ưu chơi game\n\n-\xa0 Chip\xa0Unisoc T820 cùng RAM 8GB: Hiệu năng ổn định, điểm\xa0Antutu ngang với sản phẩm chạy CPU\xa0Snapdragon 685\n\nSo sánh điện thoại\xa0Nubia Neo 2 với\xa0Nubia Neo - Có gì được nâng cấp']","Nubia Neo 2 nổi bật với các thông số kỹ thuật sau:

- **Chipset Unisoc T820** và **RAM 8GB + 10GB RAM ảo**
- **Màn hình Full-HD+ kích thước 6.72 inch**
- **Camera chính 50MP**
- **Pin dung lượng lớn 6000 mAh, sạc nhanh 33W**

Đây là những điểm nổi bật giúp Nubia Neo 2 trở thành một smartphone mạnh mẽ và phù hợp với người dùng game thủ.","Nubia Neo 2 có pin 6000mAh, chipset Unisoc T820, RAM 8GB, bộ nhớ trong 256GB, màn hình 6.72 inch Full-HD+ và camera sau 50MP.",0.9999999999666667,,1.0,0.7806400994490481
Điện thoại Samsung Galaxy S24 Plus 512GB có giá bao nhiêu?,"['Điện thoại Samsung S24 512GB giá bán bao nhiêu tiền?\n\nVề giá bán, Samsung S cũng đã chính thức công bố giá bán các phiên bản sản phẩm của mình. Theo đó, điện thoại\xa0Samsung S24 512GB sẽ có giá bán khoảng\xa026.490 triệu đồng khi về chính hãng các hệ thống bán lẻ tại Việt Nam. Sẽ không có nhiều sự chênh lệch về giá giữa các phiên bản màu sắc, do đó người dùng có thể thoải mái chọn mua phiên bản màu yêu thích.\n\n\n\n\nMua điện thoại Samsung S24 512GB chính hãng, giá tốt tại CellphoneS'
 'Bảng giá Samsung S24 Plus\xa0mới nhất:\n\nTên sản phẩm\n\n\t\n\nGiá bán\n\n\t\n\nGiá thu cũ lên đời\n\nSamsung Galaxy S24 Plus 12GB 256GB\n\n\t\n\n15.790.000đ\n\n\t\n\n14.790.000đ\n\n\n\n\nSamsung Galaxy S24 Plus 12GB 512GB\n\n\t\n\n21.190.000đ\n\n\t\n\n20.190.000đ\n\nĐánh giá S24 Plus 5G chi tiết máy, camera mới nhất\n\nSamsung Galaxy S24+ 5G không chỉ tiếp nối thành công của người tiền nhiệm mà còn vươn lên một tầm cao mới với những nâng cấp vượt trội. Nhờ những nâng cấp này, Galaxy S24 Plus tiếp tục khẳng định vị thế của một flagship cao cấp trên thị trường.\n\nThiết kế mỏng nhẹ, khung nhôm chắc chắn'
 'Điện thoại Samsung S24 Plus 512GB khi nào ra mắt?\n\nSamsung S24 Plus 512GB được ra mắt cung các phiên bản Samsung S24 khác tại sự kiện\xa0Galaxy Unpacked 2024 diễn ra tại\xa0San Francisco đêm ngày 17/01/2024 (Rạng sáng 18/01/2024 theo giờ Việt Nam. Khi ra mắt , sản phẩm gây được ấn tượng với người dùng nhờ cấu hình vượt trội cùng với công nghệ AI hấp dẫn.\n\nĐiện thoại Samsung S24 Plus 512GB giá bao nhiêu?\n\nKhi chính thức giới thiệu đến người dùng thì Samsung cũng công bố giá bán cho từng phiên bản sản phẩm của mình. Theo đó, điện thoại\xa0Samsung S24 Plus 512GB sẽ được lên kệ tại Mỹ với mức giá 1.119 USD (Khoảng hơn 30 triệu đồng).']","Điện thoại Samsung Galaxy S24 Plus 512GB có giá khoảng 26.490 triệu đồng khi về chính hãng tại các hệ thống bán lẻ ở Việt Nam. Giá này bao gồm cả thuế và phí vận chuyển, nhưng không chênh lệch nhiều so với các phiên bản màu sắc khác.",Điện thoại Samsung Galaxy S24 Plus 512GB có giá 21.190.000đ.,0.5833333333041666,1.0,0.6666666666666666,0.7937611025065666
Samsung Galaxy S24 Plus 512GB có những màu sắc nào?,"['Galaxy S24 Plus có mấy màu?\n\nSamsung S24 Plus trình làng với bộ sưu tập màu sắc thời thượng: Tím Cobalt quyến rũ, Xám Marble tinh tế, Đen Onyx mạnh mẽ và Vàng Amber sang trọng. Đây là những sắc màu thời thượng, tôn lên cá tính riêng của người dùng.\n\nNếu khách hàng yêu thích sự mạnh mẽ, huyền bí, Đen Onyx sẽ là lựa chọn lý tưởng. Trong khi đó, Tím Cobalt mang lại cảm giác trẻ trung, cá tính. Màu Xám Marble trung tính, thanh lịch phù hợp với người thích phong cách tối giản, còn Vàng Amber nổi bật, thời thượng dành cho những ai thích sự khác biệt.\xa0\n\nSamsung S24+ có hỗ trợ eSIM không?'
 'Tìm hiểu thêm giá S24 Ultra\xa0và những lý do vì sao nên mua siêu phẩm mới nhất này nhé!\n\nSo sánh Samsung S24 Plus vs S23 Plus\xa0\n\nSamsung Galaxy S24 Plus là phiên bản kế nhiệm của S23 Plus với hàng loạt cải tiến về thiết kế, hiệu năng và tính năng thông minh. Cùng điểm qua những khác biệt giữa hai thế hệ flagship galaxy này để xem đâu là lựa chọn phù hợp nhất với khách hàng.\n\nTiêu chí\n\n\t\n\nSamsung Galaxy S24 Plus\n\n\t\n\nSamsung Galaxy S23 Plus\n\n\n\n\nMàu sắc\n\n\t\n\nTím Cobalt, Đen Onyx, Xám Marble, Vàng Amber\n\n\t\n\nTím Lilac, Đen Phantom, Xanh Botanic, Kem Cotton\n\n\n\n\nTrọng lượng\n\n\t\n\n196g\n\n\t\n\n195g\n\n\n\n\nKhung viền\n\n\t\n\nArmor Aluminium chắc chắn\n\n\t\n\nKhung nhôm truyền thống\n\n\n\n\nMàn hình\n\n\t\n\n6.7 inch, QHD+ Dynamic AMOLED 2X, tần số quét 1~120Hz'
 'Điện thoại Samsung S24 Plus 512GB là phiên bản kế nhiệm cho chiếc flagship S23 Plus từng là một trong những tâm điểm công nghệ đầu năm 2023. Mặc dù chưa chính thức trình làng nhưng S24 Plus vẫn là một siêu phẩm đáng mong chờ với những cải tiến lớn từ thiết kế cho tới hiệu năng. Cùng điểm qua một vài thông số nổi bật của Galaxy S24 Plus ngay sau đây.\n\nNăm 2025, Samsung chính thức giới thiệu thế hệ kế nhiệm của S24 Plus là S25 Plus với nhiều cải tiến thiết thực. Cùng CellphoneS tìm hiểu ngay thông số, giá bán Samsung S25 Plus chính hãng tại Việt Nam nhé!\n\nCụm cảm biến camera 50MP - Hỗ trợ chụp zoom kỹ thuật số 30x']","Samsung Galaxy S24 Plus 512GB có màu sắc như sau:

- Tím Cobalt
- Đen Onyx
- Xám Marble
- Vàng Amber

Nếu bạn thích sự mạnh mẽ và huyền bí, hãy chọn Đen Onyx. Nếu bạn yêu thích trẻ trung và cá tính, Tím Cobalt là lựa chọn phù hợp. Màu Xám Marble thanh lịch và Vàng Amber nổi bật sẽ giúp bạn tôn lên phong cách riêng của mình.","Samsung Galaxy S24 Plus 512GB có các màu Đen, Xám, Tím, Vàng.",0.99999999995,,1.0,0.8179950162148449
Ai là đối tượng phù hợp để sử dụng Samsung Galaxy S24 Plus 512GB?,"['Hiện CellphoneS đang cho đặt trước sản phẩm\xa0Samsung S24 Plus 512GB với giá ưu đãi cùng quà tặng đặt trước hấp dẫn. Nếu quan tâm đến sản phẩm này vậy hãy đến CellphoneS đặt trước để là một trong những khách hàng đầu tiên ở hữu điện thoại Samsung S24+ chính hãng tại Việt Nam.\n\nXem thêm'
 'Mua điện thoại Samsung S24 Plus 512GB giá tốt tại CellphoneS\n\nSamsung S24 Plus 512GB hứa hẹn sẽ là một trong những mẫu flagship đáng mong đợi nhất những tháng đầu năm 2024 với những cải tiến đáng tiền. Nếu bạn có nhu cầu tìm mua sản phẩm này, hãy đến ngay cửa hàng CellphoneS hoặc liên hệ với website chính thức để được tư vấn và đặt mua trước S24 Plus chính hãng với giá tốt.'
 'Pin 4000mAh hỗ trợ sạc nhanh cải tiến\n\nSamsung Galaxy S24 512GB được trang bị viên pin chuẩn Li-Ion 4000mAh - dung lượng vừa phải để đáp ứng nhu cầu sử dụng trong ngày ổn định. Cùng với đó là sạc dây 25W cho tốc độ sạc pin nhanh chóng và sạc không dây 15W tiện lợi.\xa0\xa0\n\nCùng bộ sưu tập lần này không thể bỏ qua phiên bản Samsung S24 Plus cũng là mẫu đáng cân nhắc chọn mua trong tầm giá so với các cải tiến mới. Cùng xem ngay nhé!\n\nMàn hình Dynamic AMOLED 120Hz hiển thị vượt trội']","Đối tượng phù hợp để sử dụng Samsung Galaxy S24 Plus 512GB bao gồm:

- Người dùng muốn sở hữu một điện thoại flagship với pin tốt và sạc nhanh.
- Khách hàng quan tâm đến các cải tiến mới trong dòng sản phẩm Galaxy S24.
- Những người đang tìm kiếm một điện thoại có màn hình Dynamic AMOLED 120Hz cho trải nghiệm hiển thị tuyệt vời.

Đây là mẫu điện thoại đáng cân nhắc với giá cả phù hợp, đáp ứng nhu cầu sử dụng hàng ngày và có thể cung cấp nhiều tiện ích hơn so với các sản phẩm cùng phân khúc.",Samsung Galaxy S24 Plus 512GB đặc biệt phù hợp với những người đam mê làm vlog và cần một chiếc điện thoại có camera chất lượng cao.,0.9999999999666667,,1.0,0.6343243484380224
Samsung Galaxy A06 5G có giá bao nhiêu?,"['Bảng giá điện thoại Samsung A06 5G mới nhất tháng 10/2025:\n\nTên sản phẩm\n\n\t\n\nGiá bán\n\n\t\n\nGiá thu cũ lên đời\n\nSamsung Galaxy A06 5G 4GB 128GB\n\n\t\n\n2.890.000đ\n\n\t\n\n2.390.000đ\n\n\n\n\nSo sánh Samsung A06 Vs A06 4G, nên mua loại nào?\n\nThông số\n\n\t\n\nSamsung Galaxy A06 5G 4GB 128GB\n\n\t\n\nSamsung Galaxy A06 4GB 128GB\n\nKích thước màn hình\n\n\t\n\n6.7 inches\n\n\t\n\n6.7 inches\n\n\n\n\nCông nghệ màn hình\n\n\t\n\nPLS LCD\n\n\t\n\nPLS LCD\n\n\n\n\nCamera sau\n\n\t\n\n50.0 MP, f/1.8\n2.0 MP, f/2.4\n\n\t\n\n50.0 MP, f/1.8\n2.0 MP, f/2.4\n\n\n\n\nCamera trước\n\n\t\n\n8.0 MP, f/2.0\n\n\t\n\n8.0 MP, f/2.0\n\n\n\n\nChipset\n\n\t\n\nMediaTek Dimensity 6300\n\n\t\n\nMediaTek Helio G85\n\n\n\n\nDung lượng RAM\n\n\t\n\n4 GB\n\n\t\n\n4 GB\n\n\n\n\nBộ nhớ trong\n\n\t\n\n128 GB\n\n\t\n\n128 GB\n\n\n\n\nPin\n\n\t\n\n5000 mAh\n\n\t\n\n5000 mAh\n\n\n\n\nThẻ SIM\n\n\t\n\n2 Nano SIM (Sim 2 chung khe với thẻ nhớ)\n\n\t\n\n2 SIM (Nano-SIM)'
 'Nội dung chính\n\n1. Galaxy A06 ra mắt khi nào?\n2. Samsung A06 giá bao nhiêu?\n3. So sánh Samsung A06 Vs A06 4G, nên mua loại nào?\n4. Samsung A06 có gì mới?\n4.1. Màn hình LCD 6.67 inch\n4.2. Chipset MediaTek Dimensity 6300\n4.3. Camera 50MP sắc nét\n4.4. Pin 5000mAh, sạc nhanh 25W\n5. Một vài câu hỏi khi mua Samsung A06\n5.1. Samsung A06 hỗ trợ esim không?\n5.2. Samsung Galaxy A06 5G chống nước không?\n5.3. Samsung A06 có được hỗ trợ trả góp không?\n6. Mua Samsung A06 chính hãng, giá ưu đãi tại CellphoneS\nGalaxy A06 ra mắt khi nào?\n\nTheo thông tin mới nhất, Samsung A06 5G ra mắt Việt Nam vào tháng 03/2025.\n\nSamsung A06 giá bao nhiêu?\n\nBảng giá điện thoại Samsung A06 5G mới nhất tháng 10/2025:\n\nTên sản phẩm\n\n\t\n\nGiá bán\n\n\t\n\nGiá thu cũ lên đời\n\nSamsung Galaxy A06 5G 4GB 128GB\n\n\t\n\n2.890.000đ\n\n\t\n\n2.390.000đ'
 'Dung lượng RAM\n\n\t\n\n4 GB\n\n\t\n\n4 GB\n\n\n\n\nBộ nhớ trong\n\n\t\n\n128 GB\n\n\t\n\n128 GB\n\n\n\n\nPin\n\n\t\n\n5000 mAh\n\n\t\n\n5000 mAh\n\n\n\n\nThẻ SIM\n\n\t\n\n2 Nano SIM (Sim 2 chung khe với thẻ nhớ)\n\n\t\n\n2 SIM (Nano-SIM)\n\n\n\n\nHệ điều hành\n\n\t\n\nAndroid\n\n\t\n\nAndroid\n\n\n\n\nĐộ phân giải màn hình\n\n\t\n\n720 x 1600 pixel\n\n\t\n\n720 x 1600 pixel\n\n\n\n\nTính năng màn hình\n\n\t\n\n16 triệu màu, 60Hz, 576 nits\n\n\t\n\n16 triệu màu\n\n\n\n\nLoại CPU\n\n\t\n\n2 nhân 2.0 GHz & 6 nhân 1.8 GHz\n\n\t\n\n8 nhân 2GHz, 1.8GHz\n\nNhìn chung, với những ưu điểm được trang bị trên máy 5G cho thấy vẫn đang vượt trội hơn so với phiên bản 4G. Vì vậy, bạn có thể chọn mua ngay mẫu Samsung A06 5G tại CellphoneS ngay nhé! Cùng đi chi tiết hơn về các điểm khác biệt trên máy 5G lần này ngay.']",Samsung Galaxy A06 5G có giá bán mới nhất là 2.890.000đ.,Samsung Galaxy A06 5G có giá 2.890.000đ.,0.99999999995,,1.0,0.7548180293955732
Samsung Galaxy A06 5G có những màu sắc nào?,"['Samsung A36 có mấy màu? Nên mua màu nào?\n\nSamsung A36 5G được giới thiệu với tổng cộng 3 màu sắc tích hợp hiệu ứng Hologram bao gồm Đen, Tím và Xanh. Các màu sắc này sẽ giúp người dùng tìm kiếm được phiên bản điện thoại phù hợp với sở thích cá nhân.\n\nTrong đó, màu sắc đen sẽ phù hợp với những người dùng yêu thích sự tối giản. Hai phiên bản Xanh và Tím sẽ dành cho người dùng trẻ hoặc những ai thích sự phá cách, nổi bật.\n\nSamsung A36 có 5G và NFC không?'
 'Dung lượng RAM\n\n\t\n\n4 GB\n\n\t\n\n4 GB\n\n\n\n\nBộ nhớ trong\n\n\t\n\n128 GB\n\n\t\n\n128 GB\n\n\n\n\nPin\n\n\t\n\n5000 mAh\n\n\t\n\n5000 mAh\n\n\n\n\nThẻ SIM\n\n\t\n\n2 Nano SIM (Sim 2 chung khe với thẻ nhớ)\n\n\t\n\n2 SIM (Nano-SIM)\n\n\n\n\nHệ điều hành\n\n\t\n\nAndroid\n\n\t\n\nAndroid\n\n\n\n\nĐộ phân giải màn hình\n\n\t\n\n720 x 1600 pixel\n\n\t\n\n720 x 1600 pixel\n\n\n\n\nTính năng màn hình\n\n\t\n\n16 triệu màu, 60Hz, 576 nits\n\n\t\n\n16 triệu màu\n\n\n\n\nLoại CPU\n\n\t\n\n2 nhân 2.0 GHz & 6 nhân 1.8 GHz\n\n\t\n\n8 nhân 2GHz, 1.8GHz\n\nNhìn chung, với những ưu điểm được trang bị trên máy 5G cho thấy vẫn đang vượt trội hơn so với phiên bản 4G. Vì vậy, bạn có thể chọn mua ngay mẫu Samsung A06 5G tại CellphoneS ngay nhé! Cùng đi chi tiết hơn về các điểm khác biệt trên máy 5G lần này ngay.'
 'Samsung A16 4G khác gì với A16 5G?\n\nSamsung A16 4G có nhiều điểm khá tương đồng với phiên bản Samsung A16 5G về màn hình, camera, dung lượng pin. Tuy nhiên người dùng vẫn có thể phân biệt được thông qua các màu sắc đặc trưng, thông số chipset. Màu sắc Samsung A16 4G đặc trưng với Xám, Xanh lá và Đen; trong khi bản 5G sở hữu bản Vàng, Xanh lá và Đen. Bên cạnh đó, chip bản 5G mạnh hơn với\xa0MediaTek Dimensity 6300, trong khi 4G trang bị chip\xa0MediaTek Helio G99.\xa0Xem chi tiết hơn qua bảng sau:\n\nThông số\n\n\t\n\nSamsung Galaxy A16 LTE 4GB 128GB\n\n\t\n\nSamsung Galaxy A16 5G 8GB 128GB\n\nKích thước màn hình\n\n\t\n\n6.7 inches\n\n\t\n\n6.7 inches\n\n\n\n\nCông nghệ màn hình\n\n\t\n\nSuper AMOLED\n\n\t\n\nSuper AMOLED\n\n\n\n\nCamera sau']","Samsung Galaxy A06 5G có màu sắc đen, xanh và tím. Đây là những màu sắc được tích hợp hiệu ứng hologram giúp người dùng dễ dàng lựa chọn phiên bản phù hợp với sở thích cá nhân.","Samsung Galaxy A06 5G có các màu Xanh, Đen, và Xám.",0.0,0.0,0.3333333333333333,0.8062548406951818
Samsung Galaxy A06 5G có hỗ trợ esim không?,"['Samsung A06 hỗ trợ esim không?\n\nA06 vẫn sẽ không hỗ trợ sử dụng esim. Tuy nhiên giống với phiên bản tiền nhiệm, Galaxy A06 sẽ hỗ trợ 2 sim nano cùng lúc. Điều này vẫn sẽ đảm bảo mang tới sự tiện lợi với những người dùng có nhu cầu liên lạc cao trong công việc.\n\nNgoài ra, Samsung A06 5G còn được tích hợp thêm một khe MicroSD. Nhờ vậy mà người dùng sẽ có thể chủ động mở rộng bộ nhớ theo nhu cầu sử dụng.\n\nSamsung Galaxy A06 5G chống nước không?'
 'Thông qua cổng sạc USB Type-C hiện đại, máy càng làm tăng tốc độ truyền tải điện năng, tối ưu hiệu quả sạc pin. Với những người dùng thường xuyên di chuyển và không muốn bị gián đoạn trải nghiệm sử dụng trong suốt cả ngày thì đây chính là điểm cộng hữu ích không nên bỏ qua.\n\nMột vài câu hỏi khi mua Samsung A06\n\nNgoài cấu hình, người dùng còn có những thắc mắc gì về Galaxy A06? Dưới đây là một số thắc mắc thường gặp khi khách hàng mua mẫu điện thoại Galaxy A Series này:\n\nSamsung A06 hỗ trợ esim không?'
 'Tuy nhiên, Samsung khuyến cáo người dùng không sử dụng trong các môi trường đặc biệt như ngoài bãi biển, ngâm sâu trong nước, nhà tắm hơi,...Ngoài ra, để đảm bảo độ bền cho máy, người dùng cũng cần tránh để tiếp xúc với các loại hóa chất.\n\nSamsung A06 có được hỗ trợ trả góp không?\n\nSamsung A06 5G khi mua tại CellphoneS sẽ được hỗ trợ trả góp với lãi suất hấp dẫn. Khách hàng có thể lựa chọn trả góp mẫu điện thoại Galaxy A Series này qua thẻ tín dụng hoặc các tổ chức tài chính.']","Samsung Galaxy A06 5G không hỗ trợ esim. Tuy nhiên, bạn có thể sử dụng hai SIM nano cùng một lúc để tăng tính tiện lợi cho việc liên lạc. Ngoài ra, máy còn được tích hợp khe MicroSD, cho phép người dùng mở rộng bộ nhớ theo nhu cầu.","Samsung Galaxy A06 5G không hỗ trợ esim, nhưng hỗ trợ 2 sim nano cùng lúc.",0.99999999995,,1.0,0.7478333573545989
Điện thoại Samsung Galaxy A17 có giá bao nhiêu?,"['Samsung Galaxy A17 ra mắt vào giữa tháng 10/2025\n\nĐiện thoại Samsung Galaxy A17 giá bao nhiêu?\n\nSamsung Galaxy A17 có giá bán trên 5 triệu đồng, mức giá bán cụ thể sẽ phụ thuộc vào chương trình khuyến mãi của từng hệ thống. Chi tiết giá\xa0Samsung Galaxy A17 5G tại CellphoneS vào tháng 10/2025 như sau:\n\nTên sản phẩm\n\n\t\n\nGiá bán\n\n\t\n\nGiá thu cũ lên đời\n\nSamsung Galaxy A17 8GB 128GB\n\n\t\n\n4.990.000đ\n\n\t\n\n4.490.000đ\n\nSamsung Galaxy A17 giá mở bán trên 5 triệu đồng\n\nĐiện thoại Samsung Galaxy A17 - Thiết kế thời thượng, tối giản'
 'Samsung Galaxy A17 8GB 128GB\n\n\t\n\n4.990.000đ\n\n\t\n\n4.490.000đ\n\nSamsung Galaxy A17 giá mở bán trên 5 triệu đồng\n\nĐiện thoại Samsung Galaxy A17 - Thiết kế thời thượng, tối giản\n\nSamsung Galaxy A17 là lựa chọn hoàn hảo dành cho những ai mong muốn sở hữu một chiếc smartphone với hiệu năng mạnh mẽ. Với hàng loạt công nghệ tiên tiến và tính năng hiện đại, Galaxy A17 sẵn sàng mang đến trải nghiệm vượt mong đợi cho người dùng.\xa0\n\nChip MediaTek Helio G99 giúp nâng tầm hiệu suất cho Galaxy A17'
 'Mua điện thoại Samsung Galaxy A17 5G giá rẻ, nhiều ưu đãi tại CellphoneS\n\nSamsung A17 5G nổi bật với chip Exynos 1330 mạnh mẽ và công nghệ camera OIS tiên tiến trong phân khúc tầm trung. CellphoneS đang phân phối điện thoại Samsung chính hãng với giá hợp lý, phù hợp nhu cầu thị trường. Khi mua sắm, người dùng sẽ được hỗ trợ bảo hành đầy đủ và các dịch vụ hỗ trợ sau bán hàng chu đáo.\n\nNgoài ra, còn nhiều ưu đãi khác dành cho\xa0Samsung Galaxy A17 5G:\n\nTặng ngay gói VieON VIP 6 tháng trị giá 414.000 đồng\n\nTặng sim 5G\n\nNhận ngay\xa001 e-voucher Grab trị giá 50.000 đồng\n\nMột vài câu hỏi khi mua điện thoại Samsung Galaxy A17 5G']","Samsung Galaxy A17 có giá bán trên 5 triệu đồng, cụ thể sẽ phụ thuộc vào chương trình khuyến mãi của từng hệ thống. Giá bán tại CellphoneS vào tháng 10/2025 là khoảng 4.990.000đ cho phiên bản 8GB 128GB.",Samsung Galaxy A17 có giá 4.990.000đ.,0.99999999995,,1.0,0.0
Điện thoại Samsung Galaxy A17 có những màu nào?,"['One UI mới với nhiều tiện ích\n\nGalaxy A17 còn hỗ trợ loạt tính năng kết nối hiện đại như Quick Share cho phép chia sẻ dữ liệu nhanh chóng giữa các thiết bị Galaxy, iOS hoặc PC. Trong khi đó, Smart Switch giúp người dùng chuyển dữ liệu, ảnh, danh bạ và ứng dụng từ iPhone sang Galaxy A17 dễ dàng.\n\nSamsung Galaxy A17 4G có những màu nào?\n\nSamsung Galaxy A17 4G mang đến ba lựa chọn màu sắc thời thượng gồm Đen (Black), Xám (Grey) và Xanh nhạt (Light Blue). Mỗi gam màu đều được Samsung tinh chỉnh với bề mặt mịn và khung viền bo cong nhẹ.\n\nA17 có ba màu sắc thời thượng'
 'A17 có ba màu sắc thời thượng\n\nSự đa dạng màu sắc giúp Galaxy A17 dễ dàng chinh phục cả người dùng yêu thích sự tinh tế trong thiết kế lẫn nét cá tính nổi bật. Điều này biến chiếc smartphone trở thành phụ kiện công nghệ thể hiện phong cách riêng.\n\nMua điện thoại Samsung Galaxy A17 chất lượng, giá tốt tại hệ thống CellphoneS'
 'Tặng ngay gói VieON VIP 6 tháng trị giá 414.000 đồng\n\nTặng sim 5G\n\nNhận ngay\xa001 e-voucher Grab trị giá 50.000 đồng\n\nMột vài câu hỏi khi mua điện thoại Samsung Galaxy A17 5G\n\nTrước khi chọn mua Samsung A17 5G, nhiều người dùng cần giải đáp các băn khoăn về tính năng và hiệu năng. Phần dưới đây sẽ tổng hợp các câu hỏi thường gặp và thông tin giúp người dùng đưa ra quyết định chính xác cho dòng điện thoại mới này.\n\nSamsung Galaxy A17 5G có mấy màu?\n\nĐiện thoại Samsung Galaxy A17 5G có ba tùy chọn màu sắc thời thượng:\n\nXanh: Trẻ trung\n\nXám: Thời thượng\n\nĐen: Cổ điển\n\nSamsung Galaxy A17 5G có kháng nước không?']","Samsung Galaxy A17 5G có ba màu sắc thời thượng:

- Đen (Black)
- Xám (Grey)
- Xanh nhạt (Light Blue)

Mỗi gam màu đều được Samsung tinh chỉnh với bề mặt mịn và khung viền bo cong nhẹ, giúp chiếc smartphone trở thành phụ kiện công nghệ thể hiện phong cách riêng.","Samsung Galaxy A17 có các màu Xám, Đen và Xanh.",0.9999999999666667,,0.6666666666666666,0.7521266024882665
Thông số kỹ thuật nổi bật của Samsung Galaxy A17 là gì?,"['Chip MediaTek Helio G99 mạnh mẽ\n\nNgoài ra, Galaxy A17 còn sở hữu CPU 8 nhân, trong đó có hai lõi hiệu suất cao\xa0Cortex-A76 với xung nhịp 2.4GHz và sáu lõi tiết kiệm điện Cortex-A55 tốc độ 2.0GHz. Cấu trúc này giúp máy cân bằng tốt giữa hiệu suất mạnh mẽ và khả năng tiết kiệm pin. Nhờ đó, người dùng có thể yên tâm sử dụng Galaxy A17 trong thời gian dài mà vẫn duy trì hiệu suất ổn định.\n\nĐiện thoại Samsung Galaxy A17 nổi bật với diện mạo tối giản, hiện đại'
 'Mặt trước của Galaxy A17 tích hợp camera selfie 13MP, có thể đáp ứng tốt nhu cầu chụp ảnh thực hiện video call chất lượng cao. Điện thoại Samsung Galaxy A17 còn hỗ trợ quay video sắc nét, giúp ghi lại mọi khoảnh khắc rõ nét và sống động.\n\nMàn hình Super AMOLED 6,7 inch, tần số quét 90Hz\n\nĐiện thoại Samsung Galaxy A17 được trang bị màn hình Super AMOLED 6,7 inch sắc nét, mang đến chất lượng hiển thị tốt trong mọi điều kiện ánh sáng. Từng chi tiết trên ảnh, video hay nội dung trực tuyến đều trở nên rõ ràng và chân thực. Không gian hiển thị rộng rãi cũng giúp người dùng tận hưởng trọn vẹn trải nghiệm giải trí.\n\nMàn hình 6,7 inch sắc nét'
 'Điện thoại Samsung Galaxy A17 nổi bật với diện mạo tối giản, hiện đại\xa0\n\nGalaxy A17 sở hữu thiết kế hiện đại với các đường nét mềm mại, mang lại cảm giác cầm nắm thoải mái và chắc tay. Mặt lưng được làm từ nhựa xử lý nhám mờ tinh tế, giúp hạn chế bám dấu vân tay, đồng thời mang đến diện mạo hiện đại và đầy cuốn hút. Cụm camera sau được sắp xếp dọc đơn giản nhưng vẫn nổi bật theo phong cách đặc trưng của dòng Galaxy A.']","Samsung Galaxy A17 nổi bật với các thông số kỹ thuật sau:

- CPU 8 nhân, gồm hai lõi Cortex-A76 (2.4GHz) và sáu lõi Cortex-A55 (2.0GHz)
- Màn hình Super AMOLED 6,7 inch, tần số quét 90Hz
- Camera selfie 13MP với khả năng chụp ảnh thực hiện video call chất lượng cao

Thông tin này giúp Galaxy A17 cân bằng hiệu suất mạnh mẽ và khả năng tiết kiệm pin tốt.","Samsung Galaxy A17 được trang bị pin Li-Ion 5000 mAh, chipset MediaTek Helio G99, RAM 8GB, bộ nhớ trong 128GB, camera sau 50 MP và camera trước 13 MP.",0.0,,1.0,0.7766836733694015
Điện thoại Meizu Mblu 21 6GB 128GB có giá bao nhiêu?,"['**Tên sán phẩm:** Điện thoại Meizu Mblu 21 6GB 128GB\n\n**Giá sản phẩm:** 2.390.000đ\n\n**Các màu của sản phẩm:** Xanh, Trắng, Đen\n\n**Thông số sản phẩm:** Pin: 4900mAh\n\nChipset: Spreadtrum T606\n\nThẻ SIM: 2 Nano-SIM\n\nCamera sau: 13MP\n0.08 MP\n\nCamera trước: 8 MP\n\nBộ nhớ trong: 128 GB\n\nCông nghệ NFC: Không\n\nDung lượng RAM: 6 GB\n\nHệ điều hành: Android 14\n\nKích thước màn hình: 6.79 inches\n\n**Giới thiệu sản phẩm:** Đặc điểm nổi bật của Điện thoại Meizu Mblu 21 6GB 128GB'
 'Tên sản phẩm\n\n\t\n\nGiá bán\n\nĐiện thoại Meizu Mblu 21 4GB 64GB\n\n\t\n\n1.990.000đ\n\n\n\n\nĐiện thoại Meizu Mblu 21 6GB 128GB\n\n\t\n\n2.390.000đ\n\nĐây sẽ là lựa chọn hấp dẫn trong phân khúc giá rẻ, kể cả khi so sánh với các lựa chọn rất được ưa chuộng như\xa0TECNO SPARK Go 1,\xa0Infinix Hot 30i, điện thoại ZTE Blade A54,...\n\nMua điện thoại Meizu MBLU 21 giá tốt, chính hãng tại CellphoneS'
 'Điện thoại Meizu MBLU 21 khi nào ra mắt?\n\nĐiện thoại Meizu MBLU 21 đã được\xa0Meizu cho ra mắt từ năm 2023 tuy nhiên phải đến cuối năm 2024 sản phẩm\xa0Meizu MBLU 21 chính hãng mới có mặt tại Việt Nam. Khi trình làng máy có ba lựa chọn màu quen thuộc là Xanh dương, Đen và Trắng mang lại sự đa dạng trong các lựa chọn cho khách mua hàng.\n\nĐiện thoại Meizu MBLU 21 giá bán bao nhiêu 10/2025?\n\nĐiện thoại Meizu MBLU 21 với hai phiên bản cấu hình là sản phẩm nằm trong phân khúc giá rẻ sẽ được bán chính hãng với giá bán từ 2 triệu đồng. Chi tiết giá bán từng phiên bản như sau:\n\nTên sản phẩm\n\n\t\n\nGiá bán\n\nĐiện thoại Meizu Mblu 21 4GB 64GB\n\n\t\n\n1.990.000đ']",Điện thoại Meizu Mblu 21 6GB 128GB có giá bán là 2.390.000đ.,Giá sản phẩm là 2.390.000đ.,0.99999999995,,1.0,0.8438717223607691
Điện thoại Meizu Mblu 21 6GB 128GB có những màu sắc nào?,"['**Tên sán phẩm:** Điện thoại Meizu Mblu 21 6GB 128GB\n\n**Giá sản phẩm:** 2.390.000đ\n\n**Các màu của sản phẩm:** Xanh, Trắng, Đen\n\n**Thông số sản phẩm:** Pin: 4900mAh\n\nChipset: Spreadtrum T606\n\nThẻ SIM: 2 Nano-SIM\n\nCamera sau: 13MP\n0.08 MP\n\nCamera trước: 8 MP\n\nBộ nhớ trong: 128 GB\n\nCông nghệ NFC: Không\n\nDung lượng RAM: 6 GB\n\nHệ điều hành: Android 14\n\nKích thước màn hình: 6.79 inches\n\n**Giới thiệu sản phẩm:** Đặc điểm nổi bật của Điện thoại Meizu Mblu 21 6GB 128GB'
 'Điện thoại Meizu MBLU 21 khi nào ra mắt?\n\nĐiện thoại Meizu MBLU 21 đã được\xa0Meizu cho ra mắt từ năm 2023 tuy nhiên phải đến cuối năm 2024 sản phẩm\xa0Meizu MBLU 21 chính hãng mới có mặt tại Việt Nam. Khi trình làng máy có ba lựa chọn màu quen thuộc là Xanh dương, Đen và Trắng mang lại sự đa dạng trong các lựa chọn cho khách mua hàng.\n\nĐiện thoại Meizu MBLU 21 giá bán bao nhiêu 10/2025?\n\nĐiện thoại Meizu MBLU 21 với hai phiên bản cấu hình là sản phẩm nằm trong phân khúc giá rẻ sẽ được bán chính hãng với giá bán từ 2 triệu đồng. Chi tiết giá bán từng phiên bản như sau:\n\nTên sản phẩm\n\n\t\n\nGiá bán\n\nĐiện thoại Meizu Mblu 21 4GB 64GB\n\n\t\n\n1.990.000đ'
 '**Tên sán phẩm:** Điện thoại Meizu Mblu 21 4GB 64GB\n\n**Giá sản phẩm:** 1.990.000đ\n\n**Các màu của sản phẩm:** Trắng, Đen, Xanh\n\n**Thông số sản phẩm:** Pin: 4900mAh\n\nChipset: Spreadtrum T606\n\nThẻ SIM: 2 Nano-SIM\n\nCamera sau: 13MP\n0.08 MP\n\nCamera trước: 8 MP\n\nBộ nhớ trong: 64 GB\n\nCông nghệ NFC: Không\n\nDung lượng RAM: 4 GB\n\nHệ điều hành: Android 14\n\nKích thước màn hình: 6.79 inches\n\n**Giới thiệu sản phẩm:** Đặc điểm nổi bật của Điện thoại Meizu Mblu 21 4GB 64GB']","Điện thoại Meizu Mblu 21 6GB 128GB có màu sắc là Xanh, Trắng và Đen.","Sản phẩm có các màu: Xanh, Trắng, Đen.",0.9999999999666667,,1.0,0.7800227622111384
Thông số kỹ thuật của điện thoại Meizu Mblu 21 6GB 128GB là gì?,"['**Tên sán phẩm:** Điện thoại Meizu Mblu 21 6GB 128GB\n\n**Giá sản phẩm:** 2.390.000đ\n\n**Các màu của sản phẩm:** Xanh, Trắng, Đen\n\n**Thông số sản phẩm:** Pin: 4900mAh\n\nChipset: Spreadtrum T606\n\nThẻ SIM: 2 Nano-SIM\n\nCamera sau: 13MP\n0.08 MP\n\nCamera trước: 8 MP\n\nBộ nhớ trong: 128 GB\n\nCông nghệ NFC: Không\n\nDung lượng RAM: 6 GB\n\nHệ điều hành: Android 14\n\nKích thước màn hình: 6.79 inches\n\n**Giới thiệu sản phẩm:** Đặc điểm nổi bật của Điện thoại Meizu Mblu 21 6GB 128GB'
 'Hệ điều hành: Android 14\n\nKích thước màn hình: 6.79 inches\n\n**Giới thiệu sản phẩm:** Đặc điểm nổi bật của Điện thoại Meizu Mblu 21 6GB 128GB\n\nĐiện thoại Meizu Mblu 21 128GB này là phiên bản nâng cấp cho\xa0Meizu Mblu 21 64GB. Cải tiến chủ yếu là bộ nhớ trong được nâng lên\xa0thành 128GB và thanh RAM nâng lên thành 6GB, cho phép sử dụng điện thoại mượt mà hơn, lưu trữ được nhiều hơn.'
 '**Tên sán phẩm:** Điện thoại Meizu Mblu Note 21 Pro NFC 8GB 256GB\n\n**Giá sản phẩm:** 3.990.000đ\n\n**Các màu của sản phẩm:** Đen, Xanh, Trắng\n\n**Thông số sản phẩm:** Pin: 5000mAh\n\nChipset: Mediatek Helio G99 (6 nm)\n\nThẻ SIM: 2 Nano-SIM\n\nCamera sau: 64 MP + 2 MP\n\nLoại CPU: 8 nhân (2 x 2.2 GHz Cortex-A76 và 6 x 2.0 GHz Cortex-A55)\n\nCamera trước: 13 MP\n\nBộ nhớ trong: 256 GB\n\nCông nghệ NFC: Có\n\nDung lượng RAM: 8 GB\n\nHệ điều hành: Android 14, Flyme AIOS\n\nTính năng màn hình: Mật độ điểm ảnh 388ppi, tần số quét 120Hz, độ sáng tối đa 550 nits\n\nCông nghệ màn hình: IPS LCD\n\nKích thước màn hình: 6.78 inches\n\nĐộ phân giải màn hình: 1080 x 2400 pixels (FullHD+)']","Thông số kỹ thuật của điện thoại Meizu Mblu 21 6GB 128GB bao gồm:
- Pin: 4900mAh
- Chipset: Spreadtrum T606
- Thẻ SIM: 2 Nano-SIM
- Camera sau: 13MP
- Camera trước: 8 MP
- Bộ nhớ trong: 128 GB
- Công nghệ NFC: Không
- Dung lượng RAM: 6 GB
- Hệ điều hành: Android 14
- Kích thước màn hình: 6.79 inches
- Tần số quét màn hình: 120Hz
- Độ phân giải màn hình: 1080 x 2400 pixels (FullHD+)","Điện thoại có pin 4900mAh, chipset Spreadtrum T606, 2 Nano-SIM, camera sau 13MP và 0.08MP, camera trước 8MP, bộ nhớ trong 128GB, RAM 6GB, và hệ điều hành Android 14. Kích thước màn hình là 6.79 inches.",0.99999999995,,0.8333333333333334,0.8175907736617699
Điện thoại Xiaomi Redmi Note 12 Pro 4G có giá bao nhiêu?,"['Điện thoại Xiaomi Redmi Note 12 Pro 4G giá bao nhiêu?\n\nTrong lần ra mắt vừa rồi, Xiaomi đã tiết lộ mức giá của Redmi Note 12 Pro 4G. Dù sở hữu nhiều nâng cấp vượt trội nhưng Note 12 Pro 4G lại sở hữu giá thành khá hợp lý, nằm trong khả năng chi tiêu của người Việt. Và đối với từng phiên bản dung lượng bộ nhớ khác nhau, mức giá của thiết bị cũng có sự chênh lệch. Theo đó. máy sẽ có giá bán khởi điểm khoảng\xa0€329 (trên dưới 8 triệu đồng) cho phiên bản cấu hình chuẩn.\n\nĐặt mua sớm Xiaomi Redmi Note 12 Pro 4G tại CellphoneS'
 'Điện thoại Xiaomi Redmi Note 12 Pro 5G giá bao nhiêu?\n\nXiaomi Redmi Note 12 Pro 5G tuy sở hữu bộ cấu hình vượt trội nhưng lại được bán với mức giá rất hấp dẫn, chỉ ở phân khúc tầm trung. Cụ thể như sau:\n\nSản phẩm\n\n\t\n\nGiá bán tham khảo\n\n\n\n\nRedmi Note 12 Pro 5G Trắng\n\n\t\n\nkhoảng 9,490,000 đồng\n\n\n\n\nRedmi Note 12 Pro 5G Xanh\xa0\n\n\t\n\nkhoảng 9,490,000 đồng\n\n\n\n\nRedmi Note 12 Pro 5G Đen\xa0\n\n\t\n\nkhoảng 9,490,000 đồng\n\nMua ngay Xiaomi Redmi Note 12 Pro 5G chính hãng tại CellphoneS'
 'khoảng 9,490,000 đồng\n\n\n\n\nRedmi Note 12 Pro 5G Xanh\xa0\n\n\t\n\nkhoảng 9,490,000 đồng\n\n\n\n\nRedmi Note 12 Pro 5G Đen\xa0\n\n\t\n\nkhoảng 9,490,000 đồng\n\nMua ngay Xiaomi Redmi Note 12 Pro 5G chính hãng tại CellphoneS\n\nXiaomi Redmi Note 12 Pro 5G với giá bán hấp dẫn, cùng bộ cấu hình ấn tượng xứng đáng là sự lựa chọn hoàn hảo dành cho những ai đang tìm kiếm một chiếc smartphone ngon, bổ, rẻ. Nhanh chóng đặt hàng ngay tại Hệ thống CellphoneS để được sở hữu điện thoại chính hãng với giá ưu đãi nhé.\n\nTại sao nên mua Xiaomi Redmi Note 12 Pro tại CellphoneS?']","Xiaomi Redmi Note 12 Pro 4G có giá khoảng 329.000 đồng (từ dưới 8 triệu đồng) cho phiên bản cấu hình chuẩn. Giá khởi điểm này phù hợp với khả năng chi tiêu của người Việt, giúp bạn dễ dàng sở hữu một chiếc điện thoại chất lượng mà không cần quá nhiều chi phí.",Điện thoại Xiaomi Redmi Note 12 Pro 4G có giá 5.690.000đ.,0.9999999999,,0.5,0.8516851431931395
Điện thoại này có những màu sắc nào?,"['Điện thoại iPhone 14 có mấy màu?\n\nTương tự như các thế hệ series khác, Apple cũng cho ra mắt điện thoại iPhone 14 với nhiều phiên bản màu sắc khác nhau bao gồm Purple (tím), Blue (xanh), RED Product (đỏ) và Midnight (đen), Starlight (trắng). Trong đó, hai màu sắc mới là xanh và tím.\n\nĐiện thoại iPhone 14 màu đen Midnight\n\nMàu đen là màu sắc truyền thống được trang bị trên hầu hết các thương hiệu điện thoại và Apple cũng không ngoại lệ. Sắc đen trung tính nhưng lại rất sang trọng, không lỗi mốt, không kén người dùng có thể thích hợp cho cả người dùng nam và nữ. Điện thoại iPhone 14 màu đen Midnight phù hợp với người dùng tối giản, không quá cầu kỳ.'
 'iPhone 15 Plus có bao nhiêu màu, mua màu nào đẹp?\n\niPhone 15 Plus với thiết kế mặt lưng kính pha màu nhờ đó mang lại bộ sưu tập màu sắc hoàn toàn mới. Cụ thể, máy với 5 phiên bản màu sắc, bao gồm: Đen, Vàng, Xanh lá, Xanh dương và Hồng. Các màu sắc trên 15 Plus đều được hoàn thiện passtel nhẹ nhàng.\n\n(Ảnh: Apple.com)\n\nMàu đen ((Black): Tuy là màu đen quen thuộc nhưng sắc đen trên thiết bị nhẹ nhành hơn mang lại sự tối giản và sang trọng. Đặc biệt màu đen cũng sẽ không bị lỗi thời nhờ đó dễ dàng sử dùng với nhiều đối tượng người dùng, đặc biệt là người dùng yêu thích sự tối giản.'
 'Điện thoại Nubia V60 Design được ZTE giới thiệu với 3 tuỳ chọn màu sắc là Dark Blue, Sunrise Violet và Champagne Gold. Nhờ việc sở hữu đa dạng màu sắc này mà dòng điện thoại giá rẻ của ZTE này sẽ phù hợp để người dùng thuộc mọi giới tính, độ tuổi sử dụng.\n\nGiá điện thoại Nubia V60 Design bao nhiêu?']","Điện thoại iPhone 14 có màu sắc như sau:

- Midnight (đen)
- Purple (tím)
- Blue (xanh)
- RED Product (đỏ)

Một số màu mới là xanh và tím.","Xiaomi Redmi Note 12 Pro 4G có các màu: Xanh dương đậm, Xanh dương nhạt, và Xám.",0.0,0.0,1.0,0.5101103330403332
Xiaomi Redmi Note 12 Pro 4G phù hợp với ai?,"['Điện thoại Xiaomi Redmi Note 12 Pro 4G giá bao nhiêu?\n\nTrong lần ra mắt vừa rồi, Xiaomi đã tiết lộ mức giá của Redmi Note 12 Pro 4G. Dù sở hữu nhiều nâng cấp vượt trội nhưng Note 12 Pro 4G lại sở hữu giá thành khá hợp lý, nằm trong khả năng chi tiêu của người Việt. Và đối với từng phiên bản dung lượng bộ nhớ khác nhau, mức giá của thiết bị cũng có sự chênh lệch. Theo đó. máy sẽ có giá bán khởi điểm khoảng\xa0€329 (trên dưới 8 triệu đồng) cho phiên bản cấu hình chuẩn.\n\nĐặt mua sớm Xiaomi Redmi Note 12 Pro 4G tại CellphoneS'
 'Redmi Note 12 Pro 4G\xa0là dòng sản phẩm điện thoại của thương hiệu Xiaomi. Nổi bật với thiết kế sang trọng đẳng cấp cùng khả năng tính toán và xử lý dữ liệu cực nhanh nhờ được trang bị bộ vi xử lý thế hệ mới, Redmi Note 12 Pro 4G được giới chuyên gia nhận định rằng rất có tiềm năng phát triển và sẽ trở thành chiếc flagship đời tiếp theo của Xiaomi.'
 'Xiaomi Redmi Note 12 Pro 4G\xa0là mẫu điện thoại tầm trung mới của hãng Xiaomi vừa được ra mắt vào tháng 4 năm 2023. Mẫu\xa0điện thoại Xiaomi\xa0mới này được trang bị\xa0màn hình\xa06.67 inch\xa0cùng\xa0tần số quét tới 120Hz\xa0giúp các chuyển động mượt mà, đặc biệt trong các trận chiến game.\xa0Xiaomi Redmi Note 12 Pro 4G cũng sẽ hoạt động ổn định với con\xa0chip\xa0Snapdragon® 732G\xa0cùng\xa0bộ nhớ RAM 6GB. Điện thoại cũng đáp ứng tốt nhu cầu nhiếp ảnh của người dùng với\xa0cụm bốn camera sau, trong đó ống kính chính sở hữu độ phân giải tới 50MP.\n\nNội dung chính']","Xiaomi Redmi Note 12 Pro 4G phù hợp với nhiều đối tượng khác nhau:

- Đối với người dùng game thủ yêu thích trải nghiệm mượt mà và ổn định.
- Với những người đam mê nhiếp ảnh, thiết bị này đáp ứng tốt nhu cầu chụp ảnh của bạn.
- Đối với những người cần một điện thoại có cấu hình mạnh mẽ để chơi game hoặc làm việc văn phòng.

Tuy nhiên, giá thành hợp lý là điểm đặc biệt thu hút đối tượng rộng rãi. Nếu bạn muốn sở hữu một chiếc Redmi Note 12 Pro 4G mà không lo lắng về chi phí, đây chính là lựa chọn phù hợp với bạn.","Xiaomi Redmi Note 12 Pro 4G phù hợp với người dùng cần một chiếc điện thoại tầm trung với thiết kế sang trọng, hiệu năng mạnh mẽ và khả năng chụp ảnh tốt.",0.5833333333041666,1.0,1.0,0.7571637807788761
Điện thoại Nubia A56 4GB 128GB có giá bao nhiêu?,"['Giá bán\n\nĐiện thoại Nubia A56 4GB 128GB\n\n\t\n\n2.190.000đ\n\n\n\n\nĐiện thoại Nubia A56 4GB 64GB\n\n\t\n\n2.050.000đ\n\nĐiện thoại nubia A56 – Hiệu năng ấn tượng trong tầm giá\n\nĐiện thoại nubia A56 là một lựa chọn đáng cân nhắc dành cho những ai đang tìm kiếm một chiếc smartphone với thiết kế hiện đại, hiệu năng ổn định. Với mức giá cạnh tranh, đây sẽ là một đối thủ đáng gờm trong phân khúc điện thoại tầm trung.\n\nCấu hình ổn định, đa nhiệm mượt mà'
 'Điện thoại nubia A56 có giá bao nhiêu?\n\nGiá bán\xa0nubia A56 trên phiên bản cấu hình chuẩn là 2.050.000 đồng. Với phiên bản cấu hình mở rộng, giá bán sẽ chênh lệch khoảng 200 ngàn đồng. Chi tiết giá\xa0nubia A56 tại CellphoneS như sau:\n\nTên sản phẩm\n\n\t\n\nGiá bán\n\nĐiện thoại Nubia A56 4GB 128GB\n\n\t\n\n2.190.000đ\n\n\n\n\nĐiện thoại Nubia A56 4GB 64GB\n\n\t\n\n2.050.000đ\n\nĐiện thoại nubia A56 – Hiệu năng ấn tượng trong tầm giá'
 '**Tên sán phẩm:** Điện thoại Nubia A56 4GB 128GB\n\n**Giá sản phẩm:** 2.190.000đ\n\n**Các màu của sản phẩm:** Vàng, Đen\n\n**Thông số sản phẩm:** Pin: 5000 mAh\n\nThẻ SIM: 2 Nano-SIM\n\nCamera sau: 13MP AF + 0.08MP + 0.08MP\n\nLoại CPU: T7200\n\nCamera trước: 8MP, FF\n\nBộ nhớ trong: 128 GB\n\nCông nghệ NFC: Không\n\nDung lượng RAM: 4 GB\n\nHệ điều hành: Android 15\n\nTính năng màn hình: Tần số quét 90Hz\n\nCông nghệ màn hình: IPS LCD\n\nKích thước màn hình: 6.75 inches\n\nĐộ phân giải màn hình: 720 x 1600 pixel\n\n**Giới thiệu sản phẩm:** Đặc điểm nổi bật của Điện thoại Nubia A56 4GB 128GB']",Điện thoại Nubia A56 4GB 128GB có giá là 2.190.000 đồng.,Điện thoại Nubia A56 4GB 128GB có giá 2.190.000đ.,0.9999999999666667,,1.0,0.8162375024009259
Điện thoại Nubia A56 4GB 128GB có những màu sắc nào?,"['**Tên sán phẩm:** Điện thoại Nubia A56 4GB 128GB\n\n**Giá sản phẩm:** 2.190.000đ\n\n**Các màu của sản phẩm:** Vàng, Đen\n\n**Thông số sản phẩm:** Pin: 5000 mAh\n\nThẻ SIM: 2 Nano-SIM\n\nCamera sau: 13MP AF + 0.08MP + 0.08MP\n\nLoại CPU: T7200\n\nCamera trước: 8MP, FF\n\nBộ nhớ trong: 128 GB\n\nCông nghệ NFC: Không\n\nDung lượng RAM: 4 GB\n\nHệ điều hành: Android 15\n\nTính năng màn hình: Tần số quét 90Hz\n\nCông nghệ màn hình: IPS LCD\n\nKích thước màn hình: 6.75 inches\n\nĐộ phân giải màn hình: 720 x 1600 pixel\n\n**Giới thiệu sản phẩm:** Đặc điểm nổi bật của Điện thoại Nubia A56 4GB 128GB'
 '**Tên sán phẩm:** Điện thoại Nubia A56 4GB 64GB\n\n**Giá sản phẩm:** 2.050.000đ\n\n**Các màu của sản phẩm:** Vàng, Đen\n\n**Thông số sản phẩm:** Pin: 5000 mAh\n\nThẻ SIM: 2 Nano-SIM\n\nCamera sau: 13MP AF + 0.08MP + 0.08MP\n\nLoại CPU: T7200\n\nCamera trước: 8MP, FF\n\nBộ nhớ trong: 64 GB\n\nCông nghệ NFC: Không\n\nDung lượng RAM: 4 GB\n\nHệ điều hành: Android 15\n\nTính năng màn hình: Tần số quét 90Hz\n\nCông nghệ màn hình: IPS LCD\n\nKích thước màn hình: 6.75 inches\n\nĐộ phân giải màn hình: 720 x 1600 pixel\n\n**Giới thiệu sản phẩm:** Đặc điểm nổi bật của Điện thoại Nubia A56 4GB 64GB'
 'Độ phân giải màn hình: 720 x 1600 pixel\n\n**Giới thiệu sản phẩm:** Đặc điểm nổi bật của Điện thoại Nubia A56 4GB 64GB\n\nĐiện thoại nubia A56 sở hữu màn hình lớn 6.75 inch IPS, hiệu năng ổn định và thời lượng pin 5000mAh phù hợp cho nhu cầu hằng ngày. Máy có RAM mở rộng 4GB+8GB và bộ nhớ 64GB lưu trữ rộng rãi. Mẫu điện thoại nubia này sở hữu các kết nối phổ biến như 4G, Wi-Fi băng tần kép và Bluetooth 5.2 đều được trang bị để đáp ứng những nhu cầu cơ bản.\n\nNội dung chính']",Các màu sắc của Điện thoại Nubia A56 4GB 128GB là vàng và đen.,Điện thoại Nubia A56 4GB 128GB có hai màu sắc là Vàng và Đen.,0.99999999995,,1.0,0.7669635201824679
Thông số kỹ thuật của điện thoại Nubia A56 4GB 128GB là gì?,"['**Tên sán phẩm:** Điện thoại Nubia A56 4GB 128GB\n\n**Giá sản phẩm:** 2.190.000đ\n\n**Các màu của sản phẩm:** Vàng, Đen\n\n**Thông số sản phẩm:** Pin: 5000 mAh\n\nThẻ SIM: 2 Nano-SIM\n\nCamera sau: 13MP AF + 0.08MP + 0.08MP\n\nLoại CPU: T7200\n\nCamera trước: 8MP, FF\n\nBộ nhớ trong: 128 GB\n\nCông nghệ NFC: Không\n\nDung lượng RAM: 4 GB\n\nHệ điều hành: Android 15\n\nTính năng màn hình: Tần số quét 90Hz\n\nCông nghệ màn hình: IPS LCD\n\nKích thước màn hình: 6.75 inches\n\nĐộ phân giải màn hình: 720 x 1600 pixel\n\n**Giới thiệu sản phẩm:** Đặc điểm nổi bật của Điện thoại Nubia A56 4GB 128GB'
 'Máy có RAM 4GB và hỗ trợ mở rộng RAM ảo thêm 8GB, giúp cải thiện hiệu suất đa nhiệm. Bên cạnh đó, máy cũng có dung lượng lưu trữ 64GB kèm khe cắm thẻ nhớ ngoài hỗ trợ tối đa 1TB. Với cấu hình này, nubia A56 đáp ứng tốt nhu cầu sử dụng hằng ngày và lưu trữ dữ liệu cá nhân mà không lo thiếu dung lượng.\n\nGhi lại khoảnh khắc với camera chất lượng cao'
 '**Tên sán phẩm:** Điện thoại Nubia A56 4GB 64GB\n\n**Giá sản phẩm:** 2.050.000đ\n\n**Các màu của sản phẩm:** Vàng, Đen\n\n**Thông số sản phẩm:** Pin: 5000 mAh\n\nThẻ SIM: 2 Nano-SIM\n\nCamera sau: 13MP AF + 0.08MP + 0.08MP\n\nLoại CPU: T7200\n\nCamera trước: 8MP, FF\n\nBộ nhớ trong: 64 GB\n\nCông nghệ NFC: Không\n\nDung lượng RAM: 4 GB\n\nHệ điều hành: Android 15\n\nTính năng màn hình: Tần số quét 90Hz\n\nCông nghệ màn hình: IPS LCD\n\nKích thước màn hình: 6.75 inches\n\nĐộ phân giải màn hình: 720 x 1600 pixel\n\n**Giới thiệu sản phẩm:** Đặc điểm nổi bật của Điện thoại Nubia A56 4GB 64GB']","Điện thoại Nubia A56 4GB 128GB có các thông số kỹ thuật sau:

- Pin: 5000 mAh
- Thẻ SIM: 2 Nano-SIM
- Camera sau: 13MP AF + 0.08MP + 0.08MP
- Loại CPU: T7200
- Camera trước: 8MP, FF
- Bộ nhớ trong: 128 GB
- Dung lượng RAM: 4 GB
- Hệ điều hành: Android 15

Giá sản phẩm là 2.190.000đ và có màu sắc vàng và đen.","Điện thoại Nubia A56 4GB 128GB có pin 5000 mAh, 2 Nano-SIM, camera sau 13MP + 0.08MP + 0.08MP, camera trước 8MP, CPU T7200, bộ nhớ trong 128 GB, RAM 4 GB, hệ điều hành Android 15, màn hình IPS LCD 6.75 inches với độ phân giải 720 x 1600 pixel và tần số quét 90Hz.",0.9999999999,,1.0,0.7839397872547842
Xiaomi Redmi 13C 6GB 128GB có giá bao nhiêu?,"['Xiaomi Redmi 13C 6GB 128GB giá bao nhiêu?\n\nVề giá bán của Xiaomi Redmi 13c 6gb 128gb, hiện chưa có thông tin chính thức từ hãng. Tuy nhiên, theo dự đoán của các chuyên gia, mẫu điện thoại này sẽ có giá tương tự như phiên bản tiền nhiệm của nó. Dự kiến, Xiaomi Redmi 13C sẽ có mức giá khởi điểm khoảng 9.499 INR. Khi về chính hãng Việt Nam, phiên bản\xa0Xiaomi Redmi 13C 6GB 128GB sẽ được lên kệ với giá niêm yết khoảng 3.5 triệu đồng.\n\nVới mức giá này, 13C sẽ là một lựa chọn đáng xem xét, đặc biệt khi nó được trang bị những nâng cấp đáng chú ý như dung lượng pin lớn 5000mAh, hỗ trợ sạc nhanh 18W, và dung lượng RAM lớn hơn.'
 '**Tên sán phẩm:** Xiaomi Redmi 13C 6GB 128GB\n\n**Giá sản phẩm:** 2.990.000đ\n\n**Các màu của sản phẩm:** Xanh dương, Xanh lá, Đen\n\n**Thông số sản phẩm:** Pin: 5000 mAh\n\nChipset: MediaTek Helio G85 8 nhân\n\nThẻ SIM: 2 SIM (Nano-SIM)\n\nCamera sau: Chính 50 MP & Phụ 2 MP\n\nLoại CPU: 8 nhân Cortex A53 xung nhịp 2.0 Ghz\n\nCamera trước: 8 MP\n\nBộ nhớ trong: 128 GB\n\nCông nghệ NFC: Không\n\nDung lượng RAM: 6 GB\n\nHệ điều hành: Android 13\n\nTính năng màn hình: Tần số quét 90Hz, Kính cường lực Corning Gorilla Glass, Độ sáng tối đa: 600 nits\n\nCông nghệ màn hình: IPS LCD\n\nKích thước màn hình: 6.74 inches\n\nĐộ phân giải màn hình: 720 x 1600 pixel\n\n**Giới thiệu sản phẩm:** Đặc điểm nổi bật của Xiaomi Redmi 13C 6GB 128GB'
 'Mua Xiaomi Redmi 13C 6GB 128GB chính hãng, giá hấp dẫn tại CellphoneS\n\nMua Xiaomi Redmi 13C 6GB 128GB chính hãng, giá hấp dẫn tại CellphoneS là một sự lựa chọn thông minh. CellphoneS là một trong những địa chỉ uy tín và chất lượng trên thị trường, chuyên cung cấp các sản phẩm chính hãng của Xiaomi.\xa0\n\nHiện tại, tại CellphoneS, bạn có thể tìm thấy nhiều sản phẩm Xiaomi chất lượng với mức giá hấp dẫn, đảm bảo hài lòng cho người dùng. Đừng bỏ lỡ cơ hội sở hữu Xiaomi Redmi 13C tại CellphoneS để trải nghiệm những tính năng và hiệu năng tốt nhất của chiếc điện thoại này.\n\nXem thêm']",Xiaomi Redmi 13C 6GB 128GB có giá khoảng 3.5 triệu đồng tại CellphoneS.,Xiaomi Redmi 13C 6GB 128GB có giá 2.990.000đ.,0.49999999995,,0.0,0.8017559283769987
Xiaomi Redmi 13C 6GB 128GB có những màu sắc nào?,"['**Tên sán phẩm:** Xiaomi Redmi 13C 6GB 128GB\n\n**Giá sản phẩm:** 2.990.000đ\n\n**Các màu của sản phẩm:** Xanh dương, Xanh lá, Đen\n\n**Thông số sản phẩm:** Pin: 5000 mAh\n\nChipset: MediaTek Helio G85 8 nhân\n\nThẻ SIM: 2 SIM (Nano-SIM)\n\nCamera sau: Chính 50 MP & Phụ 2 MP\n\nLoại CPU: 8 nhân Cortex A53 xung nhịp 2.0 Ghz\n\nCamera trước: 8 MP\n\nBộ nhớ trong: 128 GB\n\nCông nghệ NFC: Không\n\nDung lượng RAM: 6 GB\n\nHệ điều hành: Android 13\n\nTính năng màn hình: Tần số quét 90Hz, Kính cường lực Corning Gorilla Glass, Độ sáng tối đa: 600 nits\n\nCông nghệ màn hình: IPS LCD\n\nKích thước màn hình: 6.74 inches\n\nĐộ phân giải màn hình: 720 x 1600 pixel\n\n**Giới thiệu sản phẩm:** Đặc điểm nổi bật của Xiaomi Redmi 13C 6GB 128GB'
 'Trong lần ra mắt này, Xiaomi sẽ mang đến nhiều tùy chọn màu sắc khác nhau cho người dùng. Có sẵn các màu sắc hiện đại và sang trọng như:\xa0Đen bán dạ,\xa0Xanh hải quân và\xa0Xanh cỏ ba lá. Tất cả những tùy chọn này đều có thiết kế trẻ trung và phù hợp với nhiều đối tượng sử dụng.\n\nXiaomi Redmi 13C 6GB 128GB giá bao nhiêu?'
 'Mặt lưng của 13C được thiết kế từ nhựa cao cấp với các đường vân sọc như trên chiếc Redmi 12C tiền nhiệm. Thiết kế này không chỉ giúp chiếc máy tăng tính thẩm mỹ mà còn giúp hạn chế mồ hôi và dấu vân tay. Đồng thời, sản phẩm còn có nhiều tùy chọn màu sắc trẻ trung để người dùng có thêm nhiều sự lựa chọn phù hợp với phong cách cá nhân.\n\nXiaomi Redmi 13C 6GB 128GB ra mắt khi nào?\n\nTheo những thông tin được tiết lộ, Xiaomi Redmi 13C sẽ ra mắt vào đầu tháng 11 năm 2023. Cụ thể, sản phẩm chính thức được Xiaomi giới thiệu đến người tiêu dùng Việt Nam vào ngày 15/11 năm 2023 vừa qua.']","Xiaomi Redmi 13C 6GB 128GB có các màu sắc sau:

- Đen bán dạ
- Xanh hải quân
- Xanh cỏ ba lá

Tất cả những tùy chọn này đều được thiết kế trẻ trung và phù hợp với nhiều đối tượng sử dụng.","Xiaomi Redmi 13C 6GB 128GB có các màu: Xanh dương, Xanh lá, Đen.",0.9999999999666667,1.0,1.0,0.81568814439253
Thông số kỹ thuật nổi bật của Xiaomi Redmi 13C 6GB 128GB là gì?,"['Kích thước màn hình: 6.74 inches\n\nĐộ phân giải màn hình: 720 x 1600 pixel\n\n**Giới thiệu sản phẩm:** Đặc điểm nổi bật của Xiaomi Redmi 13C 6GB 128GB\n\nXiaomi Redmi 13C được trang bị màn hình IPS LCD\xa06,74 inches cùng độ phân giải 1600x720 pixels cho độ chi tiết vừa phải và độ chân thực cao. Sản phẩm Xiaomi được trang bị con chip MediaTek Helio G85 cùng bộ nhớ RAM 6GB mang lại hiệu năng ổn định. Hơn nữa, mẫu điện thoại Xiaomi Redmi 13C này còn sở hữu camera chính 50 MP và viên pin với dung lượng lên đến 5.000 mAh.\n\nNội dung chính'
 '**Tên sán phẩm:** Xiaomi Redmi 13C 6GB 128GB\n\n**Giá sản phẩm:** 2.990.000đ\n\n**Các màu của sản phẩm:** Xanh dương, Xanh lá, Đen\n\n**Thông số sản phẩm:** Pin: 5000 mAh\n\nChipset: MediaTek Helio G85 8 nhân\n\nThẻ SIM: 2 SIM (Nano-SIM)\n\nCamera sau: Chính 50 MP & Phụ 2 MP\n\nLoại CPU: 8 nhân Cortex A53 xung nhịp 2.0 Ghz\n\nCamera trước: 8 MP\n\nBộ nhớ trong: 128 GB\n\nCông nghệ NFC: Không\n\nDung lượng RAM: 6 GB\n\nHệ điều hành: Android 13\n\nTính năng màn hình: Tần số quét 90Hz, Kính cường lực Corning Gorilla Glass, Độ sáng tối đa: 600 nits\n\nCông nghệ màn hình: IPS LCD\n\nKích thước màn hình: 6.74 inches\n\nĐộ phân giải màn hình: 720 x 1600 pixel\n\n**Giới thiệu sản phẩm:** Đặc điểm nổi bật của Xiaomi Redmi 13C 6GB 128GB'
 'Màn hình 13C kích thước lớn, thiết kế quen thuộc\n\nXiaomi Redmi 13c 6gb 128gb\xa0được trang bị màn hình lớn kích thước 6.74 inch, sử dụng tấm nền IPS LCD và độ phân giải HD+, mang lại trải nghiệm xem ấn tượng. Nhờ tỷ lệ khung hình 20:9 và độ sáng tối đa 600 nits, màn hình đáp ứng tốt nhu cầu giải trí và công việc hàng ngày của người dùng.\n\nRedmi 13C sẽ có thiết kế tổng thể với khối lượng khoảng 192gram và độ dày\xa08,09 mm nên có cảm giác khá đầm tay. Tuy nhiên điều này dễ hiểu bởi smartphone này sẽ trang bị viên pin dung lượng lớn lên đến 5.000 mAh.']","Xiaomi Redmi 13C 6GB 128GB nổi bật với màn hình kích thước lớn 6.74 inch và độ phân giải HD+. Màn hình IPS LCD mang lại trải nghiệm xem phong cách, phù hợp cho nhu cầu giải trí và công việc hàng ngày. Sản phẩm còn được trang bị con chip MediaTek Helio G85 cùng RAM 6GB, giúp hiệu năng ổn định. Camera chính 50MP và camera phụ 2MP cho khả năng chụp ảnh sắc nét. Pin dung lượng lớn lên đến 5.000 mAh cung cấp thời gian sử dụng lâu dài.","Xiaomi Redmi 13C 6GB 128GB được trang bị pin 5000 mAh, chipset MediaTek Helio G85 8 nhân, camera sau 50 MP, camera trước 8 MP, RAM 6 GB, và bộ nhớ trong 128 GB.",0.99999999995,1.0,1.0,0.7978786195253798
iPhone 13 256GB có giá bao nhiêu?,"['Nội dung chính\n\n1. Điện thoại\xa0iPhone 13 256GB giá bao nhiêu tiền?\nĐiện thoại\xa0iPhone 13 256GB giá bao nhiêu tiền?\n\nĐiện thoại iPhone 13 256GB bộ nhớ có giá cao hơn một chút so với bản tiêu chuẩn 128GB. Cụ thể,\xa0iPhone 13 256GB có giá bán khoảng 21.490.000 đồng (Mức giá sẽ có giao đồng theo thời gian tùy vào chương trình khuyến mãi). Ngoài ra, giá bán iP13\xa0256GB bộ nhớ trong cũng sẽ có sự khác biệt nhẹ giữa các phiên bản màu sắc. Cụ thể như sau:\n\nĐiện thoại\xa0iPhone 13 256GB\t\n\nGiá bán\n\n\n\n\nĐiện thoại\xa0iPhone 13 256GB\xa0Xanh lá\n\n\t\n\nGiá chỉ từ 21.690.000 đồng\n\n\n\n\nĐiện thoại\xa0iPhone 13 256GB\xa0Hồng\n\n\t\n\nGiá chỉ từ\xa021.690.000\xa0đồng\n\n\n\n\nĐiện thoại\xa0iPhone 13 256GB\xa0Trắng'
 'Giá chỉ từ 21.690.000 đồng\n\n\n\n\nĐiện thoại\xa0iPhone 13 256GB\xa0Hồng\n\n\t\n\nGiá chỉ từ\xa021.690.000\xa0đồng\n\n\n\n\nĐiện thoại\xa0iPhone 13 256GB\xa0Trắng\n\n\t\n\nGiá chỉ từ\xa021.490.000\xa0đồng\n\n\n\n\nĐiện thoại\xa0iPhone 13 256GB\xa0Đỏ\n\n\t\n\nGiá chỉ từ\xa021.490.000\xa0đồng\n\n\n\n\nĐiện thoại\xa0iPhone 13 256GB Xanh dương\n\n\t\n\nGiá chỉ từ\xa021.490.000\xa0đồng\n\n\nĐiện thoại\xa0iPhone 13 256GB Đen\tGiá chỉ từ\xa021.690.000\xa0đồng\n\n* Lưu ý: Mức giá trên là mức giá tại thời điểm tác giả lên bài, giá bán iP13\xa0256GB bộ nhớ trong có thể thay đổi theo thời gian. Để biết chính xác giá bán\xa0iPhone 13 256GB giá bao nhiêu tiền tại thời điểm hiện tại, truy cập website CellphoneS.com.vn.\n\nXem thêm'
 'Điện thoại iPhone 13 thường giá bao nhiêu tiền?\n\nVậy với những thông số trên thì điện thoại iPhone 13 thường giá bao nhiêu cho các phiên bản 128GB, 256GB và 512GB? Giá iPhone 13 trên thị trường hiện tại dao động từ 13.79 triệu VNĐ đến 24.39 triệu VNĐ, tuỳ thuộc vào mức dung lượng lưu trữ mà người dùng lựa chọn. Cụ thể, phiên bản 128GB có mức giá thấp hơn cả, phù hợp với người sử dụng có nhu cầu lưu trữ, ghi nhớ dữ liệu không quá cao. Ngược lại, các phiên bản 256GB và 512GB sẽ có giá cao hơn, thích hợp cho những người cần nhiều không gian lưu trữ hơn.\xa0\n\nChi tiết giá bán\xa0iPhone 13 tại CellphoneS vào tháng\xa010/2025 như sau:']","Điện thoại iPhone 13 256GB có giá khoảng 21.490.000 đồng (tùy thuộc vào màu sắc và phiên bản). Giá này cao hơn một chút so với bản tiêu chuẩn 128GB, nhưng vẫn phù hợp cho người dùng cần nhiều không gian lưu trữ.","iPhone 13 256GB có giá khoảng 21.490.000 đồng, nhưng giá có thể thay đổi tùy theo màu sắc và chương trình khuyến mãi.",0.9999999999666667,,1.0,0.8219529823242951
iPhone 13 256GB có những màu sắc nào?,"['Giá chỉ từ 21.690.000 đồng\n\n\n\n\nĐiện thoại\xa0iPhone 13 256GB\xa0Hồng\n\n\t\n\nGiá chỉ từ\xa021.690.000\xa0đồng\n\n\n\n\nĐiện thoại\xa0iPhone 13 256GB\xa0Trắng\n\n\t\n\nGiá chỉ từ\xa021.490.000\xa0đồng\n\n\n\n\nĐiện thoại\xa0iPhone 13 256GB\xa0Đỏ\n\n\t\n\nGiá chỉ từ\xa021.490.000\xa0đồng\n\n\n\n\nĐiện thoại\xa0iPhone 13 256GB Xanh dương\n\n\t\n\nGiá chỉ từ\xa021.490.000\xa0đồng\n\n\nĐiện thoại\xa0iPhone 13 256GB Đen\tGiá chỉ từ\xa021.690.000\xa0đồng\n\n* Lưu ý: Mức giá trên là mức giá tại thời điểm tác giả lên bài, giá bán iP13\xa0256GB bộ nhớ trong có thể thay đổi theo thời gian. Để biết chính xác giá bán\xa0iPhone 13 256GB giá bao nhiêu tiền tại thời điểm hiện tại, truy cập website CellphoneS.com.vn.\n\nXem thêm'
 'Hiện nay dòng sản phẩm iPhone 14 256GB có nhiều màu phù hợp với mọi độ tuổi. Gồm có các màu như Sunset Gold, Deep Purple, Teal, Space Gray, Cherry, Royal rose.\xa0\n\nChất lượng camera đỉnh cao, nhiều điểm mới lạ\n\nĐiểm ấn tượng mà ở các dòng iPhone khác không có đó chính là phần camera. Chiếc iPhone 14 256GB có camera có kích thước lớn hơn khoảng 5% khiến cho chiếc iPhone này khác biệt với phần còn lại.'
 'Nội dung chính\n\n1. Điện thoại\xa0iPhone 13 256GB giá bao nhiêu tiền?\nĐiện thoại\xa0iPhone 13 256GB giá bao nhiêu tiền?\n\nĐiện thoại iPhone 13 256GB bộ nhớ có giá cao hơn một chút so với bản tiêu chuẩn 128GB. Cụ thể,\xa0iPhone 13 256GB có giá bán khoảng 21.490.000 đồng (Mức giá sẽ có giao đồng theo thời gian tùy vào chương trình khuyến mãi). Ngoài ra, giá bán iP13\xa0256GB bộ nhớ trong cũng sẽ có sự khác biệt nhẹ giữa các phiên bản màu sắc. Cụ thể như sau:\n\nĐiện thoại\xa0iPhone 13 256GB\t\n\nGiá bán\n\n\n\n\nĐiện thoại\xa0iPhone 13 256GB\xa0Xanh lá\n\n\t\n\nGiá chỉ từ 21.690.000 đồng\n\n\n\n\nĐiện thoại\xa0iPhone 13 256GB\xa0Hồng\n\n\t\n\nGiá chỉ từ\xa021.690.000\xa0đồng\n\n\n\n\nĐiện thoại\xa0iPhone 13 256GB\xa0Trắng']","iPhone 13 256GB có nhiều màu sắc phù hợp với mọi độ tuổi. Các màu sắc phổ biến bao gồm Sunset Gold, Deep Purple, Teal, Space Gray, Cherry và Royal Rose.","iPhone 13 256GB có các màu sắc: Xanh lá, Đỏ, Trắng, Hồng, Xanh dương, và Đen.",0.9999999999,,0.0,0.8127768669179852
Thông số kỹ thuật của iPhone 13 256GB là gì?,"['Công nghệ màn hình: Super Retina XDR OLED\n\nKích thước màn hình: 6.1 inches\n\nĐộ phân giải màn hình: 2532 x 1170 pixels\n\n**Giới thiệu sản phẩm:** Đặc điểm nổi bật của iPhone 13 256GB | Chính hãng VN/A\n\niPhone 17 256GB\n\niPhone 13 256GB được đánh giá là dòng iPhone mang một thiết kế ấn tượng, gợi lên nét đẹp sang trọng, ấn tượng cùng khả năng xử lý đồ họa vượt trội, trở thành phiên bản cuốn hút, tạo điểm nhất độc đáo cho người dùng\n\nNội dung chính\n\n1. Điện thoại\xa0iPhone 13 256GB giá bao nhiêu tiền?\nĐiện thoại\xa0iPhone 13 256GB giá bao nhiêu tiền?'
 'Nội dung chính\n\n1. Điện thoại\xa0iPhone 13 256GB giá bao nhiêu tiền?\nĐiện thoại\xa0iPhone 13 256GB giá bao nhiêu tiền?\n\nĐiện thoại iPhone 13 256GB bộ nhớ có giá cao hơn một chút so với bản tiêu chuẩn 128GB. Cụ thể,\xa0iPhone 13 256GB có giá bán khoảng 21.490.000 đồng (Mức giá sẽ có giao đồng theo thời gian tùy vào chương trình khuyến mãi). Ngoài ra, giá bán iP13\xa0256GB bộ nhớ trong cũng sẽ có sự khác biệt nhẹ giữa các phiên bản màu sắc. Cụ thể như sau:\n\nĐiện thoại\xa0iPhone 13 256GB\t\n\nGiá bán\n\n\n\n\nĐiện thoại\xa0iPhone 13 256GB\xa0Xanh lá\n\n\t\n\nGiá chỉ từ 21.690.000 đồng\n\n\n\n\nĐiện thoại\xa0iPhone 13 256GB\xa0Hồng\n\n\t\n\nGiá chỉ từ\xa021.690.000\xa0đồng\n\n\n\n\nĐiện thoại\xa0iPhone 13 256GB\xa0Trắng'
 '**Giới thiệu sản phẩm:** Đặc điểm nổi bật của iPhone 13 128GB | Chính hãng VN/A\n\niPhone 13 thường\xa0được trang bị chip A15 Bionic mạnh mẽ với 6 nhân CPU và 4 nhân GPU, cung cấp mức hiệu năng vượt trội, giúp xử lý nhanh chóng các tác vụ nặng. Màn hình Super Retina XDR 6.1 inch trên máy cũng được đánh giá cao khi mang tới hình ảnh sắc nét với độ sáng cao, tối ưu hóa trải nghiệm xem nội dung dưới mọi điều kiện ánh sáng. Chưa hết, iPhone13 còn sở hữu hệ thống camera kép 12MP với công nghệ ổn định hình ảnh quang học (OIS) cải thiện khả năng quay film, chụp hình, ngay cả khi đang ở trong môi trường ánh sáng yếu.']","iPhone 13 256GB có các thông số kỹ thuật sau:

- Kích thước màn hình: 6.1 inches
- Độ phân giải màn hình: 2532 x 1170 pixels

Giá bán iPhone 13 256GB thường dao động từ khoảng 21.490.000 đồng (tùy thời điểm và chương trình khuyến mãi).","iPhone 13 256GB có pin 3240 mAh, chipset Apple A15, 2 SIM (nano-SIM và eSIM), camera sau 12MP (góc rộng và siêu rộng), camera trước 12MP, bộ nhớ trong 256 GB, RAM 4 GB, và màn hình Super Retina XDR OLED kích thước 6.1 inches với độ phân giải 2532 x 1170 pixels.",0.8333333332916666,,1.0,0.7490496971864449
Điện thoại Meizu Mblu 21 có giá bao nhiêu?,"['Tên sản phẩm\n\n\t\n\nGiá bán\n\nĐiện thoại Meizu Mblu 21 4GB 64GB\n\n\t\n\n1.990.000đ\n\n\n\n\nĐiện thoại Meizu Mblu 21 6GB 128GB\n\n\t\n\n2.390.000đ\n\nĐây sẽ là lựa chọn hấp dẫn trong phân khúc giá rẻ, kể cả khi so sánh với các lựa chọn rất được ưa chuộng như\xa0TECNO SPARK Go 1,\xa0Infinix Hot 30i, điện thoại ZTE Blade A54,...\n\nMua điện thoại Meizu MBLU 21 giá tốt, chính hãng tại CellphoneS'
 '**Tên sán phẩm:** Điện thoại Meizu Mblu 21 6GB 128GB\n\n**Giá sản phẩm:** 2.390.000đ\n\n**Các màu của sản phẩm:** Xanh, Trắng, Đen\n\n**Thông số sản phẩm:** Pin: 4900mAh\n\nChipset: Spreadtrum T606\n\nThẻ SIM: 2 Nano-SIM\n\nCamera sau: 13MP\n0.08 MP\n\nCamera trước: 8 MP\n\nBộ nhớ trong: 128 GB\n\nCông nghệ NFC: Không\n\nDung lượng RAM: 6 GB\n\nHệ điều hành: Android 14\n\nKích thước màn hình: 6.79 inches\n\n**Giới thiệu sản phẩm:** Đặc điểm nổi bật của Điện thoại Meizu Mblu 21 6GB 128GB'
 '**Tên sán phẩm:** Điện thoại Meizu Mblu 21 4GB 64GB\n\n**Giá sản phẩm:** 1.990.000đ\n\n**Các màu của sản phẩm:** Trắng, Đen, Xanh\n\n**Thông số sản phẩm:** Pin: 4900mAh\n\nChipset: Spreadtrum T606\n\nThẻ SIM: 2 Nano-SIM\n\nCamera sau: 13MP\n0.08 MP\n\nCamera trước: 8 MP\n\nBộ nhớ trong: 64 GB\n\nCông nghệ NFC: Không\n\nDung lượng RAM: 4 GB\n\nHệ điều hành: Android 14\n\nKích thước màn hình: 6.79 inches\n\n**Giới thiệu sản phẩm:** Đặc điểm nổi bật của Điện thoại Meizu Mblu 21 4GB 64GB']",Điện thoại Meizu Mblu 21 có giá là 2.390.000đ.,Điện thoại Meizu Mblu 21 có giá 1.990.000đ.,0.8333333332916666,,1.0,0.7538779718387077
Điện thoại Meizu Mblu 21 có những màu sắc nào?,"['Điện thoại Meizu MBLU 21 khi nào ra mắt?\n\nĐiện thoại Meizu MBLU 21 đã được\xa0Meizu cho ra mắt từ năm 2023 tuy nhiên phải đến cuối năm 2024 sản phẩm\xa0Meizu MBLU 21 chính hãng mới có mặt tại Việt Nam. Khi trình làng máy có ba lựa chọn màu quen thuộc là Xanh dương, Đen và Trắng mang lại sự đa dạng trong các lựa chọn cho khách mua hàng.\n\nĐiện thoại Meizu MBLU 21 giá bán bao nhiêu 10/2025?\n\nĐiện thoại Meizu MBLU 21 với hai phiên bản cấu hình là sản phẩm nằm trong phân khúc giá rẻ sẽ được bán chính hãng với giá bán từ 2 triệu đồng. Chi tiết giá bán từng phiên bản như sau:\n\nTên sản phẩm\n\n\t\n\nGiá bán\n\nĐiện thoại Meizu Mblu 21 4GB 64GB\n\n\t\n\n1.990.000đ'
 'Màn hình HD+ kích thước 6.79 inch, hỗ trợ tần số 90Hz\n\nĐiểm nổi bật của điện thoại Meizu MBLU 21 là khả năng hiển thị. Meizu đã trang bị cho điện thoại MBLU 21 một màn hình HD+ (720 x 1640) có kích thước cực lớn, lên tới 6.79 inch. Hai cạnh bên của màn hình còn được tối ưu phần viền để điện thoại có được tỷ lệ hiển thị lớn hơn. Kèm theo đó là tần số quét 90Hz để giúp các chuyển động trên màn hình luôn có được sự mượt mà, uyển chuyển.\n\nĐiện thoại Meizu MBLU 21 khi nào ra mắt?'
 'Meizu MBLU 21 sở hữu nhiều ưu điểm nổi bật so với các sản phẩm khác trong cùng tầm giá như:\n\nThiết kế cạnh lăng kính: Cho hiệu ứng chuyển màu bắt mắt\n\nMàn hình\xa06,79 90Hz: Hiển thị nhiều chi tiết với độ rõ cao\n\nCamera thông minh 13MP: Dễ dàng chụp ảnh và chia sẻ mạng xã hội\n\nPin 4900mAh: Sử dụng bền bỉ lên đến cả ngày dài\n\nĐiện thoại Meizu MBLU 21 - Hiệu năng ổn định, hiển trị sắc nét, mượt mà']","Meizu MBLU 21 có ba màu sắc phổ biến là Xanh dương, Đen và Trắng.","Điện thoại Meizu Mblu 21 có các màu Trắng, Đen và Xanh.",0.9999999999,,1.0,0.7501080204522038
Thông số kỹ thuật nổi bật của điện thoại Meizu Mblu 21 là gì?,"['Màn hình HD+ kích thước 6.79 inch, hỗ trợ tần số 90Hz\n\nĐiểm nổi bật của điện thoại Meizu MBLU 21 là khả năng hiển thị. Meizu đã trang bị cho điện thoại MBLU 21 một màn hình HD+ (720 x 1640) có kích thước cực lớn, lên tới 6.79 inch. Hai cạnh bên của màn hình còn được tối ưu phần viền để điện thoại có được tỷ lệ hiển thị lớn hơn. Kèm theo đó là tần số quét 90Hz để giúp các chuyển động trên màn hình luôn có được sự mượt mà, uyển chuyển.\n\nĐiện thoại Meizu MBLU 21 khi nào ra mắt?'
 'Hệ điều hành: Android 14\n\nKích thước màn hình: 6.79 inches\n\n**Giới thiệu sản phẩm:** Đặc điểm nổi bật của Điện thoại Meizu Mblu 21 4GB 64GB\n\nĐiện thoại Meizu MBLU 21 được trang\xa04GB RAM cùng bộ nhớ trong 64GB để mang tới hiệu suất ổn định, phục vụ tốt nhu cầu giải trí trong phân khúc smartphone giá rẻ. Với cụm camera sau 13MP + 0.08MP và camera trước 8MP, mẫu điện thoại phổ thông của Meizu sẽ đáp ứng tốt các tác vụ quay, chụp thường ngày. Viên pin 4900mAh cung cấp đủ năng lượng để điện thoại có thể hoạt động bền bỉ xuyên suốt cả ngày.\n\nNội dung chính'
 'Meizu MBLU 21 sở hữu nhiều ưu điểm nổi bật so với các sản phẩm khác trong cùng tầm giá như:\n\nThiết kế cạnh lăng kính: Cho hiệu ứng chuyển màu bắt mắt\n\nMàn hình\xa06,79 90Hz: Hiển thị nhiều chi tiết với độ rõ cao\n\nCamera thông minh 13MP: Dễ dàng chụp ảnh và chia sẻ mạng xã hội\n\nPin 4900mAh: Sử dụng bền bỉ lên đến cả ngày dài\n\nĐiện thoại Meizu MBLU 21 - Hiệu năng ổn định, hiển trị sắc nét, mượt mà']","Thông số kỹ thuật nổi bật của điện thoại Meizu MBLU 21 bao gồm:

- Màn hình HD+ (720 x 1640) kích thước 6.79 inch, hỗ trợ tần số quét 90Hz.
- 4GB RAM cùng bộ nhớ trong 64GB cho hiệu suất ổn định và đáp ứng nhu cầu giải trí tốt.
- Cụm camera sau 13MP + 0.08MP và camera trước 8MP.
- Viên pin 4900mAh cung cấp năng lượng bền bỉ suốt cả ngày dài.

Những điểm này giúp điện thoại Meizu MBLU 21 nổi bật so với các sản phẩm cùng giá, mang đến trải nghiệm tốt về hiệu suất, hiển thị và thời gian sử dụng pin.","Điện thoại Meizu Mblu 21 có pin 4900mAh, chipset Spreadtrum T606, RAM 4GB, bộ nhớ trong 64GB, camera sau 13MP + 0.08MP, camera trước 8MP và màn hình 6.79 inches.",0.9999999999666667,0.8571428571428571,1.0,0.7838753095416232
Điện thoại TECNO CAMON 40 có giá bao nhiêu?,"['Bên cạnh đó, CAMON 40 sẽ mang đến bốn tùy chọn màu sắc hiện đại và cuốn hút: Đen, Trắng và hai phiên bản xanh bắt mắt. Mỗi màu sắc không chỉ phản ánh phong cách cá nhân mà còn góp phần tăng thêm vẻ đẹp thời thượng cho sản phẩm.\n\nGiá bán của điện thoại TECNO CAMON 40 bao nhiêu?\n\nLà sản phẩm giá rẻ tầm trung, điện thoại\xa0TECNO CAMON 40 sẽ được lên kệ với mức giá từ 5 - 7 triệu đồng, tùy vào từng phiên bản cấu hình khác nhau.\xa0Đây là một mức giá cực kỳ hấp dẫn, mang lại giá trị vượt trội so với những gì mà chiếc điện thoại này sở hữu.'
 'Với sự xuất hiện trên các nền tảng chứng nhận như FCC, TUV Rheinland và Geekbench, Camon 40 Pro dường như đã sẵn sàng để trình làng. Qua đó, hứa hẹn sẽ mang đến một cú hích lớn cho phân khúc smartphone tầm trung.\n\nĐiện thoại TECNO Camon 40 Pro có giá bao nhiêu?\n\nGiá của điện thoại Tecno Camon 40 Pro\xa0tại thị trường chính hãng Việt Nam chỉ từ 6.99 triệu đồng. Tuy nhiên khi mua hàng tại các hệ thống bán lẻ chính hãng như CellphoneS với các chương trình khuyến mãi kèm theo, sản phẩm sẽ được giảm giá đáng kể.\xa0\n\nChi tiết giá\xa0TECNO Camon 40 Pro được bán tại CellphoneS vào tháng 10/2025 như sau:\n\nTên sản phẩm\n\n\t\n\nGiá bán\n\n\t\n\nGiá thu cũ lên đời\n\nTECNO CAMON 40 Pro 8GB 256GB'
 'Ở mức giá này, CAMON 40 sẽ là đối thủ cạnh tranh đáng gờm với nhiều dòng điện thoại khác trên thị trường. TECNO đã khéo léo định giá sản phẩm để tiếp cận nhiều đối tượng khách hàng hơn, từ học sinh, sinh viên đến những người yêu thích nhiếp ảnh.\xa0\n\nChi tiết giá bán tại CellphoneS như sau:\n\nTên sản phẩm\n\n\t\n\nGiá bán\n\n\t\n\nGiá thu cũ lên đời\n\nTECNO CAMON 40 8GB 128GB\n\n\t\n\n5.090.000đ\n\n\t\n\n4.590.000đ\n\n\n\n\nTECNO CAMON 30 8GB 256GB\n\n\t\n\n4.690.000đ\n\n\t\n\n4.190.000đ\n\nMua ngay điện thoại TECNO CAMON 40 chính hãng tại CellphoneS ngay hôm nay!']","Điện thoại TECNO CAMON 40 có giá từ 5 - 7 triệu đồng, tùy vào phiên bản cấu hình khác nhau. Giá tại CellphoneS dao động từ 5.090.000đ đến 6.99 triệu đồng.",Điện thoại TECNO CAMON 40 có giá 5.090.000đ.,0.8333333332916666,,1.0,0.8195353950458157
Điện thoại TECNO CAMON 40 có những màu sắc nào?,"['Bên cạnh đó, CAMON 40 sẽ mang đến bốn tùy chọn màu sắc hiện đại và cuốn hút: Đen, Trắng và hai phiên bản xanh bắt mắt. Mỗi màu sắc không chỉ phản ánh phong cách cá nhân mà còn góp phần tăng thêm vẻ đẹp thời thượng cho sản phẩm.\n\nGiá bán của điện thoại TECNO CAMON 40 bao nhiêu?\n\nLà sản phẩm giá rẻ tầm trung, điện thoại\xa0TECNO CAMON 40 sẽ được lên kệ với mức giá từ 5 - 7 triệu đồng, tùy vào từng phiên bản cấu hình khác nhau.\xa0Đây là một mức giá cực kỳ hấp dẫn, mang lại giá trị vượt trội so với những gì mà chiếc điện thoại này sở hữu.'
 'Bên cạnh đó là màn hình AMOLED\xa06.78 inch với độ phân giải FHD+ và tần số quét 120Hz mang đến trải nghiệm hiển thị tuyệt vời. ông nghệ giảm ánh sáng xanh TÜV Rheinland bảo vệ đôi mắt, mang đến sự thoải mái khi sử dụng trong thời gian dài.\n\nĐiện thoại TECNO CAMON 40 sẽ ra mắt khi nào?\n\nTECNO CAMON 40 chính thức được trình làng vào sự kiện\xa0MWC 2025 diễn ra đầu tháng 3 năm 2025. Tại sự kiện này, ngoài\xa0TECNO CAMON 40 thì Tecno còn giới thiệu thêm 3 phiên bản khác là\xa0Pro, Pro 5G và Premier 5G.'
 'Điện thoại\xa0CAMON 40 là mẫu smartphone thông minh sở hữu nhiều tính năng đặc biệt mà giá thành tương đối phải chăng, một số điểm nổi bật trên sản phẩm phải kể đến như:\n\nTecno AI: Hỗ trợ xóa vật thể ảnh, tím kiếm và dịch thuật viết tiện lợi\n\nTản nhiệt E-Sports pro cùng cấu hình mạnh: Tối ưu cho trải nghiệm sử dụng, đặc biệt là giải trí\n\nPin 5200 mAh cùng sạc nhanh 45W: Cung cấp năng lượng bền bỉ cùng khả năng bổ sung nhanh\n\nKháng nước và bụi chuẩn IP66: Sử dụng bền bỉ dưới nhiều điều điện thời tiết\n\nSo sánh chi tiết\xa0TECNO CAMON 40 với\xa0TECNO CAMON 30']","TECNO CAMON 40 có bốn màu sắc hiện đại và cuốn hút: Đen, Trắng và hai phiên bản xanh bắt mắt.","Điện thoại TECNO CAMON 40 có các màu Trắng, Xanh, Đen.",0.9999999999,,1.0,0.7782650060093141
Thông số kỹ thuật nổi bật của TECNO CAMON 40 là gì?,"['Công nghệ màn hình: AMOLED\n\nKích thước màn hình: 6.78 inches\n\n**Giới thiệu sản phẩm:** Đặc điểm nổi bật của TECNO CAMON 40 8GB 128GB\n\nĐiện thoại TECNO CAMON 40 là chiếc smartphone tầm trung với thiết kế hiện đại, cụm camera sau lên đến 50MP được bố trí dọc và mặt lưng bất đối xứng. Máy sở hữu màn hình AMOLED\xa06.78 inch, FHD+, tần số quét 120Hz cho hình ảnh sống động, sắc nét. Với chip\xa0MediaTek Helio G100 Ultimate, pin 5200mAh và sạc nhanh 45W, CAMON 40 đảm bảo hiệu suất ổn định, thời lượng pin lâu dài và khả năng xử lý mượt mà.\xa0\n\nNội dung chính'
 'Tần số quét 120Hz\n\nĐiện thoại TECNO CAMON 40 – Mặt lưng ấn tượng cùng camera chất lượng cao\n\nĐiện thoại TECNO CAMON 40 là một trong những cái tên đáng chú ý trong phân khúc điện thoại tầm trung. Với thiết kế trẻ trung, cấu hình ổn định và đặc biệt là khả năng chụp ảnh ấn tượng, nó sẽ mang đến những trải nghiệm tuyệt vời cho người dùng.\n\nSức mạnh trong tầm tay với chip\xa0MediaTek Helio G100 Ultimate'
 'Công nghệ màn hình: AMOLED\n\nKích thước màn hình: 6.78 inches\n\n**Giới thiệu sản phẩm:** Đặc điểm nổi bật của TECNO CAMON 40 Pro 8GB 256GB\n\nĐiện thoại Tecno Camon 40 Pro nổi bật với thiết kế hiện đại cùng mặt lưng độc đáo khi trang bị cụm ba vòng camera với camera chính lên đến 50MP sắc nét. Máy có kích thước mỏng nhẹ và dung lượng pin lớn 5200mAh hỗ trợ sạc nhanh 45W. Máy được trang bị chip MediaTek Helio G100 Ultimate, công nghệ mở rộng RAM và chạy hệ điều hành Android 15, mang lại hiệu năng mạnh mẽ và khả năng đa nhiệm mượt mà.\xa0\n\nNội dung chính']","Thông số kỹ thuật nổi bật của TECNO CAMON 40 bao gồm:

- Màn hình AMOLED kích thước 6.78 inch với tần số quét 120Hz, cho hình ảnh sống động và sắc nét.
- Chip MediaTek Helio G100 Ultimate cung cấp hiệu năng ổn định và thời lượng pin lâu dài.
- Pin 5200mAh hỗ trợ sạc nhanh 45W, đảm bảo trải nghiệm mượt mà.

Đây là một điện thoại tầm trung với thiết kế hiện đại, camera chất lượng cao và khả năng chụp ảnh ấn tượng.","TECNO CAMON 40 có pin 5200 mAh, chipset Mediatek Helio G100 Ultimate, camera sau 50MP, camera trước 32MP, RAM 8GB, bộ nhớ trong 128GB, và màn hình AMOLED 6.78 inches với tần số quét 120Hz.",0.9999999999666667,0.8571428571428571,1.0,0.818477803501256
iPhone 14 256GB có giá bao nhiêu?,"['iPhone 14 128GB: chỉ từ 18.750.000 đồng.\niPhone 14 256GB: chỉ từ 21.990.000 đồng\niPhone 14 512GB: chỉ từ 23.490.000 đồng\n\n(Lưu ý: Đây là mức giá đã trừ hết các khuyến mãi trong đợt mở bán đầu tiên tại CellphoneS, mức giá có thể thay đổi theo chương trình khuyến mãi cụ thể của từng thời điểm. Để biết giá bán iPhone 14 chính xác thời điểm hiện tại, truy cập website cellphones.com.vn hoặc liên hệ hotline miễn phí để được tư vấn)\n\nĐiện thoại iPhone 14 có mấy màu?'
 'iPhone 14 256GB Tím\n\n\t\n\nGiá chỉ từ 21.990.000 đồng\n\n\n\n\niPhone 14 256GB Trắng\n\n\t\n\nGiá chỉ từ 21.990.000 đồng\n\n\n\n\niPhone 14 256GB Xanh\n\n\t\n\nGiá chỉ từ 21.990.000 đồng\n\n(Lưu ý: Đây là mức giá đã trừ hết các khuyến mãi trong đợt mở bán đầu tiên tại CellphoneS, mức giá có thể thay đổi theo chương trình khuyến mãi cụ thể của từng thời điểm. Để biết giá bán\xa0 iPhone 14 chính xác thời điểm hiện tại, truy cập website cellphones.com.vn hoặc liên hệ hotline miễn phí để được tư vấn)\n\nBên cạnh đó, bạn có thể khám phá ngay\xa0iphone 14 512gb để xem liệu giá bán bao nhiêu so với bộ lưu trữ lớn hơn, nên mua loại nào ngay nhé!\n\niPhone 14 khi nào ra mắt bán chính thức tại Việt Nam?'
 'iPhone 14 Pro Max 256GB giá bao nhiêu?\n\niPhone 14 Pro Max phiên bản 256GB chính hãng VN/A có giá dự đoán khoảng 36.990.000đ tại Việt Nam (giá chưa bao gồm các chương trình khuyến mãi tại CellphoneS).Tuy nhiên, khi quý khách mua hàng tại CellphoneS trong đợt mở bán đầu tiên sẽ nhận được những ưu đãi khủng. Chi tiết có thể tham khảo thêm bảng giá của các phiên bản iP14 Pro Max 256Gb bộ nhớ trong ở các phiên bản màu dưới đây!\n\niPhone 14 Pro Max\xa0 256GB\t\n\nGiá bán\n\n\n\n\niPhone 14 Pro Max\xa0 256GB Đen\n\n\t\n\n30.990.000 đồng\n\n\n\n\niPhone 14 Pro Max\xa0 256GB Trắng\n\n\t\n\n30.990.000 đồng\n\n\n\n\niPhone 14 Pro Max\xa0 256GB Vàng\n\n\t\n\n30.990.000 đồng\n\n\n\n\niiPhone 14 Pro Max\xa0 256GB Tím\n\n\t\n\n30.990.000 đồng']",iPhone 14 256GB có giá từ 21.990.000 đồng.,Giá iPhone 14 256GB chính hãng VN/A là 16.290.000đ.,0.9999999999,,1.0,0.8034235134755399
iPhone 14 256GB có những màu sắc nào?,"['Hiện nay dòng sản phẩm iPhone 14 256GB có nhiều màu phù hợp với mọi độ tuổi. Gồm có các màu như Sunset Gold, Deep Purple, Teal, Space Gray, Cherry, Royal rose.\xa0\n\nChất lượng camera đỉnh cao, nhiều điểm mới lạ\n\nĐiểm ấn tượng mà ở các dòng iPhone khác không có đó chính là phần camera. Chiếc iPhone 14 256GB có camera có kích thước lớn hơn khoảng 5% khiến cho chiếc iPhone này khác biệt với phần còn lại.'
 'Điện thoại iPhone 14 có mấy màu?\n\nTương tự như các thế hệ series khác, Apple cũng cho ra mắt điện thoại iPhone 14 với nhiều phiên bản màu sắc khác nhau bao gồm Purple (tím), Blue (xanh), RED Product (đỏ) và Midnight (đen), Starlight (trắng). Trong đó, hai màu sắc mới là xanh và tím.\n\nĐiện thoại iPhone 14 màu đen Midnight\n\nMàu đen là màu sắc truyền thống được trang bị trên hầu hết các thương hiệu điện thoại và Apple cũng không ngoại lệ. Sắc đen trung tính nhưng lại rất sang trọng, không lỗi mốt, không kén người dùng có thể thích hợp cho cả người dùng nam và nữ. Điện thoại iPhone 14 màu đen Midnight phù hợp với người dùng tối giản, không quá cầu kỳ.'
 'Điện thoại iPhone 14 màu Starlight\n\nBên cạnh đen thì sắc trắng cũng là một gam màu quen thuộc và được nhiều người dùng lựa chọn. Điện thoại iPhone 14 màu trắng không quá sặc sỡ nhưng vẫn giúp người dùng thu hút được những ánh nhìn. Đây là một tone màu an toàn, nhẹ nhàng có thể phù hợp với nhiều outfit khác nhau, không bị lỗi thời sau thời gian sử dụng.']","iPhone 14 256GB có màu sắc như Sunset Gold, Deep Purple, Teal, Space Gray, Cherry, và Royal Rose.","iPhone 14 256GB có các màu: Trắng, Đen, Xanh, Vàng, Tím, Đỏ.",0.0,,0.16666666666666666,0.8162492090327736
Thông số kỹ thuật nổi bật của iPhone 14 256GB là gì?,"['Công nghệ màn hình: OLED\n\nKích thước màn hình: 6.1 inches\n\nĐộ phân giải màn hình: 2532 x 1170 pixels\n\n**Giới thiệu sản phẩm:** Đặc điểm nổi bật của iPhone 14 256GB | Chính hãng VN/A\n\niPhone 17 256GB\n\niPhone 14 phiên bản 256GB chính hãng VN/A có thiết kế 6,1 inch phổ biến, có hệ thống camera kép mới, phát hiện sự cố, dịch vụ an toàn đầu tiên trong ngành điện thoại thông minh với SOS khẩn cấp qua vệ tinh và tuổi thọ pin tốt nhất trên iPhone. Hãy cùng CellphoneS tìm hiểu thông tin chi tiết về cấu hình iPhone 14 phiên bản 256GB trong phần nội dung dưới đây!\n\nNội dung chính'
 'Quý khách có thể tìm hiểu thêm về phiên bản iPhone 14 (128GB) tại đây!\n\nMới đây Apple đã tung ra thị trường dòng iPhone 14 256GB. Sản phẩm có hệ điều hành iOS 16 và chipset Apple A15 Bionic. Đặc biệt, phần camera đã tăng kích thước đường kính 16.17mm với góc rộng 48MP.\n\nTại sao nên mua iPhone 14 bản dung lượng 256GB?\n\niPhone 14 256GB thích hợp khi sử dụng để làm việc liên quan đến chụp ảnh, quay video. Với nhiều chức năng thông minh của iPhone 14 sẽ giúp ích cho người dùng trong công việc, cùng với đó là vài lý do đặc biệt sau đây\n\nDung lượng đủ dụng'
 'Công nghệ màn hình: Super Retina XDR OLED\n\nKích thước màn hình: 6.7 inches\n\nĐộ phân giải màn hình: 2796 x 1290-pixel\n\n**Giới thiệu sản phẩm:** Đặc điểm nổi bật của iPhone 14 Pro Max 256GB | Chính hãng VN/A\n\niPhone 17 Pro Max 512GB\n\niPhone 14 Pro Max có sự cải thiện lớn màn hình so với iPhone 13 Pro Max. Sự khác biệt giữ phiên bản iPhone 14 Pro Max 256GB và bản tiêu chuẩn 128GB chỉ là bộ nhớ trong. Dưới đây là một số cải tiến nổi bật trên iPhone 14 Pro Max mà có thể bạn chưa biết!\n\nMời bạn tìm hiểu thêm về phiên bản\xa0iPhone 14 Pro Max 128GB\xa0với nhiều chương trình khuyến mãi tại CellPhoneS!']","iPhone 14 256GB có các thông số kỹ thuật nổi bật bao gồm:

- Hệ điều hành iOS 16 và chipset Apple A15 Bionic.
- Camera kép mới với độ phân giải 48MP.
- Dung lượng pin tốt nhất trên iPhone.

Nếu bạn đang tìm kiếm một điện thoại di động phù hợp cho công việc hoặc nhu cầu chụp ảnh, quay video, iPhone 14 256GB sẽ là lựa chọn lý tưởng.","iPhone 14 256GB có pin 3279 mAh, chipset Apple A15 Bionic 6 nhân, camera sau 12MP góc rộng và siêu rộng, bộ nhớ trong 256GB, và RAM 6GB.",0.99999999995,0.4,1.0,0.8033193276853975
iPhone 15 Pro Max 512GB có giá bao nhiêu?,"['Điện thoại iPhone 15 Pro Max 512GB giá bao nhiêu?\n\nDo được nâng cấp mạnh về khả năng lưu trữ nên ấn phẩm iPhone mới này của Apple cũng được phân phối tại thị trường Việt với mức giá thành cao hơn so với phiên bản tiêu chuẩn. Cụ thể, iPhone 15 Pro Max bản 512GB đang sở hữu mức giá thành dao động khoảng 39.79 triệu VNĐ đến 40.9 triệu đồng.\n\nNgười dùng cũng có thể chọn iPhone 17 Pro Max mới muốn sở hữu thiết bị với cấu hình mạnh cùng sự hỗ trợ của AI. Bên cạnh đó, với nhiều nâng cấp đáng sở hữu, bạn có thể cùng xem ngay nhé!'
 'Điện thoại iPhone 15 Pro 256GB có giá là bao nhiêu?\n\niPhone 15 Pro phiên bản dung lượng bộ nhớ trong là 256GB đã được ra mắt và có mức giá bán tham khảo là 1099 USD. Giá bán này sẽ còn được phụ thuộc vào các khu vực bán khác nhau, tùy quốc gia khác nhau.\n\nBạn có thể chọn nơi mua uy tín để có thể có được mức giá chính hãng tốt cùng nhiều ưu đãi. Với mức giá này, các sản phẩm cạnh tranh với iPhone 15 Pro 256GB có thể là: ASUS ROG Phone 7 Ultimate 16GB 512GB, Samsung Galaxy S23 Plus 8GB 512GB, iPhone 14 Pro Max 256GB, …\n\nBên cạnh đó, hiện nay điện thoại iPhone 16 Pro 256gb ra mắt cũng đang được người dùng quan tâm nhiều nhờ pin trâu, màn hình nâng cấp kèm màu mới, cùng xem ngay nhé!'
 'iPhone 15 Pro Max 512GB là sự kết hợp hoàn hảo giữa dung lượng lưu trữ lớn, hiệu suất mạnh mẽ và màn hình xuất sắc. Điều này khiến giá iPhone 15 Pro Max cũng cao nhất trong series iPhone mới năm 2023. Cùng tìm hiểu ngay model Pro Max 512GB trong series điện thoại iPhone 15 có gì nổi bật đáng chú ý nhé:\n\nVi xử lý A17 Pro siêu mạnh mẽ cùng không gian lưu trữ không giới hạn\n\niPhone 15 Pro Max 512GB sở hữu con chip A17 Pro mạnh mẽ, giúp tăng cường hiệu suất CPU và GPU tới 20%. Với sự đột phá về hiệu năng này, iPhone 15 Pro Max mới hứa hẹn đem lại cho người sử dụng những trải nghiệm siêu mượt mà ngay cả ở trên những tác vụ phức tạp hàng đầu hiện nay.']","iPhone 15 Pro Max 512GB có giá dao động khoảng từ 39.79 triệu VNĐ đến 40.9 triệu đồng. Đây là phiên bản nâng cấp mạnh về khả năng lưu trữ, với mức giá cao hơn so với phiên bản tiêu chuẩn.",iPhone 15 Pro Max 512GB có giá 28.990.000đ.,0.0,,1.0,0.7843272833421936
iPhone 15 Pro Max 512GB có những màu sắc nào?,"['4 màu sắc của iPhone 15 Pro Max lần lượt là: titan tự nhiên, titan trắng, titan đen và titan xanh\n\nTitan Tự nhiên là sự kết hợp giữa màu xám bạc và ánh kim titan, tạo nên cảm giác mạnh mẽ và thời thượng, phù hợp cho những ai yêu thích sự sang trọng.\xa0\n\nTitan Xanh mang đến sự tinh tế với gam màu xanh đậm, đầy thu hút, nổi bật giữa đám đông và thể hiện cá tính mạnh mẽ.\n\nTitan Trắng lại có nét đẹp tối giản và thanh lịch, phù hợp với người yêu thích phong cách tinh tế và hiện đại. Đây là một lựa chọn an toàn và dễ phối đồ, thể hiện sự tinh khiết và sang trọng.'
 'iPhone 15\xa0Pro Max có màu hồng, đỏ không\n\nTrong lần ra mắt thị trường, iPhone 15 Pro Max được giới thiệu là không có tùy chọn màu hồng hay đỏ. Cụ thể, IP 15 PRM tập trung vào các gam màu trung tính, bao gồm Titan Đen, Titan Trắng, Titan Tự nhiên và Titan Xanh. Đây là những màu sắc đặc trưng mang đến vẻ sang trọng, hiện đại và tinh tế, phù hợp với đối tượng yêu thích phong cách đẳng cấp và tối giản của dòng Pro.'
 'Giá bán\n\n\t\n\nGiá thu cũ lên đời\n\niPhone 15 Pro Max 1TB | Chính hãng VN/A\n\n\t\n\n32.990.000đ\n\n\t\n\n30.990.000đ\n\n\n\n\niPhone 15 Pro Max 256GB | Chính hãng VN/A\n\n\t\n\n26.490.000đ\n\n\t\n\n24.490.000đ\n\n\n\n\niPhone 15 Pro Max 512GB | Chính hãng VN/A\n\n\t\n\n28.990.000đ\n\n\t\n\n26.990.000đ\n\niPhone 15 Pro Max 256GB tốt ưu đãi lớn tại hệ thống CellphoneS -\xa010/2025\n\niPhone 15 Pro Max có mấy màu? Màu nào đẹp?\n\niPhone 15 Pro Max ra mắt với bốn phiên bản màu sắc độc đáo, phù hợp với nhiều phong cách và sở thích khác nhau. Các tùy chọn màu bắt mắt này bao gồm Titan Tự nhiên, Titan Xanh, Titan Trắng và Titan Đen, với mỗi nét cá tính và sức hấp dẫn riêng.\xa0\n\n4 màu sắc của iPhone 15 Pro Max lần lượt là: titan tự nhiên, titan trắng, titan đen và titan xanh']","iPhone 15 Pro Max 512GB có màu sắc là Titan Đen, Titan Trắng, Titan Tự nhiên và Titan Xanh.","iPhone 15 Pro Max 512GB có các màu Titan Xanh, Titan Trắng, Titan Đen, Titan Tự Nhiên.",0.9999999999666667,1.0,0.0,0.786663054775523
Thông số kỹ thuật nổi bật của iPhone 15 Pro Max 512GB là gì?,"['iPhone 15 Pro Max 512GB là sự kết hợp hoàn hảo giữa dung lượng lưu trữ lớn, hiệu suất mạnh mẽ và màn hình xuất sắc. Điều này khiến giá iPhone 15 Pro Max cũng cao nhất trong series iPhone mới năm 2023. Cùng tìm hiểu ngay model Pro Max 512GB trong series điện thoại iPhone 15 có gì nổi bật đáng chú ý nhé:\n\nVi xử lý A17 Pro siêu mạnh mẽ cùng không gian lưu trữ không giới hạn\n\niPhone 15 Pro Max 512GB sở hữu con chip A17 Pro mạnh mẽ, giúp tăng cường hiệu suất CPU và GPU tới 20%. Với sự đột phá về hiệu năng này, iPhone 15 Pro Max mới hứa hẹn đem lại cho người sử dụng những trải nghiệm siêu mượt mà ngay cả ở trên những tác vụ phức tạp hàng đầu hiện nay.'
 'Tính năng màn hình: Tốc độ làm mới 120Hz\n460 ppi\n2000 nits\nHDR\nTrue Tone\nDải màu rộng (P3)\nHaptic Touch\nTỷ lệ tương phản 2.000.000:1\n\nCông nghệ màn hình: Super Retina XDR OLED\n\nKích thước màn hình: 6.7 inches\n\nĐộ phân giải màn hình: 2796 x 1290-pixel\n\n**Giới thiệu sản phẩm:** Đặc điểm nổi bật của iPhone 15 Pro Max 512GB | Chính hãng VN/A'
 'Độ phân giải màn hình: 2796 x 1290-pixel\n\n**Giới thiệu sản phẩm:** Đặc điểm nổi bật của iPhone 15 Pro Max 512GB | Chính hãng VN/A\n\niPhone 15 Pro Max 512GB là ấn phẩm smartphone mới của Apple, nổi bật với bộ nhớ trong lên đến 512GB, cung cấp khả năng ghi nhớ, lưu trữ không giới hạn. Bên cạnh đó, thế hệ iPhone mới này cũng đặc biệt mang tới những trải nghiệm siêu mượt mà trong mọi tác vụ nhờ được kế thừa sức mạnh xử lý từ con chip A17 Pro. Chưa hết, máy còn đi kèm với cụm ba camera sau 48MP hỗ trợ chụp đêm và quay phim chuyên nghiệp, giúp nâng tầm khả năng nhiếp ảnh của người dùng.\n\nNội dung chính']","iPhone 15 Pro Max 512GB nổi bật với:

- Bộ nhớ trong lên đến 512GB, cho khả năng lưu trữ không giới hạn.
- Con chip A17 Pro mạnh mẽ, tăng hiệu suất CPU và GPU tới 20%.
- Tốc độ làm mới màn hình lên đến 120Hz, giúp trải nghiệm mượt mà hơn.
- Màn hình Super Retina XDR OLED với độ phân giải 2796 x 1290-pixel, tỷ lệ tương phản cao (2.000.000:1).
- Cụm camera sau 48MP hỗ trợ chụp đêm và quay phim chuyên nghiệp.
- Tính năng haptic touch cho trải nghiệm cảm giác tốt hơn.

Những điểm này giúp iPhone 15 Pro Max 512GB trở thành một sản phẩm đáng mua với nhiều tính năng vượt trội.","iPhone 15 Pro Max 512GB có pin 4422 mAh, chipset Apple A17 Pro 6 nhân, camera sau 48MP, bộ nhớ trong 512GB, và màn hình Super Retina XDR 6.7 inches với độ phân giải 2796 x 1290 pixel.",0.9999999999666667,0.6,1.0,0.8095297274472362
iPhone 16 128GB có giá bao nhiêu?,"['tiêu chuẩn) sẽ có 3 phiên bản bộ nhớ trong khác nhau trong đó phiên bản dung lượng chuẩn 128GB đáp ứng được nhu cầu lưu trữ và sử dụng cơ bản. Hai phiên bản bộ nhớ mở rộng là 256GB và 512GB.  (Nguồn ảnh: Apple) Với nhiều nâng cấp về tính năng, thiết kế nhưng iPhone 16 128GB sẽ không chênh lệch giá bán quá nhiều so với iPhone 15 128GB trước đó. Cụ thể iPhone 16 thường sẽ được mở bán với giá khởi điểm từ 22.99 triệu đồng. Chi tiết giá bán các phiên bản tại CellphoneS vào\xa010/2025 như sau: Tên sản phẩm Giá bán Giá thu cũ lên đời iPhone 16 128GB | Chính hãng VN/A'
 'cho người dùng. Cụ thể, giá iPhone 16 Plus 128GB dao động trong khoảng từ 21.89 triệu VNĐ. Trong khi đó, bản 256GB nằm ở khoảng giá 24.99 triệu VNĐ, và bản 512GB dao động 29.49 triệu VNĐ.\xa0 Tên sản phẩm Giá bán Giá thu cũ lên đời iPhone 16 Plus 128GB | Chính hãng VN/A'
 '27.990.000đ \n                                                            25.990.000đ\n                                                          iPhone 16 128GB ra mắt khi nào? iPhone 16 128GB đã được Apple trình làng vào ngày 10/9/2024 (Giờ Việt) tại sự kiện “It’s Glowtime”. Khi ra mắt với nhiều nâng cấp về thiết kế như thay vị trí cụm camera, nút điều khiển camera cùng nút tác vụ tiện dụng. Đặc biệt là Apple Intelligence với nhiều tính năng hữu ích giúp iPhone 16 trở thành mẫu điện thoại đáng sở hữu.  (Nguồn ảnh: Apple) \n      Xem thêm']","iPhone 16 128GB có giá khởi điểm từ 27.990.000đ tại CellphoneS vào ngày 10/2025. Giá này bao gồm cả phí vận chuyển và thuế, tùy thuộc vào địa chỉ giao hàng.",iPhone 16 128GB có giá 20.550.000đ.,0.0,,0.0,0.6802759753257739
iPhone 16 128GB có những màu sắc nào?,"['thể của thiết bị. iPhone 16 thường 128GB có mấy màu? Màu nào hot? iPhone 16 thường có 5 phiên bản màu lần lượt là Xanh Lưu Ly, Xanh Mòng Két, Hồng, Trắng và Đen. Tuy tổng số màu không đổi so với thế hệ trước như màu sắc lại có sự thay đổi đáng kể. Cụ thể chỉ có duy nhất màu đen là được giữ lại và sự quay trở lại của màu trắng thì iPhone 16 bản tiêu chuẩn này có ba phiên bản màu mới. Cùng với đó, hiện nay một mẫu điện thoại đang sở hữu nhiều ưu điểm tốt như\xa0iPhone 16 Plus hiện cũng đang được quan tâm nhiều trong giai đoạn này, cùng khám phá chi tiết để không bỏ lỡ cơ hội sở hữu'
 'thay thế bằng nút tác vụ và có thêm nút điều khiển camera. Mặt lưng điện thoại có sự thay đổi lớn về thiết kế cụm camera. Vẫn cụm camera kép nhưng thiết kế camera iPhone 16\xa0 bản thường đã được thay đổi từ đặt chéo sang đặt dọc.  (Nguồn ảnh: Apple) Không chỉ thay đổi ấn tượng về bên ngoài, bên trong điện thoại cũng được cải tiến đáng kể mang lại khả năng tản nhiệt tốt hơn. Nhờ đó hỗ trợ tối ưu về hiệu suất hoạt động tổng thể của thiết bị. iPhone 16 thường 128GB có mấy màu? Màu nào hot? iPhone 16 thường có 5 phiên bản màu lần lượt là Xanh Lưu Ly, Xanh Mòng Két, Hồng, Trắng và Đen. Tuy'
 'lần đầu tiên xuất hiện (Nguồn ảnh: Apple) Titan Sa Mạc là màu sắc mới thay thế cho Titan Xanh. Đây cũng là màu sắc dự kiến hot nhất trong 4 phiên bản màu năm nay. Điện thoại iPhone 16 Pro giá bao nhiêu? iPhone 16 Pro là phiên bản sở hữu nhiều tuỳ chọn bộ nhớ trong nhất bao gồm: 128GB - 256GB - 512GB và 1TB. Trong đó phiên bản chuẩn với dung lượng 128GB sẽ được bán với giá khởi điểm từ 28.990.000đ. Chi tiết giá bán sản phẩm vào tháng\xa010/2025 như sau: Tên sản phẩm Giá bán Giá thu cũ lên đời iPhone 16 Pro 128GB | Chính hãng VN/A']","iPhone 16 128GB có 5 màu sắc chính:
- Xanh Lưu Ly
- Xanh Mòng Két
- Hồng
- Trắng
- Đen

Màu đỏ Titan Sa Mạc là phiên bản mới và đang rất hot trong năm nay.","iPhone 16 128GB có các màu Hồng, Trắng, Xanh Mòng Két, Xanh Lưu Ly và Đen.",0.9999999999666667,1.0,0.5,0.7566302664458222
Thông số kỹ thuật nổi bật của iPhone 16 128GB là gì?,"['**Giới thiệu sản phẩm:** Đặc điểm nổi bật của iPhone 16 128GB | Chính hãng VN/A\n   iPhone 16 bản thường 128GB sở hữu thiết kế khung nhôm, mặt lưng kính pha màu cùng với 5 màu sắc bắt mắt để lựa chọn. Máy với trọng lượng 170g cùng kích thước màn hình 6.1 inch Super Retina XDR, dải màu P3. Với cấu hình từ chip A18 Bionic\xa0mới, điện thoại iPhone mới này mang lại hiệu năng ổn định, đáp ứng nhiều nhu cầu dùng.  Nội dung chính  \n        1. Mua điện thoại iPhone 16 128GB tại CellphoneS nhận ưu đãi lớn\n      \n        2. So sánh iPhone 16 128GB và iPhone 15 128GB\n      \n        3. Điện thoại iPhone 16 thường có gì mới? Đánh giá chi tiết'
 '2. So sánh iPhone 16 128GB và iPhone 15 128GB\n      \n        3. Điện thoại iPhone 16 thường có gì mới? Đánh giá chi tiết\n      \n        3.1. Nút điều khiển camera thông minh\n      \n        3.2. Nút tác vụ hỗ trợ truy cập nhanh chóng\n      \n        3.3. Tích hợp Apple Intelligence thông minh\n      \n        3.4. Camera kép hỗ trợ chụp ảnh macro và quay video không gian \n      \n        3.5.  Chip Apple A18, cải thiện tốc độ đến 30% \n      \n        3.6.  Pin bền bỉ cùng sạc nhanh 25W \n      \n        3.7.  Thiết kế chắc chắn với khung viền nhôm \n      \n        4. iPhone 16 thường 128GB có mấy màu? Màu nào hot?\n      \n        5. iPhone 16 128GB giá bao nhiêu tiền?'
 'nghiệp.\xa0 So sánh iPhone 16 128GB và iPhone 15 128GB Điện thoại iPhone 16 thường 128GB với nhiều thay đổi về thiết kế\xa0với những gam màu đậm đầy cá tính. Nổi bật hơn\xa0đó là nút tác vụ cũng như điều khiển camera.\xa0bên cạnh màn hình cường lực Ceramic Shield bền hơn. Cùng với đó là tích hợp Apple Intelligence tối ưu trải nghiệm nhờ vào chip A18 hoàn toàn mới, nhiều nâng cấp về camera cho việc chụp ảnh và quay video, đặc biệt là những tính năng dành cho việc sáng tạo nội dung. Vậy ngoài các khác biệt trên thì hai thế hệ iPhone này còn có gì giống và khác nhau? Bảng so sánh iPhone 16 128GB và iPhone 15 128GB: Thông số iPhone 16 128GB | Chính hãng VN/A iPhone 15 128GB | Chính hãng VN/A Kích thước màn hình 6.1']","iPhone 16 128GB có nhiều điểm nổi bật như:

- Thiết kế khung nhôm và mặt lưng kính pha màu với 5 màu sắc.
- Kích thước màn hình 6.1 inch Super Retina XDR, dải màu P3.
- Cấu hình từ chip A18 Bionic mới, tăng hiệu năng ổn định.
- Pin bền bỉ cùng sạc nhanh 25W.

So sánh với iPhone 15 128GB, hai mẫu này có nhiều điểm tương đồng như:

- Kích thước màn hình và màu sắc ngoại thất.
- Tính năng camera kép hỗ trợ chụp ảnh macro và quay video không gian.
- Chip Apple A18 cải thiện tốc độ lên đến 30%.
- Pin bền bỉ cùng sạc nhanh.

Tuy nhiên, iPhone 16 128GB có thêm các điểm khác biệt như:

- Nút điều khiển camera thông minh và nút tác vụ hỗ trợ truy cập nhanh chóng.
- Tích hợp Apple Intelligence thông minh.
- Camera kép hỗ trợ chụp ảnh macro và quay video không gian.

Để lựa chọn giữa iPhone 16 128GB và iPhone 15 128GB, bạn nên xem xét nhu cầu cụ thể của mình và sở thích cá nhân.","iPhone 16 128GB được trang bị chip Apple A18, camera sau 48MP và 12MP, màn hình Super Retina XDR 6.1 inches, và bộ nhớ trong 128GB.",0.9999999999666667,,0.7,0.6579748559762869
OPPO A38 có giá bao nhiêu?,"['OPPO A38 giá bao nhiêu?\n\nVới những điểm sáng giá từ tính năng và giao diện bên ngoài của sản phẩm, hứa hẹn điện thoại sẽ khiến người dùng hài lòng khi sử dụng. Tại thị trường Việt Nam, sản phẩm OPPO A38 mở bán có giá từ 4.49 triệu đồng (tuỳ theo chương trình khuyến mãi và ưu đãi khác nhau mà giá có thể thay đổi).\n\nOPPO A38 có giá cạnh tranh đi kèm nhiều ưu đãi'
 'OPPO A38 có giá cạnh tranh đi kèm nhiều ưu đãi\n\nOppo A38 giúp phục vụ các nhu cầu cá nhân, tuy nhiên giá lại không quá cao so với nhiều sản phẩm khác trên thị trường. Vậy mới thấy sản phẩm nhà OPPO luôn được người dùng đánh giá tích cực bởi sự đổi mới theo thời gian.\n\nMua OPPO A38 giá tốt, chính hãng tại CellphoneS'
 'OPPO A38 là sự lựa chọn phù hợp dành cho bạn, với thiết kế hiện đại, cấu hình ổn định khi sử dụng trong thời gian dài. Sản phẩm này có nhiều điểm cộng và chắc chắn sẽ mang lại trải nghiệm ấn tượng trong tầm giá.\n\nCấu hình mạnh mẽ với chip MediaTek Helio\xa0\n\nOPPO A38 6GB 128GB được trang bị chip xử lý MediaTek Helio G85, tạo ra sự mượt mà và ổn định khi dùng chơi game, xem phim nhiều tiếng đồng hồ. Chip đồ họa\xa0Mali G52 MC2, cho phép hình ảnh sống động và nhiều sắc màu hơn.\n\nOPPO A38 được trang bị RAM 6GB và dung lượng lớn']",OPPO A38 có giá từ 4.49 triệu đồng (tuỳ theo chương trình khuyến mãi và ưu đãi khác nhau).,Giá của OPPO A38 là 3.690.000đ.,0.49999999995,0.0,1.0,0.7978202282810791
OPPO A38 có những màu sắc nào?,"['Thiết kế sang trọng, hiện đại\n\nVới màn hình rộng 6.56 inch và được trang bị công nghệ LCD đi kèm đó là độ phân giải HD+ (1612×720), giúp hiển thị hình ảnh sắc nét và màu sắc rõ đến từng chi tiết. Mặt kính cảm ứng của điện thoại OPPO A38 được bảo vệ bởi kính cường lực, sẽ hạn chế trầy xước trong quá trình sử dụng.\n\nOPPO A38 có thiết kế sang trọng, hiện đại'
 'OPPO A38 được trang bị RAM 6GB và dung lượng lớn\n\nBên cạnh đó, điện thoại cũng có bộ nhớ RAM 6GB và dung lượng lưu trữ 128GB, với khả năng mở rộng thông qua thẻ nhớ MicroSD. Với cấu hình này, OPPO A38 đáp ứng tốt nhu cầu sử dụng hàng ngày và tải game.\n\nCamera OPPO A38 sắc nét cùng khả năng quay video rõ nét\n\nCamera sau của OPPO A38 có độ phân giải 50 MP, đi kèm với đèn Flash, cho phép bạn chụp ảnh sắc nét và quay video Full HD. Tính năng chạm lấy nét (AF) sẽ giúp bạn chụp những bức ảnh chất lượng cao.\n\nCamera OPPO A38 sắc nét và quay video Full HD'
 'OPPO A38 có thiết kế sang trọng, hiện đại\n\nĐiện thoại OPPO A38 cung cấp các tính năng tiện ích, trong đó có mở khoá bằng mật khẩu, hỗ trợ nhận diện khuôn mặt và vân tay,\xa0\xa0giúp bạn truy cập vào điện thoại một cách nhanh chóng và an toàn, không sợ bị đánh cắp thông tin. Ngoài ra, điện thoại cũng có tính năng đặc biệt như chặn cuộc gọi và tin nhắn, chạm 2 lần để sáng màn hình, giúp bạn tiết kiệm thời gian và tăng cường trải nghiệm người dùng.']","OPPO A38 có màu sắc như sau:

- Xanh dương
- Đen
- Vàng

Bạn có thể tham khảo các màu sắc này để lựa chọn một chiếc điện thoại phù hợp với sở thích và phong cách của mình.",OPPO A38 có hai màu sắc là Vàng Đồng và Đen.,0.0,,0.0,0.7761922462678453
Thông số kỹ thuật nổi bật của OPPO A38 là gì?,"['Kích thước màn hình: 6.56 inches\n\nĐộ phân giải màn hình: 720 x 1612 (HD+)\n\n**Giới thiệu sản phẩm:** Đặc điểm nổi bật của OPPO A38 6GB 128GB\n\nOPPO A38 trang bị màn hình 6.56 inch, với công nghệ IPS LCD, kết hợp cụm camera sắc nét 50 MP đối với camera sau, camera selfie có độ phân giải lên đến 5MP. Điện thoại còn trang bị con chipset mạnh mẽ MediaTek Helio G85, dung lượng lưu trữ khủng 6GB+128GB, giúp lưu được nhiều ảnh, app khác nhau mà không lo đầy nhanh chóng.\n\nNội dung chính'
 'Điện thoại OPPO A38 sở hữu dung lượng pin ấn tượng\n\nVề kết nối, OPPO A38 hỗ trợ SIM Nano và các tính năng Wi-Fi như Wi-Fi 5, Wi-Fi Display và Wi-Fi 802.11 a/b/g/n. Điện thoại cũng được trang bị GPS và Bluetooth 5.3. Cổng kết nối/sạc của điện thoại là Micro Type-C và jack tai nghe 3.5 mm vẫn được giữ lại, càng tạo nên điểm mạnh cho sản phẩm này.\n\nThiết kế sang trọng, hiện đại'
 'OPPO A38 được trang bị RAM 6GB và dung lượng lớn\n\nBên cạnh đó, điện thoại cũng có bộ nhớ RAM 6GB và dung lượng lưu trữ 128GB, với khả năng mở rộng thông qua thẻ nhớ MicroSD. Với cấu hình này, OPPO A38 đáp ứng tốt nhu cầu sử dụng hàng ngày và tải game.\n\nCamera OPPO A38 sắc nét cùng khả năng quay video rõ nét\n\nCamera sau của OPPO A38 có độ phân giải 50 MP, đi kèm với đèn Flash, cho phép bạn chụp ảnh sắc nét và quay video Full HD. Tính năng chạm lấy nét (AF) sẽ giúp bạn chụp những bức ảnh chất lượng cao.\n\nCamera OPPO A38 sắc nét và quay video Full HD']","OPPO A38 nổi bật với màn hình 6.56 inch, công nghệ IPS LCD và camera sau 50 MP cùng đèn Flash. Điện thoại còn có RAM 6GB và dung lượng lưu trữ 128GB, đáp ứng tốt nhu cầu sử dụng hàng ngày và chơi game.","OPPO A38 được trang bị pin 5000 mAh, chipset MediaTek Helio G85 8 nhân, RAM 6GB, bộ nhớ trong 128GB, camera sau 50 MP và camera trước 5 MP.",0.9999999999666667,0.6666666666666666,1.0,0.7777780059227277
OPPO Reno10 Pro+ 5G có giá bao nhiêu?,"['OPPO Reno10 Pro Plus giá bao nhiêu?\n\nHiện tại, mức giá của điện thoại OPPO Reno10 Pro Plus chưa được ấn định cụ thể và còn có nhiều thay đổi ở một số quốc gia. Chẳng hạn tại thị trường Malaysia, giá của OPPO Reno10 Pro+ dự đoán sẽ khoảng ở 3.499RM, tương đương với khoảng 17.7 triệu đồng.\n\n\xa0Nếu vậy thì mức giá khi tại thị trường Việt Nam của OPPO Reno10 Pro Plus rất có thể thay đổi tuỳ thuộc vào chi phí vận chuyển và nhiều chi phí khác.\n\nMua OPPO Reno10 Pro Plus 5G chính hãng, giá cực rẻ tại CellphoneS'
 'Với một thiết bị sở hữu nhiều năng cấp vượt trội như OPPO Reno10 thì đây là một mức giá khá hợp lý và nằm trong khả năng có thể chi trả được của người tiêu dùng Việt Nam. Tuy nhiên, còn tuỳ thuộc vào phiên bản RAM và màu sắc bạn lựa chọn, giá thành của sản phẩm sẽ có sự chênh lệch ít nhiều.\xa0Bên cạnh Reno10, bạn có thể tham khảo thêm thông tin và giá cả của Reno10 Pro Plus tại CellphoneS.\n\nMua điện thoại OPPO Reno 10 chính hãng tại cửa hàng CellphoneS'
 'Mua OPPO Reno10 Pro Plus 5G chính hãng, giá cực rẻ tại CellphoneS\n\nOPPO Reno10 Pro Plus 5G chính hãng\xa0đã có mặt trên các kệ hàng CellphoneS với giá cực rẻ và nhiều ưu đãi hấp dẫn. Hãy đến ngay các cửa hàng CellphoneS gần nhất để trải nghiệm ngay mẫu điện thoại thông minh này. Đồng thời, bạn cũng sẽ có cơ hội sở hữu sản phẩm điện thoại OPPO Reno10 Pro+ 5G chính hãng với giá tốt nhất nhé.\n\nXem thêm']","OPPO Reno10 Pro+ 5G có giá dự đoán khoảng 3.499RM tại thị trường Malaysia, tương đương với khoảng 17.7 triệu đồng. Tuy nhiên, giá thành có thể thay đổi tùy thuộc vào chi phí vận chuyển và các chi phí khác. Mua OPPO Reno10 Pro+ chính hãng tại CellphoneS, bạn sẽ nhận được mức giá cực rẻ và nhiều ưu đãi hấp dẫn.",Giá sản phẩm OPPO Reno10 Pro+ 5G là 9.940.000đ.,0.5833333333041666,,1.0,0.0
OPPO Reno10 Pro+ 5G có những màu sắc nào?,"['OPPO Reno10 Pro Plus 5G là chiếc điện thoại thông minh mới nhất từ OPPO, nổi bật với thiết kế tinh tế và các tính năng cao cấp. Với hệ thống camera chuyên nghiệp, hiệu năng mạnh mẽ và công nghệ sạc siêu nhanh, đây là lựa chọn hoàn hảo cho những ai đam mê nhiếp ảnh và yêu thích công nghệ tiên tiến. Dưới đây là những điểm nổi bật và tính hữu ích của sản phẩm này.'
 'So sánh OPPO Reno10 Pro Plus 5G vs\xa0OPPO Reno10 5G và\xa0OPPO Reno12 Pro\n\nOPPO Reno10 Pro Plus 5G và OPPO Reno11 Pro 5G,\xa0OPPO Reno12 Pro đều là những sản phẩm nổi bật trong dòng OPPO Reno Series, mang đến cho người dùng nhiều lựa chọn hấp dẫn. Mỗi phiên bản đều có những ưu điểm riêng về hiệu năng, camera, và thiết kế. Hãy cùng khám phá sự khác biệt giữa hai mẫu điện thoại này qua bảng so sánh dưới đây để tìm ra sản phẩm phù hợp nhất với nhu cầu của bạn.\n\nThông số\n\n\t\n\nOPPO Reno10 Pro Plus 5G\n\n\t\n\nOPPO Reno11 Pro 5G\n\n\t\n\nOPPO Reno12 Pro\n\n\n\n\nMàn hình\xa0\n\n\t\n\n6.74 inch 3D AMOLED\n\n\t\n\n6.7 inch 3D AMOLED\n\n\t\n\n6.7 inch\xa0Flexible AMOLED\n\n\n\n\nĐộ phân giải\n\n\t\n\nFHD+ (2772×1240)\n\n\t\n\nFHD+ (2412×1080)\n\n\t\n\n\nFHD + (2412 x 1080)'
 'Với một thiết bị sở hữu nhiều năng cấp vượt trội như OPPO Reno10 thì đây là một mức giá khá hợp lý và nằm trong khả năng có thể chi trả được của người tiêu dùng Việt Nam. Tuy nhiên, còn tuỳ thuộc vào phiên bản RAM và màu sắc bạn lựa chọn, giá thành của sản phẩm sẽ có sự chênh lệch ít nhiều.\xa0Bên cạnh Reno10, bạn có thể tham khảo thêm thông tin và giá cả của Reno10 Pro Plus tại CellphoneS.\n\nMua điện thoại OPPO Reno 10 chính hãng tại cửa hàng CellphoneS']","OPPO Reno10 Pro+ 5G có màu sắc như sau:

- Xanh dương
- Đen
- Vàng

Bạn có thể tham khảo thêm thông tin và giá cả của sản phẩm tại cửa hàng CellphoneS.",OPPO Reno10 Pro+ 5G có hai màu sắc là Xám và Tím.,0.0,,0.25,0.8047075227106978
Thông số kỹ thuật nổi bật của OPPO Reno10 Pro+ 5G là gì?,"['Công nghệ màn hình: AMOLED\n\nKích thước màn hình: 6.74 inches\n\nĐộ phân giải màn hình: 1240 x 2772 pixels\n\n**Giới thiệu sản phẩm:** Đặc điểm nổi bật của OPPO Reno10 Pro+ 5G 12GB 256GB'
 'Độ phân giải màn hình: 1240 x 2772 pixels\n\n**Giới thiệu sản phẩm:** Đặc điểm nổi bật của OPPO Reno10 Pro+ 5G 12GB 256GB\n\nOPPO Reno10 Pro+ 5G chính là phiên bản điện thoại mới nhất trong dòng OPPO Reno\xa0và rất được mong đợi. Đây là chiếc điện thoại thông minh có hỗ trợ 5G với những thông số gây ấn tượng mạnh. Cụ thể,\xa0Reno10 Pro+ tạo được điểm chú ý đầu tiên từ ngay trong thiết kế của sản phẩm. Những tính năng tuyệt vời được trang bị trên chiếc điện thoại này bao gồm bộ xử lý mạnh mẽ, màn hình lớn sống động và hệ thống 3 camera với độ phân giải rất đáng để mong đợi.'
 'Snapdragon 8 Plus Gen tần số quết đến 120Hz trên Reno10 Pro+\n\nQualcomm Snapdragon 8 Plus Gen 1\xa05G chính là bộ vi xử lý được trang bị cho điện thoại\xa0OPPO Reno 10 Pro Plus. Chip xử lý này sẽ giúp điện thoại được cung cấp sức mạnh hiệu quả, mang đến hiệu suất tốt và ấn tượng nhất.\n\nCạnh đó, smartphone cũng được hỗ trợ RAM 12 GB, giúp dễ dàng xử lý mọi tác vụ từ nhẹ đến nặng, kể cả những công việc đòi hỏi khắt khe nhất. Riêng về phần dung lượng bộ nhớ, ngoài sự trang bị của bộ nhớ trong 256 GB, điện thoại OPPO Reno10 Pro plus 5G còn được bổ sung thêm khe cắm thẻ nhớ microSD.']","OPPO Reno10 Pro+ 5G nổi bật với các thông số kỹ thuật sau:

- Độ phân giải màn hình: 1240 x 2772 pixels
- RAM: 12GB
- Bộ nhớ trong: 256GB
- Snapdragon 8 Plus Gen 1 5G (tần số quét lên đến 120Hz)

Đây là sản phẩm được trang bị nhiều công nghệ tiên tiến, giúp tăng hiệu suất và trải nghiệm sử dụng tốt hơn.","OPPO Reno10 Pro+ 5G có pin 4700 mAh, chipset Snapdragon 8 Plus Gen 1, RAM 12 GB, bộ nhớ trong 256 GB, và hệ thống camera với camera chính 50 MP, camera tele 64 MP và camera góc siêu rộng 8 MP.",0.9999999999,,0.8,0.8300553865585488
OPPO A77s có giá bao nhiêu?,"['Dù có những cải tiến nhất định so với phiên bản gốc nhưng nhiều khả năng A77s vẫn là mẫu smartphone tầm trung và có mức giá bán khởi điểm nằm trong khoảng giá 5 - 6 triệu đồng. Điều này cũng phần nào gia tăng sự cạnh tranh khốc liệt cho điện thoại phân khúc tầm trung vốn đang cực sôi nổi.\n\nOppo A77s giá bao nhiêu?\n\nHiện tại, giá bán OPPO A77s tại CellphoneS chỉ từ 5.190.000đ cho phiên bản 8GB/128GB. Bên cạnh đó khi bán máy cũ lên đời, khách hàng còn được trợ giá thêm đến 500.000đ hấp dẫn.\n\nSản phẩm\n\n\t\n\nGiá bán tham khảo\n\n\n\n\nOppo A77s Xanh\n\n\t\n\nchỉ từ 5.190.000đ\n\n\n\n\nOppo A77s Đen\n\n\t\n\nchỉ từ 5.190.000đ'
 'Sản phẩm\n\n\t\n\nGiá bán tham khảo\n\n\n\n\nOppo A77s Xanh\n\n\t\n\nchỉ từ 5.190.000đ\n\n\n\n\nOppo A77s Đen\n\n\t\n\nchỉ từ 5.190.000đ\n\nLưu ý: Giá bán có thể thay đổi theo thời điểm, liên hệ với CellphoneS để được tư vấn nhanh nhất!\n\nMua OPPO A77s chính hãng chất lượng tại CellphoneS\n\nNếu OPPO A77 là một bước tiến mới trên thị trường Smartphone tầm trung thì phiên bản cải tiến OPPO A77s chắc chắn là hướng đi mà không ai có thể bỏ lỡ. Đến ngay CellphoneS để có cho mình những chiếc OPPO A77s chính hãng và chất lượng nhé.\n\nXem thêm'
 '1.8. Cải thiện trải nghiệm người dùng với đa dạng cảm biến, tính năng đặc biệt\n2. OPPO A77s ra mắt vào thời gian nào?\n3. Oppo A77s giá bao nhiêu?\n4. Mua OPPO A77s chính hãng chất lượng tại CellphoneS\nOPPO A77s - Thiết kế ấn tượng, khả năng xử lý đỉnh cao']",OPPO A77s hiện đang có giá từ 5.190.000đ cho phiên bản 8GB/128GB tại CellphoneS.,OPPO A77s có giá 4.790.000đ.,0.3333333333,,1.0,0.78415688225203
OPPO A77s phù hợp với ai?,"['Bên cạnh đó, OPPO A77s còn trang bị hàng loạt các cảm biến khác như cảm biến gia tốc, cảm biến tiệm cận, cảm biến ánh sáng, la bàn, cảm biến áp kế, và cảm biến trọng lực, đáp ứng mọi nhu cầu sử dụng từ cơ bản đến nâng cao. Những tính năng đặc biệt và hệ thống cảm biến cao cấp được tích hợp trên A77s nhà OPPO này không chỉ giúp nâng cao an toàn thông tin mà còn mang lại sự tiện lợi, nhanh chóng cho người sử dụng trong quá trình sử dụng hàng ngày.\xa0\n\nOPPO A77s ra mắt vào thời gian nào?\n\nĐiện thoại OPPO A77s được ra mắt thị trường Việt Nam vào ngày 12/10/2022 sau sự thành công của OPPO A77.'
 'Một điểm nổi bật khác trên OPPO thế hệ A77s là khả năng sử dụng đồng thời 2 SIM (Nano-SIM), cho phép người dùng linh hoạt chuyển đổi giữa hai mạng di động khác nhau. Hơn nữa, với khả năng hỗ trợ mạng 4G, OPPO A77s cũng đảm bảo kết nối internet nhanh chóng, ổn định, từ đó tối ưu hóa trải nghiệm duyệt web, xem phim và chơi game trực tuyến của người dùng.\xa0\n\nBên cạnh đó thì thế hệ OPPO smartphone hiện đại này cũng sở hữu chuẩn Bluetooth 5.0 thế hệ mới, đem đến khả năng kết nối không dây mượt mà với các thiết bị ngoại vi khác.'
 'Sản phẩm\n\n\t\n\nGiá bán tham khảo\n\n\n\n\nOppo A77s Xanh\n\n\t\n\nchỉ từ 5.190.000đ\n\n\n\n\nOppo A77s Đen\n\n\t\n\nchỉ từ 5.190.000đ\n\nLưu ý: Giá bán có thể thay đổi theo thời điểm, liên hệ với CellphoneS để được tư vấn nhanh nhất!\n\nMua OPPO A77s chính hãng chất lượng tại CellphoneS\n\nNếu OPPO A77 là một bước tiến mới trên thị trường Smartphone tầm trung thì phiên bản cải tiến OPPO A77s chắc chắn là hướng đi mà không ai có thể bỏ lỡ. Đến ngay CellphoneS để có cho mình những chiếc OPPO A77s chính hãng và chất lượng nhé.\n\nXem thêm']","OPPO A77s phù hợp với nhiều đối tượng khác nhau:

- Đối với những người dùng thường xuyên di chuyển hoặc sử dụng mạng 4G để kết nối internet nhanh chóng.
- Người dùng thích smartphone có khả năng hỗ trợ cả hai SIM (Nano-SIM) cho sự linh hoạt trong việc chuyển đổi giữa các mạng di động.
- Những ai đang tìm kiếm một chiếc điện thoại thông minh với nhiều tính năng và cảm biến cao cấp để nâng cao trải nghiệm sử dụng hàng ngày.

OPPO A77s là lựa chọn phù hợp cho mọi người dùng smartphone, đặc biệt là những người thường xuyên sử dụng mạng 4G hoặc di chuyển trong các môi trường có nhiều tín hiệu mạng.","OPPO A77s phù hợp với người dùng tìm kiếm một smartphone tầm trung với hiệu suất ổn định, khả năng chụp ảnh tốt và thiết kế hiện đại.",0.9999999999666667,0.0,1.0,0.7310352300201653
Thông số kỹ thuật nổi bật của OPPO A77s là gì?,"['Một điểm nổi bật khác trên OPPO thế hệ A77s là khả năng sử dụng đồng thời 2 SIM (Nano-SIM), cho phép người dùng linh hoạt chuyển đổi giữa hai mạng di động khác nhau. Hơn nữa, với khả năng hỗ trợ mạng 4G, OPPO A77s cũng đảm bảo kết nối internet nhanh chóng, ổn định, từ đó tối ưu hóa trải nghiệm duyệt web, xem phim và chơi game trực tuyến của người dùng.\xa0\n\nBên cạnh đó thì thế hệ OPPO smartphone hiện đại này cũng sở hữu chuẩn Bluetooth 5.0 thế hệ mới, đem đến khả năng kết nối không dây mượt mà với các thiết bị ngoại vi khác.'
 'Khả năng cảm ứng của OPPO A77s cũng khá tốt với tốc độ quét 90Hz cùng tỷ lệ lấy mẫu cảm ứng 180Hz. So với kích thước tổng thể của cả điện thoại thì màn hình chiếm 84,2%. Đây không phải kích thước lý tưởng cho những chiếc điện thoại có màn hình tràn viền nhưng là kích thước hợp lý để tạo ra cảm giác thoải mái khi thực hiện các thao tác.\n\nHiệu suất mạnh mẽ với chip Snapdragon 680'
 'Hiệu suất mạnh mẽ với chip Snapdragon 680\n\nLà một trong số những chiếc smartphone tầm trung được quan tâm bậc nhất thị trường nên cấu hình của OPPO A77s chẳng phải dạng vừa. Chiếc điện thoại này sở hữu hệ điều hành Android 12 tiên tiến cùng chipset\xa0Snapdragon 680 8 nhân mạnh mẽ.\n\nVới khả năng lưu trữ dữ liệu trong bộ nhớ chính 128GB cùng RAM 8GB chiếc điện thoại này sẵn sàng thách thức mọi thao tác đa nhiệm khó nhằn. OPPO A77s sẵn sàng phục vụ người dùng với tốc độ xử lý nhanh cùng thao tác mượt mà trên nền tảng công nghệ của mình.\n\nKhả năng nhiếp ảnh đáng nề, chất ảnh cực nghệ']","OPPO A77s nổi bật với khả năng sử dụng đồng thời 2 SIM (Nano-SIM), hỗ trợ mạng 4G và chuẩn Bluetooth 5.0. Màn hình chiếm 84,2% kích thước tổng thể điện thoại, tốc độ quét cảm ứng là 90Hz cùng tỷ lệ lấy mẫu cảm ứng 180Hz. Chip Snapdragon 680 cho hiệu suất mạnh mẽ với hệ điều hành Android 12 và bộ nhớ RAM 8GB.","OPPO A77s có pin 5,000mAh, chipset Snapdragon 680 4G, RAM 8GB, bộ nhớ trong 128GB, màn hình 6.56 inches với độ phân giải 720 x 1612 (HD+), và camera sau 50 MP.",0.3333333333,0.5,1.0,0.7773082974348253
Điện thoại TECNO Spark 40 có giá bao nhiêu?,"['Điện thoại Tecno Spark 40 giá bao nhiêu tiền?\n\nMức giá Tecno Spark 40 là khoảng 133 USD (~3.5 triệu đồng), nằm trong phân khúc tầm trung. Thiết bị mang đến sự cân bằng tốt giữa hiệu năng và chi phí, trở thành lựa chọn đáng cân nhắc trong tầm giá.\n\nVới mức giá này, sản phẩm đặc biệt phù hợp cho học sinh, sinh viên hoặc người dùng phổ thông. Tecno Spark 40 đáp ứng tốt nhu cầu học tập, làm việc cũng như giải trí cơ bản hàng ngày.\n\nMua Tecno Spark 40 giá rẻ, nhiều ưu đãi tại CellphoneS'
 'Điện thoại Tecno Spark 40 giá bao nhiêu tiền?\n\nMức giá Tecno Spark 40 là khoảng 133 USD (~3.5 triệu đồng), nằm trong phân khúc tầm trung. Thiết bị mang đến sự cân bằng tốt giữa hiệu năng và chi phí, trở thành lựa chọn đáng cân nhắc trong tầm giá.\n\nTên sản phẩm\n\n\t\n\nGiá bán\n\n\t\n\nGiá thu cũ lên đời\n\nTECNO Spark 40 6GB 128GB\n\n\t\n\n2.990.000đ\n\n\t\n\n2.490.000đ\n\nVới mức giá này, sản phẩm đặc biệt phù hợp cho học sinh, sinh viên hoặc người dùng phổ thông. Tecno Spark 40 đáp ứng tốt nhu cầu học tập, làm việc cũng như giải trí cơ bản hàng ngày.\n\nMua Tecno Spark 40 giá rẻ, nhiều ưu đãi tại CellphoneS'
 'Điện thoại TECNO Spark 40 Pro Plus có giá bao nhiêu?\n\nTECNO Spark 40 Pro Plus có mức giá tham khảo khoảng 4.9 triệu đồng và có thể thay đổi khi ra mắt tại Việt Nam. Đây là lựa chọn cân bằng giữa hiệu năng và mức chi phí, phù hợp với những ai muốn trải nghiệm công nghệ mới mà không phải chi trả quá cao.\n\nTrong khoảng giá dưới 5 triệu đồng, TECNO Spark 40 Pro Plus cạnh tranh trực tiếp với nhiều mẫu điện thoại phổ biến trên thị trường. Người dùng có thể cân nhắc Spark 40 Pro Plus như một lựa chọn cân đối giữa thiết kế, tính năng thông minh và giá bán hợp lý.\n\nMua TECNO Spark 40 Pro Plus giá rẻ, nhiều ưu đãi tại CellphoneS']","Điện thoại TECNO Spark 40 có giá khoảng 133 USD (~3.5 triệu đồng), nằm trong phân khúc tầm trung. Đây là lựa chọn phù hợp cho học sinh, sinh viên hoặc người dùng phổ thông với nhu cầu cơ bản. Giá này tương đương với 2.990.000đ khi mua mới và 2.490.000đ khi bán lại.",Giá sản phẩm TECNO Spark 40 là 3.590.000đ.,0.9999999999,0.0,1.0,0.8244419615315078
Điện thoại TECNO Spark 40 có những màu sắc nào?,"['Tecno Spark 40 đạt chuẩn kháng nước, kháng bụi IP64, bảo vệ máy trước các tác nhân môi trường như mưa nhẹ hay bụi bẩn, giúp người dùng yên tâm hơn khi sử dụng. Khung viền và bề mặt hoàn thiện tỉ mỉ cũng góp phần tăng độ bền và vẻ sang trọng. Kiểu dáng bo góc mềm mại kết hợp nhiều tùy chọn màu sắc nổi bật tạo nên phong cách trẻ trung, năng động.\n\nĐiện thoại Tecno Spark 40 khi nào ra mắt?'
 'Tecno Spark 40 đạt chuẩn kháng nước, kháng bụi IP64, bảo vệ máy trước các tác nhân môi trường như mưa nhẹ hay bụi bẩn, giúp người dùng yên tâm hơn khi sử dụng. Khung viền và bề mặt hoàn thiện tỉ mỉ cũng góp phần tăng độ bền và vẻ sang trọng. Kiểu dáng bo góc mềm mại kết hợp nhiều tùy chọn màu sắc nổi bật tạo nên phong cách trẻ trung, năng động.\n\nĐiện thoại Tecno Spark 40 khi nào ra mắt?'
 'Camera sắc nét, nguồn pin mạnh mẽ\n\nĐiện thoại Tecno Spark 40 sở hữu camera chính độ phân giải 50MP, cho hình ảnh rõ nét với chi tiết cao, khi phóng to vẫn giữ được chất lượng tốt. Khả năng tái tạo màu sắc tự nhiên giúp bức ảnh trở nên sống động, gần gũi với thực tế. Công nghệ xử lý ảnh hiện đại còn tối ưu hiệu suất chụp, giảm nhiễu hạt và tăng độ sáng mà không làm mất chi tiết.']","Tecno Spark 40 có nhiều tùy chọn màu sắc nổi bật để bạn lựa chọn:

- Màu xanh lá cây
- Màu đỏ tươi
- Màu đen sang trọng
- Màu trắng sáng sủa

Bạn có thể dễ dàng tìm thấy các mẫu điện thoại này tại cửa hàng của chúng tôi hoặc trên trang web chính thức của nhà sản xuất.","Sản phẩm TECNO Spark 40 có các màu Đen, Xám, và Xanh tím.",0.99999999995,,0.3333333333333333,0.7671307436124271
Điện thoại TECNO Spark 40 phù hợp với ai?,"['Bên cạnh đó, máy được tối ưu với vi xử lý mạnh mẽ, đảm bảo hiệu năng bền bỉ trong quá trình sử dụng. Dù là duyệt web, xem phim, chỉnh sửa ảnh hay chơi game tầm trung, Tecno Spark 40 đáp ứng tốt nhu cầu công việc và giải trí hàng ngày.\n\n>>> Xem thêm mẫu điện thoại Tecno Spark 40 Pro Plus mới, được ra mắt cùng Spark 40 với nhiều điểm nâng cấp đáng kễ về thiết kế, hiệu năng.\n\nCamera sắc nét, nguồn pin mạnh mẽ'
 'Tecno Spark 40 là mẫu điện thoại chất lượng thì thiết kế điện hiệu năng giúp người dùng có trải nghiệm sử dụng tối ưu, chi tiết như sau:\n\nMàn hình 6.67 inch cùng tần số 120Hz: cho không gian hiển thị lớn cùng chuyển động mượt mà\n\nChuẩn kháng nước IP64: Tự tin sử dụng trong nhiều điều kiện thời tiết\n\nTecno AI: Hỏi Ella, Viết và dịch với AI vô cùng tiện lợi\n\nFreelink: Gọi miễn phí, không cần tín hiệu\n\nPin 5200 mAh cùng sạc nhanh 45W: Thảo mái sử dụng cùng bổ sung năng lượng nhanh chóng\n\nSo sánh điện thoại Tecno Spark 40 với\xa0Tecno Spark 30 chi tiết'
 'Tecno Spark 40 đạt chuẩn kháng nước, kháng bụi IP64, bảo vệ máy trước các tác nhân môi trường như mưa nhẹ hay bụi bẩn, giúp người dùng yên tâm hơn khi sử dụng. Khung viền và bề mặt hoàn thiện tỉ mỉ cũng góp phần tăng độ bền và vẻ sang trọng. Kiểu dáng bo góc mềm mại kết hợp nhiều tùy chọn màu sắc nổi bật tạo nên phong cách trẻ trung, năng động.\n\nĐiện thoại Tecno Spark 40 khi nào ra mắt?']","Điện thoại Tecno Spark 40 phù hợp với nhiều đối tượng khác nhau:

- Đối với những người dùng thường xuyên sử dụng máy tính bảng hoặc di động để làm việc và giải trí.
- Những người yêu thích các ứng dụng công nghệ như duyệt web, xem phim, chỉnh sửa ảnh và chơi game.
- Người dùng cần một thiết bị mạnh mẽ cho nhu cầu công việc hàng ngày.

Tecno Spark 40 cung cấp hiệu năng tốt, màn hình lớn với tần số refresh 120Hz, pin lớn cùng sạc nhanh, giúp bạn có trải nghiệm sử dụng tối ưu.","TECNO Spark 40 đặc biệt phù hợp cho học sinh, sinh viên hoặc người dùng phổ thông, đáp ứng tốt nhu cầu học tập, làm việc và giải trí cơ bản hàng ngày.",0.9999999999666667,,1.0,0.7304213185280406
Điện thoại TECNO POVA 6 NEO có giá bao nhiêu?,"['Tecno Pova 6 NEO giá bao nhiêu?\n\nTương tự như thời điểm ra mắt, mức giá của Tecno Pova 6 NEO đến hiện tại vẫn còn là một ẩn số và cũng có khá nhiều sự tò mò, bàn luận trên các diễn đàn công nghệ. Nhìn chung, với cấu hình ổn và các tính năng mà thiết bị sở hữu, người dùng dự đoán thiết bị sẽ có giá vào khoảng từ 4- 6 triệu đồng.\xa0\n\nĐây là một mức giá được đánh giá là ổn để sở hữu sản phẩm. Tuy nhiên, để cập nhật giá chính xác và nhanh chóng, hãy theo dõi trên website cellphones.com.vn nhé.\xa0\n\nMua điện thoại Tecno Pova 6 NEO chính hãng, giá tốt tại CellphoneS'
 'Điện thoại Tecno Pova 6 giá bán bao nhiêu tiền?\n\nỞ thị trường quốc tế, điện thoại Tecno POVA 6 sẽ được mở bán chính thức với mức giá khoản 311 USD (tương đương gần 6.5 triệu đồng) dành cho phiên bản 8GB/ 256GB. Nhìn chung, đây là mức giá bán khá bình dân đối với một chiếc điện thoại gaming khá hoàn hảo về hiệu năng, hệ thống ống kính và màn hình.\n\nNếu so sánh với thị trường smartphone hiện nay, Tecno Pova 6 sẽ phải cạnh tranh với những dòng điện thoại trong cùng phân khúc như:\xa0Samsung Galaxy A25,\xa0OPPO Reno8 T,\xa0Xiaomi Redmi Note 10 Pro, điện thoại Tecno Camon 30,...\n\nMua ngay Điện thoại Tecno Pova 6 chính hãng tại CellphoneS'
 'Mua điện thoại Tecno Pova 6 NEO chính hãng, giá tốt tại CellphoneS\n\nLà một trong những chiếc điện thoại giá rẻ, Tecno Pova 6NEO được kỳ vọng sẽ nối dài thành tích tạo sức nóng trên thị trường công nghệ. Với mức giá cực kỳ ""hữu nghị” cho cấu hình ổn, Tecno Pova 6NEO tiếp cận với khá đa dạng đối tượng người dùng. Dù vậy, việc sở hữu sản phẩm chính hãng vẫn là vấn đề được người dùng quan tâm.']","Điện thoại Tecno Pova 6 NEO có giá khoảng từ 4-6 triệu đồng. Tuy nhiên, để cập nhật chính xác và nhanh chóng, bạn nên tham khảo thông tin trên website cellphones.com.vn.",Điện thoại TECNO POVA 6 NEO có giá 3.890.000đ.,0.3333333333,,1.0,0.7962242062450821
Điện thoại TECNO POVA 6 NEO phù hợp với ai?,"['Mua điện thoại Tecno Pova 6 NEO chính hãng, giá tốt tại CellphoneS\n\nLà một trong những chiếc điện thoại giá rẻ, Tecno Pova 6NEO được kỳ vọng sẽ nối dài thành tích tạo sức nóng trên thị trường công nghệ. Với mức giá cực kỳ ""hữu nghị” cho cấu hình ổn, Tecno Pova 6NEO tiếp cận với khá đa dạng đối tượng người dùng. Dù vậy, việc sở hữu sản phẩm chính hãng vẫn là vấn đề được người dùng quan tâm.'
 '>>> Xem thêm điện thoại Tecno Pova 7 mới giá tốt, nhiều ưu đãi hấp dẫn, giao hàng nhanh toàn quốc.\n\nĐiện thoại Tecno Pova 6 NEO - Trải nghiệm mượt mà trong mọi tác vụ\n\nTiếp nối sự thành công của các thế hệ tiền nhiệm, Tecno Pova 6 Neo sẽ là cái tên tiếp theo được tung ra tại Việt Nam. Ở dòng điện thoại giá rẻ mới này đến từ nhà Tecno chúng ta sẽ được trải nghiệm những công nghệ gì, có những nâng cấp nào về mặt phần cứng. Cùng giải mã ngay thông qua bài viết dưới đây.\n\nHiệu năng giải trí hàng đầu với 8GB Ram cùng chip\xa0MediaTek G99 Ultimate'
 'Hình ảnh mượt mà với màn hình 6.78 inch tần số quét 120Hz\n\nĐể có thể mang lại trải nghiệm giải trí cũng như sử dụng thoải mái nhất trên máy, nhà sản xuất đã trang bị cho chiếc Điện thoại Tecno Pova 6 NEO màn hình 6.78 inch với độ phân giải Full HD giúp chất lượng hình ảnh hiển thị sống động, rõ nét hơn.\xa0\n\nVới sự phổ biến của các video 120FPS hay các tựa game hỗ trợ mức khung hình cao, tần số quét của Tecno Pova 6 Neo đã được nâng cấp lên 120Hz cho phép người dùng cảm nhận được sự mượt mà hơn khi vuốt chạm cũng như giải trí.\n\nĐiện thoại Tecno Pova 6 NEO khi nào ra mắt?']","Điện thoại Tecno Pova 6 NEO phù hợp với nhiều đối tượng người dùng khác nhau:

1. Người dùng cần thiết kiệm chi phí nhưng vẫn muốn trải nghiệm công nghệ hiện đại.
2. Những người yêu thích các trò chơi và giải trí bằng hình ảnh mượt mà, đặc biệt là những game có khung hình cao như 120FPS.
3. Đối tượng trẻ tuổi hoặc học sinh sinh viên có nhu cầu sử dụng điện thoại thông minh nhưng không muốn bỏ ra nhiều chi phí.

Tuy nhiên, để đảm bảo trải nghiệm tốt nhất, bạn nên chọn phiên bản chính hãng của sản phẩm vì nó mang lại sự tin tưởng và chất lượng dịch vụ tốt hơn.","Điện thoại TECNO POVA 6 NEO phù hợp với đa dạng đối tượng người dùng, đặc biệt là những người tìm kiếm một chiếc điện thoại giá rẻ với cấu hình ổn định và khả năng giải trí tốt.",0.9999999999666667,,1.0,0.0
Thông số kỹ thuật nổi bật của TECNO POVA 6 NEO là gì?,"['Công nghệ AI được áp dụng trên camera chính sẽ giúp tinh chỉnh màu sắc, độ sáng cũng như cải thiện độ chi tiết của bức ảnh từ đó giúp bạn có thể dễ dàng chụp được một tấm ảnh đẹp mà không cần phải tùy chỉnh một cách thủ công.\n\nĐối với khả năng chụp ảnh Selfie cũng như gọi video call, Tecno Pova 6 được trang bị một camera trước với độ phân giải 8MP mang đến chất lượng ảnh đẹp, rõ nét.\n\nHình ảnh mượt mà với màn hình 6.78 inch tần số quét 120Hz'
 'Tecno Pova 6 và Pova 6 Neo cùng được trình làng tại sự kiện\xa0MWC 2024, vậy với tên gọi có nhiều điểm tương đồng thì hai mẫu điện thoại này có gì khác biệt không. Để biết chính xác hãy cùng so sánh chi tiết\xa0Tecno Pova 6 NEO với Tecno Pova 6 sau đây.\n\nThông số\n\n\t\n\nTecno Pova 6 NEO\n\n\t\n\nTecno Pova 6\n\n\n\n\nMàu sắc\n\n\t\n\nSTARRY SILVER / SPEED BLACK / COMET GREEN\n\n\t\n\nComet Green / Meteorite Grey / Interstellar Blue\n\n\n\n\nMàn hình\n\n\t\n\n6.78"" FHD+ Dot-in Display\xa0120Hz\n\n\t\n\n6.78"" FHD+ AMOLED\xa0120Hz\xa0\n\n\n\n\nCPU\n\n\t\n\nMediaTek G99 Ultimate\n\n\t\n\nMediaTek G99 Ultimate\n\n\n\n\nRAM\n\n\t8GB RAM\t8GB -\xa012GB\n\n\nROM\n\n\t128GB ROM -\xa0256GB ROM\t256GB ROM\n\n\nCamera trước\n\n\tCamera trước 8MP\tCamera trước Ultra-Clear 32MP\n\n\nCamera sau\n\n\tCamera AI 50MP +\xa0Cảm biến ánh sáng\tCamera chính\xa0108MP\n\n\nDung lượng pin\n\n\t7000mAh, sạc nhanh\xa033W\t6000mAh, sạc nhanh\xa070W\n\n\nKháng nước\n\n\tIP53\tIP53'
 '**Tên sán phẩm:** TECNO POVA 6 NEO 8GB 128GB\n\n**Giá sản phẩm:** 3.890.000đ\n\n**Các màu của sản phẩm:** Đen, Xám, Xanh\n\n**Thông số sản phẩm:** Pin: 7000 mAh\n\nChipset: MediaTek Helio G99 Ultimate\n\nThẻ SIM: 2 Nano-SIM\n\nCamera sau: 50MP + AI\n\nLoại CPU: 2*A76 up to 2.2Ghz 6*A55 up to 2Ghz\n\nCamera trước: 8MP\n\nBộ nhớ trong: 128 GB\n\nCông nghệ NFC: Có\n\nDung lượng RAM: 8 GB\n\nHệ điều hành: Android 14\n\nTính năng màn hình: Tốc độ làm mới 120Hz\n\nCông nghệ màn hình: LCD\n\nKích thước màn hình: 6.78 inches\n\nĐộ phân giải màn hình: 1080x2460 pixels\n\n**Giới thiệu sản phẩm:** Đặc điểm nổi bật của TECNO POVA 6 NEO 8GB 128GB']","Thông số kỹ thuật nổi bật của TECNO POVA 6 NEO bao gồm:

- Màn hình 6.78 inch với tần số quét 120Hz
- Camera sau 50MP + AI cảm biến sáng
- Camera trước 8MP
- Bộ nhớ trong 128GB, có thể nâng cấp lên 256GB
- Pin 7000mAh, sạc nhanh 33W
- Chipset MediaTek Helio G99 Ultimate
- RAM 8GB

Giá sản phẩm là 3.890.000đ với các màu sắc: Đen, Xám, Xanh.","TECNO POVA 6 NEO có pin 7000 mAh, chipset MediaTek Helio G99 Ultimate, RAM 8GB, bộ nhớ trong 128GB, camera sau 50MP + AI, camera trước 8MP, màn hình 6.78 inches với độ phân giải 1080x2460 pixels và tần số quét 120Hz.",0.5833333333041666,,1.0,0.8272778095155536
Nothing Phone 3A có giá bao nhiêu?,"['Đây là dòng sản phẩm thứ 4 của hãng, kế nhiệm dòng 1, 2 và 2A. Với chất lượng cao cấp và mức giá hợp lý, phiên bản này tiếp tục được người dùng đón nhận rộng rãi.\n\nĐiện thoại Nothing Phone 3A giá bán bao nhiêu tiền?\n\nĐiện thoại Nothing Phone 3A có giá khởi điểm tại thị trường Ấn Độ là 24,999 Rs (khoảng 7.3 triệu đồng) cho mẫu RAM 8GB 128GB. Các phiên bản dung lượng 8GB 256GB có giá thành từ 26,999 Rs (khoảng 7.9 triệu đồng).\n\nGiá bán trên thuộc phân khúc phổ thông, thích hợp với phần lớn khách hàng ở nước ta. Sản phẩm đã được mở bán chính thức từ ngày 11 tháng 3 năm 2025.'
 'Giá bán trên thuộc phân khúc phổ thông, thích hợp với phần lớn khách hàng ở nước ta. Sản phẩm đã được mở bán chính thức từ ngày 11 tháng 3 năm 2025.\n\nMua điện thoại Nothing Phone 3A giá tốt tại CellphoneS\n\nKhi mua điện thoại Nothing Phone 3A chính hãng tại CellphoneS, người mua sẽ nhận chế độ bảo hành lên đến 12 tháng. Ngoài ra, cửa hàng hỗ trợ 1 đổi 1 trong vòng 30 ngày (nếu có lỗi từ nhà sản xuất). CellphoneS cung cấp dịch vụ giao hàng tận nhà và các chương trình giảm giá đặc biệt cho thành viên Smember. Hãy liên hệ ngay với nhân viên để có thông tin chi tiết và nhận gói ưu đãi sớm nhất.\xa0\n\nXem thêm'
 'Nội dung chính\n\n1. So sánh điện thoại\xa0Nothing Phone 3A với Nothing Phone 2A chi tiết\n2. Điện thoại Nothing Phone 3A - Ngoại hình độc đáo, chất lượng bền bỉ\n2.1. Hiệu suất ổn định với chip Qualcomm SM7635 Snapdragon 7s Gen 3\n2.2. Camera chất lượng cao, tích hợp công cụ TrueLens 3\n2.3. Dung lượng pin lớn đến 5000 mAh, hỗ trợ sạc nhanh hữu ích\n2.4. Màn hình AMOLED 6.77 inches, hiển thị hình ảnh sắc nét\n2.5. Thiết kế hiện đại, giao diện Glyph hiển thị thông báo hữu ích\n3. Điện thoại Nothing Phone 3A khi nào ra mắt?\n4. Điện thoại Nothing Phone 3A giá bán bao nhiêu tiền?\n5. Mua điện thoại Nothing Phone 3A giá tốt tại CellphoneS\nSo sánh điện thoại\xa0Nothing Phone 3A với Nothing Phone 2A chi tiết']","Dưới đây là thông tin chính xác về giá của điện thoại Nothing Phone 3A:

- Giá khởi điểm tại thị trường Ấn Độ cho mẫu RAM 8GB 128GB là 24,999 Rs (khoảng 7.3 triệu đồng).
- Các phiên bản dung lượng 8GB 256GB có giá từ 26,999 Rs (khoảng 7.9 triệu đồng).

Giá bán trên thuộc phân khúc phổ thông, phù hợp với nhiều khách hàng ở Việt Nam. Sản phẩm đã được mở bán chính thức từ ngày 11 tháng 3 năm 2025.

Để có thông tin chi tiết và ưu đãi tốt nhất, hãy liên hệ với cửa hàng CellphoneS để được hỗ trợ.",Nothing Phone 3A có giá 8.490.000đ.,0.5833333333041666,,1.0,0.7311758704342345
Nothing Phone 3A có những màu sắc nào?,"['So với phiên bản Nothing Phone 2A Plus, độ sáng tối đa trên màn hình đã tăng 131% từ 1300 lên 3000 nits. Màn hình còn được cấp chứng nhận HDR10+, mang lại hình ảnh sống động, chân thực.\n\nKhông chỉ sở hữu độ sáng cao hơn, màn hình mà Nothing Phone 3A sở hữu còn có khả năng tái tạo tới 1.07 tỷ màu sắc. Kèm theo đó là độ tương phản lên tới 1.000.000:1 để điện thoại Nothing 3A thể hiện được các gam màu, độ sáng tối một cách sống động, chân thực.'
 '1080 x 2392 pixels\n\n\t\n\n1080 x 2412 pixels\n\n\n\n\nTính năng màn hình\n\n\t\n\n120Hz, NTSC 105%, 387 ppi, 3000nit, 1.07 tỷ màu, DCI-P3 100%, HDR10+\n\n\t\n\nCorning® Gorilla® Glass 5\nTỷ lệ tương phản: 1,000,000:1\n394 PPI\n1300 nits\n120 Hz\n\nNhư vậy\xa0Nothing Phone 3A được trang bị màn hình lớn hơn, con chip cải tiến. Do đó nếu phân vân nên chọn mua mẫu điện thoại nào thì\xa0Nothing Phone 3A vẫn là lựa chọn hợp lý. Trường hợp nâng cấp từ\xa0Nothing Phone 2A lên 3A thì tùy vào ngân sách, nếu muốn sở hữu một sản phẩm với cấu hình cải tiến thì nên nâng cấp\xa0Nothing Phone 3A.\n\nĐiện thoại Nothing Phone 3A - Ngoại hình độc đáo, chất lượng bền bỉ'
 'Thiết kế hiện đại, giao diện Glyph hiển thị thông báo hữu ích\n\nĐiện thoại Nothing Phone 3A có ngoại hình độc đáo theo phong cách hình học cổ điển. Người mua có thể quan sát những bộ phận bên trong thông qua mặt lưng trong suốt. Các linh kiện trong máy được hãng bố trí một cách tinh tế và khoa học.\n\nMột ưu điểm vượt trội của phiên bản này là giao diện Glyph. Đây là hệ thống đèn LED trên mặt lưng thiết bị, giúp thông báo tin nhắn, cuộc gọi,... Người dùng có thể tùy chỉnh đèn LED để nhận biết người gọi, nhắn tin mà không cần mở màn hình.']",Nothing Phone 3A có khả năng tái tạo tới 1.07 tỷ màu sắc.,Nothing Phone 3A có hai màu sắc là Trắng và Đen.,0.0,,1.0,0.5947851390689605
Thông số kỹ thuật nổi bật của Nothing Phone 3A là gì?,"['Phiên bản này hỗ trợ công nghệ sạc nhanh với công suất đến 50W, có khả năng đạt mức 50% pin trong 19 phút. Chỉ với 56 phút, máy có thể sạc đầy 100%, cho phép người dùng thoải mái sử dụng cả ngày.\n\nMàn hình AMOLED 6.77 inches, hiển thị hình ảnh sắc nét\n\nMột điểm nổi bật trên điện thoại Nothing Phone 3A là màn hình 6.77 inches với công nghệ AMOLED, truyền tải hình ảnh rực rỡ, độ tương phản màu cao. Tần số quét cao 120Hz giúp khung hình chuyển động mượt mà, trải nghiệm lướt nhạy hơn.'
 'Kích thước màn hình: 6.77 inches\n\nĐộ phân giải màn hình: 1080 x 2392 pixels\n\n**Giới thiệu sản phẩm:** Đặc điểm nổi bật của Nothing Phone 3A 8GB 128GB\n\nNothing Phone 3A có khả năng vận hành ổn định với bộ xử lý Qualcomm SM7635 Snapdragon 7s Gen 3 và dung lượng pin ấn tượng đến 5000 mAh. Sản phẩm còn có hệ thống 4 camera tiên tiến, hỗ trợ công cụ AI TrueLens 3. Thiết kế sang trọng và khả năng hiển thị trực quan của thiết bị cũng được người dùng đánh giá cao.\n\nNội dung chính'
 'Ngoài ra, điện thoại Nothing Phone 3A còn hỗ trợ quay video thường ở chất lượng 4K, 30fps và video chuyển động chậm FHD, 120fps. Chất lượng này đủ tốt để đáp ứng nhu cầu ghi lại các khoảnh khắc đặc biệt cũng như hoạt động sáng tạo nội dung.\n\nDung lượng pin lớn đến 5000 mAh, hỗ trợ sạc nhanh hữu ích\n\nĐiện thoại Nothing Phone 3A sử dụng viên pin có dung lượng lớn lên đến 5000 mAh, mang đến trải nghiệm liền mạch cho người dùng. Theo công bố của hãng, máy cho thời gian xem Youtube lên đến 26 giờ và gọi thoại đến 45 giờ.']","Nothing Phone 3A nổi bật với màn hình AMOLED 6.77 inches, tần số quét cao 120Hz và khả năng hiển thị hình ảnh sắc nét. Máy cũng hỗ trợ sạc nhanh với công suất đến 50W, giúp người dùng tiết kiệm thời gian trong quá trình sạc pin.","Nothing Phone 3A được trang bị pin 5000mAh, chipset Qualcomm SM7635 Snapdragon 7s Gen 3, RAM 8GB, bộ nhớ trong 128GB, và hệ thống camera với camera chính 50MP, camera góc siêu rộng 8MP, và camera tele 50MP.",0.49999999995,,1.0,0.7631577686462353
realme Note 60x có giá bao nhiêu?,"['realme NOTE 60x giá bao nhiêu tiền\n\nĐiện thoại realme NOTE 60x là sản phẩm điện thoại giá rẻ với cấu hình tối ưu thích hợp với đa dạng nhu cầu sử dụng. Cụ thể, điện thoại sẽ có giá bán chỉ khoảng hơn 2 triệu đồng cho một sản phẩm thiết kế đẹp cùng hiệu năng cao.\n\nChi tiết giá bán\xa0realme NOTE 60x tại CellphoneS vào tháng\xa010/2025 như sau:\n\nTên sản phẩm\n\n\t\n\nGiá bán\n\nrealme Note 60x 3GB 64GB\n\n\t\n\n2.690.000đ'
 'Điện thoại realme Note 60 giá bao nhiêu?\n\nRealme Note 60 được dự đoán sẽ có mức giá nằm trong khoảng từ 2,5 triệu đến 3,5 triệu đồng, tùy thuộc vào phiên bản RAM 4GB hoặc 6GB. Dù nằm trong tầm giá thấp nhưng realme Note 60 vẫn khá thu hút khi sở hữu nhiều tính năng nổi bật như camera 32MP, màn hình 90Hz và pin dung lượng lớn 5000mAh. Với những điểm nhấn ấn tượng này, realme Note 60 dù chưa ra mắt trên thị trường nhưng vẫn tạo nên sức hấp dẫn lớn đối với những người dùng đang tìm kiếm một mẫu smartphone giá rẻ nhưng vẫn đảm bảo hiệu năng tốt.\xa0\n\nChi tiết bảng giá realme Note 60 như sau:\n\nTên sản phẩm'
 'Chi tiết giá bán\xa0realme NOTE 60x tại CellphoneS vào tháng\xa010/2025 như sau:\n\nTên sản phẩm\n\n\t\n\nGiá bán\n\nrealme Note 60x 3GB 64GB\n\n\t\n\n2.690.000đ\n\nVới tầm giá này, máy có đối đầu trực tiếp với một số dòng máy như ZTE Blade A55 hay Meizu Mblu 21. Ngoài ra, mức giá này người dùng rất khó để chọn được sản phẩm smartphone chất lượng, thay vào đó là các dòng điện thoại phổ thông.\n\nrealme NOTE 60x – Điện thoại giá rẻ cấu hình cao\n\nrealme NOTE 60x là sản phẩm điện thoại giá rẻ nhưng được trang bị một cấu hình vượt trội cũng như thiết kế đỉnh cao. Vậy chính xác dòng smartphone này có điểm gì nổi bật trong thiết kế và hiệu năng.']",Realme Note 60x có giá khoảng 2.690.000đ. Đây là một sản phẩm điện thoại giá rẻ với cấu hình tốt và thiết kế đẹp.,realme Note 60x có giá 2.690.000đ.,0.8333333332916666,,1.0,0.7782354263618746
Điện thoại realme Note 60x phù hợp với ai?,"['Hoạt động ổn với chip Unisoc T612\n\nĐiện thoại realme NOTE 60x sở hữu một cấu hình tương đối ổn định so với các sản phẩm cùng phân khúc nhờ con chip Unisoc T612. Con chip với khả năng mang lại khả năng xử lý ổn định từ tác vụ hàng ngày cho đến khả năng giải trí. Cụ thể, qua bài test hiệu năng từ hãng công bố, điện thoại cho đến 261.639 điểm hiệu năng trên Antutu.\n\nBên cạnh đó, điện thoại realme này còn được trang bị AI Boost. Nhờ đó các trải nghiệm gaming có thể diễn ra ổn định và mượt mà, giúp người dùng có những trải nghiệm gaming liền mạnh.\n\nỐng kính kép với cảm biến chính 8MP'
 'Nội dung chính\n\n1. Vì sao nên mua điện thoại\xa0realme NOTE 60x?\n2. So sánh thông số\xa0realme NOTE 60x với\xa0realme NOTE 60 chi tiết\n3. Điện thoại realme NOTE 60x khi nào ra mắt?\n4. realme NOTE 60x giá bao nhiêu tiền\n5. realme NOTE 60x – Điện thoại giá rẻ cấu hình cao\n5.1. Hoạt động ổn với chip Unisoc T612\n5.2. Ống kính kép với cảm biến chính 8MP\n5.3. Đa nhiệm ổn với bộ nhớ 3GB RAM cùng ROM 64GB\n5.4. Màn hình 90Hz kích thước 6.7 inch\n6. Mua điện thoại realme NOTE 60x chính hãng tại CellphoneS\nVì sao nên mua điện thoại\xa0realme NOTE 60x?\n\nrealme NOTE 60x là sản phẩm điện thoại thông minh giá rẻ với thiết kế cùng cấu hình nổi bật trong tầm giá, hứa hẹn là sản phẩm đáng sử dụng như:'
 'Mua điện thoại realme NOTE 60x chính hãng tại CellphoneS\n\nrealme NOTE 60x là mẫu điện thoại giá rẻ đáng sở hữu, nếu quan tâm bạn đọc có thể tìm và chọn mua sản phẩm điện thoại thông minh này tại CellphoneS. Tại đây, khách hàng có thể mua realme NOTE 60x chính hãng với giá ưu đãi hấp dẫn cũng như ưu đãi khuyến mãi dành riêng. Đặc biệt, CellphoneS còn có chương trình mua hàng trả góp với lãi suất từ 0% hay đa dạng chương trình thanh toán.\n\nXem thêm']","Điện thoại Realme Note 60x phù hợp với nhiều đối tượng khác nhau:

1. Học sinh và sinh viên: Với cấu hình ổn định và giá cả phải chăng, nó là lựa chọn tốt cho học sinh hoặc sinh viên cần một thiết bị học tập tiện lợi.

2. Người dùng văn phòng: Đối với những người làm việc văn phòng, điện thoại này có thể đáp ứng nhu cầu sử dụng công việc thông qua khả năng xử lý tốt và màn hình 90Hz.

3. Khách hàng yêu thích giá rẻ nhưng vẫn mong muốn trải nghiệm tốt:

- Với cấu hình ổn định từ chip Unisoc T612, nó mang lại hiệu suất làm việc và giải trí đáng kể.
- Màn hình 6.7 inch với độ phân giải Full HD+ cho trải nghiệm xem video và chơi game mượt mà.

4. Người dùng cần một thiết bị cơ bản nhưng vẫn có thể sử dụng để gọi điện và nhắn tin:

- Với giá cả phải chăng, nó là lựa chọn phù hợp cho những người không muốn đầu tư quá nhiều vào một chiếc smartphone.

5. Khách hàng đang tìm kiếm một sản phẩm thông minh với khả năng xử lý tốt:

- Điện thoại này đáp ứng nhu cầu giải trí và công việc thông qua khả năng xử lý ổn định từ chip Unisoc T612.

Tóm lại, Realme Note 60x là lựa chọn phù hợp cho nhiều đối tượng khác nhau, từ học sinh đến người dùng văn phòng hoặc khách hàng cần một thiết bị cơ bản nhưng vẫn đáp ứng được nhu cầu sử dụng.",realme Note 60x phù hợp với người dùng tìm kiếm một điện thoại giá rẻ nhưng có cấu hình tốt và thiết kế đẹp.,0.9999999999666667,1.0,1.0,0.6151150339052026
Thông số kỹ thuật nổi bật của realme Note 60x là gì?,"['64 GB\n\n\t\n\n64 GB\n\n\n\n\nPin\n\n\t\n\n5000 mAh\n\n\t\n\n5000 mAh\n\n\n\n\nTính năng màn hình\n\n\t\n\nTần số quét 90 Hz\n\n\t\n\nTần số quét 90Hz, Độ sáng tối đa 560nit\n16.7 triệu màu\nPanda - MN228\n\nNhư vậy, thiết kế hai mẫu điện thoại có sự thay đổi trong cấu trúc cụm camera, vẫn thiết kế đặt dọc nhưng\xa0NOTE 60x được đặt trong modun hình vuông thay vì hình chữ nhật. Ngoài ra, cấu hình phần cứng 2 thế hệ không có nhiều sự khác biệt.\xa0NOTE 60x sẽ sở hữu 2 màu sắc hoàn toàn mới là đen và xanh, thay cho xanh dương trên thế hệ\xa0Note 60.\n\nĐiện thoại realme NOTE 60x khi nào ra mắt?'
 'Công nghệ màn hình: LCD\n\nKích thước màn hình: 6.74 inches\n\n**Giới thiệu sản phẩm:** Đặc điểm nổi bật của realme Note 60x 3GB 64GB\n\nĐiện thoại realme NOTE 60x sở hữu màn hình 6,74 inch với tỉ lệ hiển thị 90,3% cũng như tần số 90Hz tối ưu hiển thị và trải nghiệm. Điện thoại còn sở hữu viên pin sớn 5000 mAh cùng với sạc nhanh 10W. Bên cạnh đó điện thoại realme này còn sở hữu camera với ống kính chính 8MP cùng camera trước 5MP.\n\nNội dung chính'
 'Màn hình 90Hz kích thước 6.7 inch\n\nrealme NOTE 60x được trang bị màn hình hiển thị kích thước 6.7 inch cùng tần số làm mới 90Hz. Màn hình này còn sở hữu độ sáng cao đến 560 nít tối ưu khả năng hiển thị ngoài trời. Cùng với đó màn hình còn sở hữu chế độ bảo vệ mắt với chế độ Eye Comfort. Màn hình với thiết kế giọt nước cùng với đó là thiết kế viên nang 2.0 với các hiệu ứng thông báo như tai thỏ trên iPhone ấn tượng.\n\nMua điện thoại realme NOTE 60x chính hãng tại CellphoneS']","Thông số kỹ thuật nổi bật của realme Note 60x bao gồm:

- Màn hình 6.74 inch với tỉ lệ hiển thị 90,3% và tần số làm mới 90Hz.
- Độ sáng tối đa lên đến 560 nits.
- Camera chính 8MP cùng camera trước 5MP.
- Pin 5000 mAh với sạc nhanh 10W.

Đây là những đặc điểm nổi bật giúp điện thoại này có trải nghiệm sử dụng tốt và phù hợp cho nhiều nhu cầu khác nhau.","realme Note 60x sở hữu pin 5000 mAh, chipset Unisoc T612, camera sau 8 MP, camera trước 5 MP, bộ nhớ trong 64 GB, RAM 3 GB, và màn hình 6.74 inches với tần số quét 90 Hz.",0.99999999995,,,0.7738801886437142
Giá của iPhone 16 Pro 256GB là bao nhiêu?,"['3.  Mua iPhone 16 Pro 256GB chính hãng tại CellphoneS \n      Giá iPhone 16 pro 256GB bao nhiêu? Giá iPhone 16 Pro 256GB tại CellphoneS vào 10/2025: Tên sản phẩm Giá bán Giá thu cũ lên đời iPhone 16 Pro 256GB | Chính hãng VN/A \n                                                28.790.000đ \n                                                            26.790.000đ'
 'Giá iPhone 16 Pro Max bao nhiêu tiền 10/2025?  Giá iPhone 16 Pro Max hiện đang ở mức 30.39 triệu đồng cho phiên bản 256GB, là lựa chọn phổ biến với dung lượng lưu trữ đáp ứng tốt cho nhu cầu thông thường. Với những người dùng thường xuyên làm việc với dữ liệu lớn hoặc đam mê chụp ảnh, quay phim, phiên bản 512GB có giá 36.79 triệu đồng sẽ là lựa chọn hợp lý hơn.\xa0 Hiện nay Apple cũng đã cho ra mắt mẫu iPhone 17 Pro với thiết kế nhỏ gọn, màu mới kèm pin trâu. Ngoài dòng Pro Max bạn đang theo dõi, cùng khám phá xem ngay để có nên mua ngay không nhé!  Trong khi đó, phiên bản cao cấp hơn với dung lượng 1TB hiện đang được bán ở mức 42.99 triệu'
 'lần đầu tiên xuất hiện (Nguồn ảnh: Apple) Titan Sa Mạc là màu sắc mới thay thế cho Titan Xanh. Đây cũng là màu sắc dự kiến hot nhất trong 4 phiên bản màu năm nay. Điện thoại iPhone 16 Pro giá bao nhiêu? iPhone 16 Pro là phiên bản sở hữu nhiều tuỳ chọn bộ nhớ trong nhất bao gồm: 128GB - 256GB - 512GB và 1TB. Trong đó phiên bản chuẩn với dung lượng 128GB sẽ được bán với giá khởi điểm từ 28.990.000đ. Chi tiết giá bán sản phẩm vào tháng\xa010/2025 như sau: Tên sản phẩm Giá bán Giá thu cũ lên đời iPhone 16 Pro 128GB | Chính hãng VN/A']",Giá iPhone 16 Pro 256GB là 28.790.000đ tại CellphoneS.,Giá của iPhone 16 Pro 256GB là 28.790.000đ.,0.8333333332916666,,1.0,0.7320852175222455
iPhone 16 Pro 256GB có những màu sắc nào?,"['khả năng xem video có thể lên đến 27 giờ, người dùng sẽ thoải mái trải nghiệm mà không lo ngại về pin. Tuy nhiên, tuỳ vào tác vụ sử dụng khác nhau, độ sáng màn hình, âm lượng mà thời gian sử dụng có thể thay đổi. Sạc MagSafe cũng được cải thiện, cho phép sạc nhanh không dây lên đến 50% chỉ trong khoảng 30 phút với công suất tối đa 25W khi dùng bộ sạc 30W trở lên. iPhone 16 Pro có mấy màu? Màu nào đẹp nhất?  Thế hệ điện thoại iPhone 16 Pro mới có tất cả 4 phiên bản màu là: Titan Sa Mạc, Titan Tự Nhiên, Titan Trắng và Titan Đen. Trong đó có ba màu tên gọi cũ là\xa0Titan Tự Nhiên, Titan Trắng và Titan Đen nhưng sắc độ có một chút thay đổi so'
 'thể của thiết bị. iPhone 16 thường 128GB có mấy màu? Màu nào hot? iPhone 16 thường có 5 phiên bản màu lần lượt là Xanh Lưu Ly, Xanh Mòng Két, Hồng, Trắng và Đen. Tuy tổng số màu không đổi so với thế hệ trước như màu sắc lại có sự thay đổi đáng kể. Cụ thể chỉ có duy nhất màu đen là được giữ lại và sự quay trở lại của màu trắng thì iPhone 16 bản tiêu chuẩn này có ba phiên bản màu mới. Cùng với đó, hiện nay một mẫu điện thoại đang sở hữu nhiều ưu điểm tốt như\xa0iPhone 16 Plus hiện cũng đang được quan tâm nhiều trong giai đoạn này, cùng khám phá chi tiết để không bỏ lỡ cơ hội sở hữu'
 'lần đầu tiên xuất hiện (Nguồn ảnh: Apple) Titan Sa Mạc là màu sắc mới thay thế cho Titan Xanh. Đây cũng là màu sắc dự kiến hot nhất trong 4 phiên bản màu năm nay. Điện thoại iPhone 16 Pro giá bao nhiêu? iPhone 16 Pro là phiên bản sở hữu nhiều tuỳ chọn bộ nhớ trong nhất bao gồm: 128GB - 256GB - 512GB và 1TB. Trong đó phiên bản chuẩn với dung lượng 128GB sẽ được bán với giá khởi điểm từ 28.990.000đ. Chi tiết giá bán sản phẩm vào tháng\xa010/2025 như sau: Tên sản phẩm Giá bán Giá thu cũ lên đời iPhone 16 Pro 128GB | Chính hãng VN/A']","iPhone 16 Pro 256GB có màu sắc là Titan Tự Nhiên và Titan Trắng. Đây là hai phiên bản màu mới được giới thiệu trong thế hệ iPhone 16 Pro, thay thế cho Titan Xanh và Titan Đen.","iPhone 16 Pro 256GB có các màu: Titan Trắng, Titan Sa Mạc, Titan Tự Nhiên, Titan Đen.",0.8333333332916666,,0.0,0.7972184408033284
Thông số kỹ thuật nổi bật của iPhone 16 Pro 256GB là gì?,"['**Giới thiệu sản phẩm:** Đặc điểm nổi bật của iPhone 16 Pro Max 256GB | Chính hãng VN/A\n   iPhone 16 Pro Max  sở hữu chipset A18 Pro mạnh mẽ giúp xử lý nhanh mọi tác vụ, camera 48 MP zoom quang 5x cho ảnh nét, màn hình 6.9 inch sống động. Pin dung lượng cao của máy hỗ trợ phát video tới 33 tiếng, đáp ứng nhu cầu giải trí liên tục suốt ngày dài. Cùng với đó là thiết kế khung Titanium bền nhẹ, mang lại cảm giác sang trọng và chắc chắn khi cầm.  Nội dung chính  \n        1.  Giá iPhone 16 Pro Max bao nhiêu tiền 10/2025? \n      \n        2.  iPhone 16 Pro Max có những phiên bản GB nào? \n      \n        3. Đánh giá iPhone 16 Pro Max: Chip A18 Pro, màn hình lớn'
 'Điện thoại iPhone 16 Pro bộ nhớ 256GB là phiên bản nâng cấp nhẹ về dung lượng lưu trữ so với bản chuẩn 128GB. Với 256GB, máy phù hợp với những người dùng cần một dung lượng lưu trữ trên trung bình nhưng không quá lớn nhứ 512GB hay 1TB.\xa0\xa0Cùng với không gian lưu trữ phù hợp, điện thoại iPhone 16 Pro 256GB này cũng sở hữu một cấu hình tối ưu với CPU A18 Pro. Máy với màn hình 6.3 inch cùng công nghệ Super Retina cũng như tần số quét 120Hz hiển thị ổn định và mượt mà. Cụm camra kép độ phân giải cao 48MP cũng giúp bản Pro của iPhone 16 Series năm nay có khả năng quay chụp chuyên nghiệp.  Nội dung chính  \n        1. Giá iPhone 16 pro 256GB bao nhiêu?'
 'pin dung lượng lớn  Một trong những điểm mạnh khác của iPhone 16 Pro 256GB cũng không thể không đề cập tới chính là thời lượng pin ấn tượng. Với những nâng cấp ấn tượng về pin, iPhone 16 Pro phiên bản 256GB cho phép người sử dụng chỉ với 1 lần sạc đầy đã đủ để thoải mái xử lý công việc, giải trí suốt nhiều giờ liền. Đồng thời, máy còn hỗ trợ công nghệ sạc nhanh, giúp nạp năng lượng nhanh chóng và tiết kiệm thời gian.\xa0  (Nguồn ảnh: Apple) Ngoài ra, với khả năng tối ưu hoá pin thông qua hệ điều hành iOS 18, người dùng cũng có thể trải nghiệm các ứng dụng và tác vụ nặng mà không ảnh']","iPhone 16 Pro 256GB có các đặc điểm nổi bật như:

- Chip A18 Pro mạnh mẽ giúp xử lý nhanh mọi tác vụ.
- Camera kép độ phân giải 48MP, hỗ trợ zoom quang 5x cho ảnh nét.
- Màn hình 6.3 inch với công nghệ Super Retina và tần số quét 120Hz hiển thị ổn định.
- Pin dung lượng lớn, đáp ứng nhu cầu giải trí liên tục suốt ngày dài.
- Thiết kế khung Titanium bền nhẹ, mang lại cảm giác sang trọng và chắc chắn khi cầm.

Ngoài ra, với pin dung lượng lớn, thời lượng pin ấn tượng giúp người dùng thoải mái sử dụng máy trong nhiều giờ liền.","iPhone 16 Pro 256GB được trang bị chipset Apple A18 Pro, camera chính 48MP, màn hình 6.3 inches với công nghệ Super Retina XDR OLED và độ phân giải 2622 x 1206 pixels.",0.49999999995,,1.0,0.8146502250216535
Samsung Galaxy S25 Plus có giá bao nhiêu?,"['Tên sản phẩm\n\n\t\n\nGiá bán\n\n\t\n\nGiá thu cũ lên đời\n\nSamsung Galaxy S25 Plus 256GB\n\n\t\n\n22.700.000đ\n\n\t\n\n21.200.000đ\n\n\n\n\nSamsung Galaxy S25 Plus 512GB\n\n\t\n\n24.440.000đ\n\n\t\n\n22.940.000đ\n\n\n\nTùy thuộc vào phiên bản dung lượng lưu trữ mà sẽ có giá thành khác nhau. S25 Plus mang đến nhiều nâng cấp đáng giá về hiệu năng, camera và thiết kế. Đây là những yếu tố quan trọng để người dùng cân nhắc khi chọn mua.\n\nSamsung S25 Plus ra mắt khi nào?\n\nSamsung S25+\xa0là một trong những dòng sản phẩm flagship tiếp theo của gã khổng lồ công nghệ Hàn Quốc. Sản phẩm chính thức được Samsung giới thiệu tại sự kiện Galaxy Unpacked diễn ra vào 1h sáng ngày 23/1 theo giờ Việt Nam.'
 'Nội dung chính\n\n1. S25 Plus giá bao nhiêu?\n2. Samsung S25 Plus ra mắt khi nào?\n3. So sánh S25 Plus và S25 Ultra\n4. Samsung Galaxy S25 Plus có gì mới?\n4.1. Thiết kế viền kim loại tinh tế\n4.2. Snapdragon 8 Elite for Galaxy chiến game đỉnh cao\n4.3. Camera S25 Plus 50MP cân mọi điều kiện ánh sáng\n4.4. AI mới nhất trên điện thoại\n4.5. Cải thiện bảo mật cao cấp\n5. S25 Plus có mấy màu? Nên mua màu nào?\nS25 Plus giá bao nhiêu?\n\nS25 Plus là một trong những mẫu điện thoại được mong chờ trong dòng flagship của Samsung năm 2025. Dưới đây là mức giá của từng phiên bản hiện đang có mặt tại CellphoneS:\n\n\n\nTên sản phẩm\n\n\t\n\nGiá bán\n\n\t\n\nGiá thu cũ lên đời\n\nSamsung Galaxy S25 Plus 256GB\n\n\t\n\n22.700.000đ\n\n\t\n\n21.200.000đ\n\n\n\n\nSamsung Galaxy S25 Plus 512GB'
 '**Tên sán phẩm:** Samsung Galaxy S25 Plus 256GB\n\n**Giá sản phẩm:** 22.700.000đ\n\n**Các màu của sản phẩm:** Xanh da trời, Xám bạc, Xanh lá, Xanh navy\n\n**Thông số sản phẩm:** Pin: 4900 mAh\n\nChipset: Snapdragon 8 Elite dành cho Galaxy (3nm)\n\nThẻ SIM: 2 Nano-SIM + eSIM\n\nCamera sau: Camera siêu rộng 12MP\nCamera góc rộng 50MP\nCamera Tele 10MP\n\nLoại CPU: Tốc độ CPU: 4.47GHz, 3.5GHz\n8 nhân\n\nCamera trước: 12MP\n\nBộ nhớ trong: 256 GB\n\nCông nghệ NFC: Có\n\nDung lượng RAM: 12 GB\n\nTính năng màn hình: 120Hz\n2600 nits\nCorning® Gorilla® Armor 2\n\nCông nghệ màn hình: Dynamic AMOLED 2X\n\nKích thước màn hình: 6.7 inches\n\nĐộ phân giải màn hình: 3120 x 1440 pixels (Quad HD+)\n\n**Giới thiệu sản phẩm:** Đặc điểm nổi bật của Samsung Galaxy S25 Plus 256GB']",Samsung Galaxy S25 Plus 256GB có giá là 22.700.000đ.,Samsung Galaxy S25 Plus có giá 22.700.000đ.,0.9999999999666667,,1.0,0.7546740463052375
Samsung Galaxy S25 Plus có những màu sắc nào?,"['S25 Plus có mấy màu? Nên mua màu nào?\n\nS25 Plus ra mắt với bốn phiên bản màu sắc gồm Xanh Navy, Xanh Icy, Xanh Mint và Bạc Shadow. Mỗi màu sắc đều được thiết kế tinh tế, phù hợp với nhiều phong cách khác nhau:\n\nXanh Navy: Mang đến vẻ ngoài sang trọng và mạnh mẽ.\nXanh Icy: Cảm giác trẻ trung, năng động.\xa0\nXanh Mint: Tạo điểm nhấn với tông màu nhẹ nhàng, tươi mới.\nBạc Shadow: Phù hợp với những người thích sự tối giản và hiện đại.'
 'CellphoneS sẽ giải đáp đến khách hàng một vài câu hỏi về SS S25 hay gặp. Cụ thể:\n\nSamsung S25 có mấy màu?\n\nSamsung Galaxy S25 có thiết kế tinh tế và sang trọng đi cùng với đó là các phiên bản màu thời trang cho vẻ ngoài thời thượng. Cụ thể, SS S25 có 4 phiên bản màu gồm Xanh lá, Xanh da trời, Xanh Navy và màu Xám.\xa0\n\nKhách hàng có thể dễ dàng chọn ngay bản màu yêu thích thể hiện cá tính và phong cách hàng ngày. Ngoài ra đối với bản Ultra màu sắc của smartphone sẽ sang trọng hơn với các màu Trắng, Đen, Xám, Xanh dương.\n\nS25 mới test game ổn không?'
 'Human-like AI Agents\n\nNền tảng AI tích hợp\n\nAI Cá nhân hoá\n\nSamsung S25 Ultra có mấy màu? Màu nào mới xuất hiện?\n\nS25 Ultra Samsung\xa0sở hữu 4 màu sắc tinh tế và hiện đại gồm: Xanh Titan, Xám Titan, Bạc Titan và Đen Titan. Có thể thấy màu sắc mới xuất hiện là Bạc Titan và Xanh Titan thay thế cho Tím và Vàng của đời trước. Ngoài ra có 1 số màu sắc khác chỉ có tại Samsung.com như Vàng Hồng, Đen Tuyền, Xanh Ngọc Titan. Với nhiều tuỳ chọn này, người dùng dễ dàng lựa chọn phiên bản phù hợp với phong cách cá nhân.\n\nSamsung S25 Ultra có chống nước không?']","Samsung Galaxy S25 Plus có 4 màu sắc chính:

1. Xanh Navy
2. Xanh Icy
3. Xanh Mint
4. Bạc Shadow

Bạn có thể dễ dàng chọn màu sắc phù hợp với phong cách và cá tính của mình. Ngoài ra, phiên bản Ultra của smartphone còn có thêm 2 màu mới: Bạc Titan và Xanh Titan thay thế cho Tím và Vàng trước đây.

Nếu bạn quan tâm đến các màu sắc khác hoặc muốn biết thêm thông tin chi tiết, hãy liên hệ với chúng tôi.","Samsung Galaxy S25 Plus có bốn màu sắc: Xanh da trời, Xám bạc, Xanh lá, và Xanh navy.",0.49999999995,,,0.7815217453073667
Thông số kỹ thuật nổi bật của Samsung Galaxy S25 Plus là gì?,"['Tính năng màn hình\n\n\t\n\n120Hz\n2600 nits\nCorning® Gorilla® Armor 2\n\n\t\n\n120Hz\n2600 nits\nCorning® Gorilla® Armor 2\n\n\t\n\n120Hz\n2600 nits\nCorning® Gorilla® Armor 2\n\n\n\n\nLoại CPU\n\n\t\n\nTốc độ CPU 4.47GHz, 3.5GHz\n8 nhân\n\n\t\n\nTốc độ CPU: 4.47GHz, 3.5GHz\n8 nhân\n\n\t\n\nVậy model Samsung S25 Ultra cao cấp nhất series năm nay có những nâng cấp nào đặc biệt? Xem chi tiết thông số, giá bán\xa0Samsung S25 Ultra\xa0mới nhất tại CellphoneS!\n\nVì sao nên mua điện thoại Galaxy S25 sử dụng?\n\nSamsung S25 là một trong những phiên bản thuộc S25 series và sở hữu nhiều tính năng nổi bật đáng để trải nghiệm:\n\nChipset Snapdragon 8 Elite dành cho Galaxy với tiến trình 3nm kết hợp RAM 12GB xử lý mạnh mẽ mọi tác vụ đồng thời chạy đa nhiệm siêu mượt, không lo giật lag.'
 'Kích thước màn hình: 6.7 inches\n\nĐộ phân giải màn hình: 3120 x 1440 pixels (Quad HD+)\n\n**Giới thiệu sản phẩm:** Đặc điểm nổi bật của Samsung Galaxy S25 Plus 256GB\n\nSamsung S25 Plus được\xa0đánh giá cao về mặt hiệu năng nhờ sở hữu chip Snapdragon 8 Elite mạnh mẽ, mang lại khả năng xử lý vượt trội. Màn hình hiển thị Dynamic AMOLED của máy lớn 6.7 inch với độ phân giải QHD+, đảm bảo trải nghiệm hình ảnh sắc nét và sống động. Kèm theo đó là bộ nhớ RAM 12GB cùng tùy chọn lưu trữ 256GB giúp người dùng thoải mái lưu trữ dữ liệu và chạy nhiều ứng dụng mượt mà.\n\nNội dung chính'
 '**Tên sán phẩm:** Samsung Galaxy S25 Plus 512GB\n\n**Giá sản phẩm:** 24.440.000đ\n\n**Các màu của sản phẩm:** Xanh navy, Xám bạc, Xanh da trời, Xanh lá\n\n**Thông số sản phẩm:** Pin: 4900 mAh\n\nChipset: Snapdragon 8 Elite dành cho Galaxy (3nm)\n\nThẻ SIM: 2 Nano-SIM + eSIM\n\nCamera sau: Camera siêu rộng 12MP\nCamera góc rộng 50MP\nCamera Tele 10MP\n\nLoại CPU: Tốc độ CPU: 4.47GHz, 3.5GHz\n8 nhân\n\nCamera trước: 12MP\n\nBộ nhớ trong: 512 GB\n\nCông nghệ NFC: Có\n\nDung lượng RAM: 12 GB\n\nTính năng màn hình: 120Hz\n2600 nits\nCorning® Gorilla® Armor 2\n\nCông nghệ màn hình: Dynamic AMOLED 2X\n\nKích thước màn hình: 6.7 inches\n\nĐộ phân giải màn hình: 3120 x 1440 pixels (Quad HD+)\n\n**Giới thiệu sản phẩm:** Đặc điểm nổi bật của Samsung Galaxy S25 Plus 512GB']","Samsung Galaxy S25 Plus 512GB có các thông số kỹ thuật nổi bật sau:

- Tốc độ CPU: 4.47GHz, 3.5GHz (8 nhân)
- Loại CPU: Tốc độ CPU: 4.47GHz, 3.5GHz
- 8 nhân

- Camera trước: 12MP
- Bộ nhớ trong: 512 GB
- Công nghệ NFC: Có

- Màn hình: 6.7 inches, độ phân giải 3120 x 1440 pixels (Quad HD+), 120Hz, 2600 nits, Corning® Gorilla® Armor 2

Thông số này cho thấy máy có cấu hình mạnh mẽ với nhiều nhân xử lý và RAM cao, phù hợp với người dùng cần trải nghiệm tốt về hiệu năng. Màn hình Full HD+ với độ phân giải cao và công nghệ AMOLED giúp hiển thị hình ảnh sắc nét và sống động hơn.","Samsung Galaxy S25 Plus có pin 4900 mAh, chipset Snapdragon 8 Elite (3nm), RAM 12 GB, bộ nhớ trong 256 GB, màn hình 6.7 inches với độ phân giải 3120 x 1440 pixels (Quad HD+), và camera sau gồm 12MP siêu rộng, 50MP góc rộng, và 10MP tele.",0.9999999999666667,0.8333333333333334,1.0,0.7161980084175706
Xiaomi Redmi Note 12S có giá bao nhiêu?,"['Bên cạnh đó, thiết bị hỗ trợ sạc nhanh 33W, giúp tiết kiệm thời gian đáng kể, không phải chờ đợi quá lâu, cực kỳ hữu ích nhất là khi trong khoảng thời gian bận rộn\n\nXiaomi Redmi Note 12S giá bao nhiêu?\n\nRedmi Note 12S đang được kinh doanh tại CellphoneS với giá chỉ 5.490.000đ, vẫn được giữ trong phân khúc tầm trung tương tự như người tiền nhiệm.\n\nCó thể thấy Redmi Note 12S là siêu phẩm đáng sở hữu trong phân khúc điện thoại giá dưới 6 triệu.\xa0Chính vì vậy, tầm giá thành này phải đối đầu với một số thiết bị như Galaxy A33, với thiết kế trẻ trung, khả năng gia công rất tốt, màn hình sống động.'
 'Điện thoại Xiaomi Redmi Note 12 8GB 128GB giá bao nhiêu?\n\nXiaomi Redmi Note 12 8GB hiện tại đang có mức giá cực tốt chỉ từ 4.990.000 VND tại CellphoneS. Với một phân khúc smartphone tầm trung như Redmi Note 12 thì mức giá này khá hợp lý.\xa0\n\nDù so với người anh em tiền nhiệm trước đó thì mức giá này có hơi cao, tuy nhiên những nâng cấp trong lần ra mắt này của Redmi Note 12 8GB 128GB được xem là hoàn toàn xứng đáng với con số trên. Nếu bạn đang tìm kiếm một phân khúc smartphone tầm trung ổn định thì Xiaomi Redmi Note 12 sẽ là gợi ý hoàn hảo mà bạn không nên bỏ qua nhé!\n\nMua Xiaomi Redmi Note 12 vàng giá tốt tại CellphoneS'
 'Điện thoại Xiaomi Redmi Note 12 Pro 5G giá bao nhiêu?\n\nXiaomi Redmi Note 12 Pro 5G tuy sở hữu bộ cấu hình vượt trội nhưng lại được bán với mức giá rất hấp dẫn, chỉ ở phân khúc tầm trung. Cụ thể như sau:\n\nSản phẩm\n\n\t\n\nGiá bán tham khảo\n\n\n\n\nRedmi Note 12 Pro 5G Trắng\n\n\t\n\nkhoảng 9,490,000 đồng\n\n\n\n\nRedmi Note 12 Pro 5G Xanh\xa0\n\n\t\n\nkhoảng 9,490,000 đồng\n\n\n\n\nRedmi Note 12 Pro 5G Đen\xa0\n\n\t\n\nkhoảng 9,490,000 đồng\n\nMua ngay Xiaomi Redmi Note 12 Pro 5G chính hãng tại CellphoneS']","Xiaomi Redmi Note 12S có giá khoảng 5.490.000đ tại CellphoneS. Đây là một thiết bị đáng sở hữu trong phân khúc điện thoại giá dưới 6 triệu đồng, cạnh tranh với các sản phẩm như Galaxy A33 và Redmi Note 12 Pro 8GB 128GB.",Xiaomi Redmi Note 12S có giá 4.990.000đ.,0.0,,0.6666666666666666,0.7832028810091037
Điện thoại Xiaomi Redmi Note 12S phù hợp với ai?,"['Camera Macro: 2MP, f/2.4\n\n\n\n\nDung lượng pin\n\n\t\n\n5020 mAh\n\nSạc nhanh 67W\n\n\t\n\n5000mAh\n\nSạc nhanh 33W\n\nXiaomi Redmi Note 12S - Thông số kỹ thuật vượt trội, thiết kế đơn giản\n\nXiaomi Redmi Note 12S là chiếc điện thoại cân bằng tổng thể giữa bản tiêu chuẩn và Pro. Từ đó, đem lại sự toàn diện về thông số kỹ thuật, phù hợp với đại đa số người dùng. Nếu bạn quan tâm tới smartphone tầm trung này, thì hãy tham khảo phần nội dung phía dưới đây nhé.'
 'Mua điện thoại\xa0Xiaomi Redmi Note 12S chính hãng tại CellphoneS\n\nNếu bạn muốn sở hữu chiếc điện thoại tầm trung có thông số kỹ thuật cân bằng, đem lại trải nghiệm hiệu suất vượt trội thì nên mua ngay Xiaomi Redmi Note 12S tại cửa hàng CellphoneS để nhận được bảo hành uy tín, giá cả phải chăng, chất lượng tốt nhất nhé.\n\nXem thêm'
 'Xiaomi Redmi Note 12S là phiên bản được ra mắt sau\xa0Redmi Note 12, vậy mẫu điện thoại này có gì nâng cấp với phiên bản trước đó. Nếu bạn đang phân vẫn trong việc chọn mua giữa hai phiên bản này thì hãy cùng so sánh ngay sau đây.\n\nNgoài mẫu 12S bạn đang tham khảo, hiện nay XiaomiRedmi Note 12\xa0đã có thời gian ra mắt bán trực tiếp tại Việt Nam đi kèm nhiều ưu điểm vượt trội so với thế hệ trước đó. Cùng khám phá thêm ngay!\n\n\t\n\nXiaomi Redmi Note 12S\n\n\t\n\nXiaomi Redmi Note 12\n\n\n\n\nMàu sắc\n\n\t\n\nĐen Onyx\n\nXanh băng\n\nXanh ngọc trai\n\n\t\n\nXám Thạch Anh\n\nXanh Bạc Hà\n\nXanh Băng Tuyết\n\n\n\n\nTrọng lượng\n\n\t\n\n179 g\n\n\t\n\n183,5g\n\n\n\n\nMàn hình\n\n\t\n\nOLED\xa06.67 inches']","Xiaomi Redmi Note 12S phù hợp với nhiều người dùng khác nhau:

- Đối tượng tiêu biểu: Người dùng muốn smartphone tầm trung có thông số kỹ thuật cân bằng giữa hiệu suất và giá cả.
- Đặc điểm nổi bật:
  - Cảm biến camera Macro 2MP, f/2.4
  - Pin dung lượng lớn 5020 mAh hoặc 5000mAh tùy phiên bản
  - Sạc nhanh 67W hoặc 33W
- Tính năng nổi bật:
  - Cảm biến camera Macro 2MP, f/2.4
  - Pin dung lượng lớn 5020 mAh hoặc 5000mAh tùy phiên bản
  - Sạc nhanh 67W hoặc 33W

Để chọn Xiaomi Redmi Note 12S phù hợp với bạn, hãy xem xét nhu cầu sử dụng và ngân sách của mình.","Xiaomi Redmi Note 12S phù hợp với đại đa số người dùng, đặc biệt là những ai tìm kiếm một smartphone tầm trung với hiệu năng tốt và camera chất lượng.",0.9999999999666667,,1.0,0.73000707548078
Thông số kỹ thuật nổi bật của Xiaomi Redmi Note 12S là gì?,"['Công nghệ màn hình: AMOLED\n\nKích thước màn hình: 6.43 inches\n\nĐộ phân giải màn hình: 1080 x 2400 pixels (FullHD+)\n\n**Giới thiệu sản phẩm:** Đặc điểm nổi bật của Xiaomi Redmi Note 12S\n\nXiaomi Redmi Note 12S sở hữu màn hình 6.43 inch, tấm nền AMOLED, tần số quét 90Hz. Điện thoại còn sở hữu camera chính 108MP cùng hiệu năng vượt trội với con chip MediaTek Helio G96, RAM 8GB. Về thời lượng sử dụng, điện thoại Xiaomi này được trang bị viên pin dung lượng pin 5.020 mAh, hỗ trợ sạc nhanh 33W.\n\nNội dung chính'
 '**Tên sán phẩm:** Xiaomi Redmi Note 12S\n\n**Giá sản phẩm:** 4.990.000đ\n\n**Các màu của sản phẩm:** Xanh dương, Đen, Xanh lá\n\n**Thông số sản phẩm:** Pin: 5000 mAh\n\nChipset: MediaTek Helio G96\n\nThẻ SIM: 2 SIM (Nano-SIM)\n\nCamera sau: Camera chính: 108MP, f/1.89\nCamera góc siêu rộng: 8MP, f/2.2, FOV 118°\nCamera cận cảnh: 2MP, f/2.4\n\n\nLoại CPU: 8 nhân, tốc độ lên đến 2.05GHz\n\nCamera trước: 16MP, f/2.45\n\nBộ nhớ trong: 256 GB\n\nDung lượng RAM: 8 GB\n\nHệ điều hành: Android 13\n\nTính năng màn hình: Tần số quét 90Hz, Độ sáng: tối đa 700 nit (typ), 1000 nits cực đại (typ), Kính Corning Gorilla Glass 3\nChế độ Sunlight, Chế độ đọc sách 3.0\n\nCông nghệ màn hình: AMOLED\n\nKích thước màn hình: 6.43 inches\n\nĐộ phân giải màn hình: 1080 x 2400 pixels (FullHD+)'
 'Camera Macro: 2MP, f/2.4\n\n\n\n\nDung lượng pin\n\n\t\n\n5020 mAh\n\nSạc nhanh 67W\n\n\t\n\n5000mAh\n\nSạc nhanh 33W\n\nXiaomi Redmi Note 12S - Thông số kỹ thuật vượt trội, thiết kế đơn giản\n\nXiaomi Redmi Note 12S là chiếc điện thoại cân bằng tổng thể giữa bản tiêu chuẩn và Pro. Từ đó, đem lại sự toàn diện về thông số kỹ thuật, phù hợp với đại đa số người dùng. Nếu bạn quan tâm tới smartphone tầm trung này, thì hãy tham khảo phần nội dung phía dưới đây nhé.']","Xiaomi Redmi Note 12S nổi bật với các thông số kỹ thuật sau:

- Màn hình: AMOLED, kích thước 6.43 inch, độ phân giải FullHD+
- Camera chính: 108MP (f/1.89)
- Camera góc siêu rộng: 8MP (f/2.2, FOV 118°)
- Camera cận cảnh: 2MP (f/2.45)
- Tần số quét 90Hz
- Pin dung lượng 5020 mAh, sạc nhanh 33W

Đây là một điện thoại cân bằng giữa tiêu chuẩn và Pro, phù hợp với nhiều người dùng.","Xiaomi Redmi Note 12S có pin 5000 mAh, chipset MediaTek Helio G96, RAM 8GB, bộ nhớ trong 256GB, camera chính 108MP, và màn hình AMOLED 6.43 inches với tần số quét 90Hz.",0.99999999995,,0.8571428571428571,0.8028317796905529
Xiaomi 11T có giá bao nhiêu?,"['Chiếc smartphone Xiaomi 11T dường như sẽ sở hữu mức giá mềm hơn người đàn anh đôi chút với những sự giảm cấp về hiệu năng không đáng. Điều đó khiến cho mức giá của nó mềm hơn rơi vào khoảng gần 11 triệu đồng.\n\nXiaomi 11t giá bao nhiêu ở thời điểm hiện tại? So với thời điểm vừa ra mắt, Xiaomi\xa0Mi 11T vẫn chưa có sự mất giá. Chi tiết giá bán Xiaomi 11T như sau:\n\nĐiện thoại Xiaomi 11T\n\n\tGiá bán tham khảo\n\n\nXiaomi 11T Xanh\n\n\t\n\nGiá chỉ từ 10.990.000\xa0₫\n\n\n\n\nXiaomi 11T Trắng\n\n\t\n\nGiá chỉ từ 10.990.000\xa0₫\n\n\n\n\nXiaomi 11T Xám\n\n\t\n\nGiá chỉ từ 10.990.000\xa0₫'
 'Giá bán tham khảo\n\n\nXiaomi 11T Xanh\n\n\t\n\nGiá chỉ từ 10.990.000\xa0₫\n\n\n\n\nXiaomi 11T Trắng\n\n\t\n\nGiá chỉ từ 10.990.000\xa0₫\n\n\n\n\nXiaomi 11T Xám\n\n\t\n\nGiá chỉ từ 10.990.000\xa0₫\n\nLưu ý: Giá bán chỉ mang tính chất tham khảo, sẽ thay đổi liên tục tùy theo từng chương trình khuyến mãi.\n\nMua ngay Xiaomi 11T chính hãng, giá rẻ tại CellphoneS'
 'Điện thoại Xiaomi Mi 11T Pro giá bao nhiêu?\n\nSở hữu nhiều ưu điểm hàng đầu, nhiều người lo lắng rằng Mi 11T Pro sẽ có giá 2x triệu đồng. Tuy nhiên, thật may mắn rằng điều này không xảy ra, mức giá của điện thoại sẽ dao động trong khoảng từ 111.990.000đ (lưu ý giá có thể thay đổi tuỳ thuộc vào chương trình khuyến mãi và các thời điểm khác nhau).\n\nSản phẩm\n\n\t\n\nGiá bán tham khảo\n\n\n\n\nXiaomi Mi 11T Pro đen\n\n\t\n\nchỉ từ 11.990.000đ\n\n\n\n\nXiaomi Mi 11T Pro xanh\n\n\t\n\nchỉ từ 11.990.000đ\n\n\n\n\nXiaomi Mi 11T Pro trắng\n\n\t\n\nchỉ từ 11.990.000đ\n\nMua Xiaomi 11T Pro chính hãng giá rẻ tại CellphoneS']",Xiaomi 11T có giá khoảng 11 triệu đồng. Giá tham khảo cho các màu sắc là từ 10.990.000₫ đến 10.990.000₫.,Xiaomi 11T có giá 10.990.000đ.,0.99999999995,,1.0,0.8297119523625801
Xiaomi 11T có những màu sắc nào?,"['Xiaomi Mi 11T Pro đen\n\n\t\n\nchỉ từ 11.990.000đ\n\n\n\n\nXiaomi Mi 11T Pro xanh\n\n\t\n\nchỉ từ 11.990.000đ\n\n\n\n\nXiaomi Mi 11T Pro trắng\n\n\t\n\nchỉ từ 11.990.000đ\n\nMua Xiaomi 11T Pro chính hãng giá rẻ tại CellphoneS\n\nBạn đã chuẩn bị tinh thần để ngay lập tức sở hữu chiếc điện thoại Xiaomi Mi 11T Pro chưa? Hãy đăng ký để trở thành một trong những vị khách sở hữu smartphone tại Cellphones nhé!\xa0Người đi đầu bao giờ cũng có lợi, không những bạn được lợi về giá mà còn sẵn sàng nhận quà khuyến mại kèm theo. Chưa hết, chính sách bảo hành cho chiếc smartphone này vẫn được áp dụng y như những chiếc điện thoại khác nữa đấy!\n\nXem thêm'
 'Giá bán tham khảo\n\n\nXiaomi 11T Xanh\n\n\t\n\nGiá chỉ từ 10.990.000\xa0₫\n\n\n\n\nXiaomi 11T Trắng\n\n\t\n\nGiá chỉ từ 10.990.000\xa0₫\n\n\n\n\nXiaomi 11T Xám\n\n\t\n\nGiá chỉ từ 10.990.000\xa0₫\n\nLưu ý: Giá bán chỉ mang tính chất tham khảo, sẽ thay đổi liên tục tùy theo từng chương trình khuyến mãi.\n\nMua ngay Xiaomi 11T chính hãng, giá rẻ tại CellphoneS'
 'Chiếc smartphone Xiaomi 11T dường như sẽ sở hữu mức giá mềm hơn người đàn anh đôi chút với những sự giảm cấp về hiệu năng không đáng. Điều đó khiến cho mức giá của nó mềm hơn rơi vào khoảng gần 11 triệu đồng.\n\nXiaomi 11t giá bao nhiêu ở thời điểm hiện tại? So với thời điểm vừa ra mắt, Xiaomi\xa0Mi 11T vẫn chưa có sự mất giá. Chi tiết giá bán Xiaomi 11T như sau:\n\nĐiện thoại Xiaomi 11T\n\n\tGiá bán tham khảo\n\n\nXiaomi 11T Xanh\n\n\t\n\nGiá chỉ từ 10.990.000\xa0₫\n\n\n\n\nXiaomi 11T Trắng\n\n\t\n\nGiá chỉ từ 10.990.000\xa0₫\n\n\n\n\nXiaomi 11T Xám\n\n\t\n\nGiá chỉ từ 10.990.000\xa0₫']","Xiaomi 11T có màu sắc như sau:

- Xanh
- Trắng
- Đen

Giá bán tham khảo cho các màu sắc này là từ 10.990.000đ đến 11.990.000đ.","Xiaomi 11T có các màu Trắng, Xanh, và Xám.",0.9999999999666667,,1.0,0.8084604331174784
Thông số kỹ thuật nổi bật của Xiaomi 11T là gì?,"['**Tên sán phẩm:** Xiaomi 11T\n\n**Giá sản phẩm:** 10.990.000đ\n\n**Các màu của sản phẩm:** Trắng, Xanh, Xám\n\n**Thông số sản phẩm:** Pin: 5000 mAh\n\nChipset: MediaTek Dimensity 1200-Ultra\n\nThẻ SIM: 2 SIM (Nano-SIM)\n\nCamera sau: Camera góc rộng: 108MP, f/1.75\nCamera góc siêu rộng: 8MP ultra-wide, 120° FOV f/2.2\nCamera cận cảnh: 5 MP, f/2.4 AF (3cm-7cm)\n\nLoại CPU: 8 nhân (1x2.84 GHz Kryo 585 & 3x2.42 GHz Kryo 585 & 4x1.80 GHz Kryo 585)\n\nCamera trước: 16MP, f/2.45\n\nBộ nhớ trong: 128 GB\n\nCông nghệ NFC: Có\n\nDung lượng RAM: 8 GB\n\nHệ điều hành: Android 11, MIUI 12.5\n\nTính năng màn hình: Tốc độ làm mới: 120 Hz, HDR10+, TrueColor, True Display, Corning®️ Gorilla®️ Glass Victus™\n\nCông nghệ màn hình: AMOLED\n\nKích thước màn hình: 6.67 inches\n\nĐộ phân giải màn hình: 1080 x 2400 pixels (FullHD+)'
 'Công nghệ màn hình: AMOLED\n\nKích thước màn hình: 6.67 inches\n\nĐộ phân giải màn hình: 1080 x 2400 pixels (FullHD+)\n\n**Giới thiệu sản phẩm:** Đặc điểm nổi bật của Xiaomi 11T Pro\n\nNội dung chính'
 'Công nghệ màn hình: AMOLED\n\nKích thước màn hình: 6.67 inches\n\nĐộ phân giải màn hình: 1080 x 2400 pixels (FullHD+)\n\n**Giới thiệu sản phẩm:** Đặc điểm nổi bật của Xiaomi 11T\n\nNội dung chính\n\n1. Đánh giá Xiaomi Mi 11T – Smartphone cao cấp, hiệu năng vượt trội\n1.1. Thiết kế quen thuộc, tái hiện một không gian sống hoàn hảo\n1.2. Cụm ba camera bắt trọn từng khoảnh khắc\n1.3. Hiệu năng vẫn được củng cố bởi MediaTek Dimensity 1200-Ultra cao cấp\n1.4. Viên pin ấn tượng cho thời lượng dùng lâu dài\n2. Điện thoại Xiaomi\xa0Mi 11T giá bao nhiêu, khi nào ra mắt?\n3. Mua ngay Xiaomi 11T chính hãng, giá rẻ tại CellphoneS\nĐánh giá Xiaomi Mi 11T – Smartphone cao cấp, hiệu năng vượt trội']","Thông số kỹ thuật nổi bật của Xiaomi 11T bao gồm:

- Pin: 5000 mAh
- Chipset: MediaTek Dimensity 1200-Ultra
- Camera sau: 
  - Camera góc rộng: 108MP, f/1.75
  - Camera góc siêu rộng: 8MP ultra-wide, 120° FOV f/2.2
  - Camera cận cảnh: 5 MP, f/2.4 AF (3cm-7cm)
- Bộ nhớ trong: 128 GB
- Công nghệ màn hình: AMOLED, 6.67 inches, 1080 x 2400 pixels (FullHD+), HDR10+, TrueColor, True Display, Corning®️ Gorilla®️ Glass Victus™

Thông số này cho thấy Xiaomi 11T có cấu hình mạnh mẽ và chất lượng hiển thị tốt.","Xiaomi 11T có pin 5000 mAh, chipset MediaTek Dimensity 1200-Ultra, camera sau 108MP, RAM 8GB, và bộ nhớ trong 128GB.",0.9999999999666667,,1.0,0.7823796614403816
ZTE Blade V50 Design 8GB 256GB có giá bao nhiêu?,"['**Tên sán phẩm:** ZTE Blade V50 Design 8GB 256GB\n\n**Giá sản phẩm:** 2.990.000đ\n\n**Các màu của sản phẩm:** Đen, Tím, Xanh lá\n\n**Thông số sản phẩm:** Pin: 5000 mAh\n\nChipset: Unisoc T606（UMS9230）\n\nThẻ SIM: 2 SIM (Nano-SIM)\n\nCamera sau: 50MP, ƒ/1.8, AF\n2M, ƒ/2.4, FF\n2Mp, ƒ/2.4\n\nLoại CPU: 2*Cortex-A75 @ 1.6GHz + 6*Cortex-A55 @1.6GHz\n\nCamera trước: 8MP, f/2.0\n\nBộ nhớ trong: 256 GB\n\nCông nghệ NFC: Không\n\nDung lượng RAM: 8GB + Mở rộng 10GB\n\nHệ điều hành: Android 13\n\nTính năng màn hình: 16.7 triệu màu\nTần số quét 90Hz\n\nCông nghệ màn hình: IPS LCD\n\nKích thước màn hình: 6.6 inches\n\nĐộ phân giải màn hình: 1080 x 2408 pixels\n\n**Giới thiệu sản phẩm:** Đặc điểm nổi bật của ZTE Blade V50 Design 8GB 256GB'
 'ZTE V50 có giá bán bao nhiêu?\n\nChiếc máy này có giá bán là 210 Euro (khoảng 5,6 triệu đồng) tại các thị trường châu Âu. Sản phẩm được bán ra với ba màu sắc khác nhau là Sky Blue, Starry Grey và Grey Matt.\n\nĐây là mức giá khá cạnh tranh so với các sản phẩm smartphone tầm trung khác trên thị trường. Ở phân khúc này, OPPO A96 và Realme 9 Pro là những đối thủ đáng gờm trong cùng phân khúc. Tuy nhiên, ZTE V50 vẫn nhỉnh hơn rất nhiều.\n\nMua ngay ZTE V50 chính hãng tại CellphoneS'
 '**Tên sán phẩm:** ZTE Blade V50 Design 8GB 128GB\n\n**Giá sản phẩm:** 2.790.000đ\n\n**Các màu của sản phẩm:** Tím, Xanh lá, Đen\n\n**Thông số sản phẩm:** Pin: 5000 mAh\n\nChipset: Unisoc T606（UMS9230）\n\nThẻ SIM: 2 SIM (Nano-SIM)\n\nCamera sau: 50MP, ƒ/1.8, AF\n2M, ƒ/2.4, FF\n2Mp, ƒ/2.4\n\nLoại CPU: 2*Cortex-A75 @ 1.6GHz + 6*Cortex-A55 @1.6GHz\n\nCamera trước: 8MP, f/2.0\n\nBộ nhớ trong: 128 GB\n\nCông nghệ NFC: Không\n\nDung lượng RAM: 8GB + Mở rộng 10GB\n\nHệ điều hành: Android 13\n\nTính năng màn hình: 16.7 triệu màu\nTần số quét 90Hz\n\nCông nghệ màn hình: IPS LCD\n\nKích thước màn hình: 6.6 inches\n\nĐộ phân giải màn hình: 1080 x 2408 pixels\n\n**Giới thiệu sản phẩm:** Đặc điểm nổi bật của ZTE Blade V50 Design 8GB 128GB']",ZTE Blade V50 Design 8GB 256GB có giá bán là 2.990.000đ.,Giá sản phẩm ZTE Blade V50 Design 8GB 256GB là 2.990.000đ.,0.9999999999,,1.0,0.8403802081304094
ZTE Blade V50 Design 8GB 256GB có những màu sắc nào?,"['**Tên sán phẩm:** ZTE Blade V50 Design 8GB 256GB\n\n**Giá sản phẩm:** 2.990.000đ\n\n**Các màu của sản phẩm:** Đen, Tím, Xanh lá\n\n**Thông số sản phẩm:** Pin: 5000 mAh\n\nChipset: Unisoc T606（UMS9230）\n\nThẻ SIM: 2 SIM (Nano-SIM)\n\nCamera sau: 50MP, ƒ/1.8, AF\n2M, ƒ/2.4, FF\n2Mp, ƒ/2.4\n\nLoại CPU: 2*Cortex-A75 @ 1.6GHz + 6*Cortex-A55 @1.6GHz\n\nCamera trước: 8MP, f/2.0\n\nBộ nhớ trong: 256 GB\n\nCông nghệ NFC: Không\n\nDung lượng RAM: 8GB + Mở rộng 10GB\n\nHệ điều hành: Android 13\n\nTính năng màn hình: 16.7 triệu màu\nTần số quét 90Hz\n\nCông nghệ màn hình: IPS LCD\n\nKích thước màn hình: 6.6 inches\n\nĐộ phân giải màn hình: 1080 x 2408 pixels\n\n**Giới thiệu sản phẩm:** Đặc điểm nổi bật của ZTE Blade V50 Design 8GB 256GB'
 '**Tên sán phẩm:** ZTE Blade V50 Design 8GB 128GB\n\n**Giá sản phẩm:** 2.790.000đ\n\n**Các màu của sản phẩm:** Tím, Xanh lá, Đen\n\n**Thông số sản phẩm:** Pin: 5000 mAh\n\nChipset: Unisoc T606（UMS9230）\n\nThẻ SIM: 2 SIM (Nano-SIM)\n\nCamera sau: 50MP, ƒ/1.8, AF\n2M, ƒ/2.4, FF\n2Mp, ƒ/2.4\n\nLoại CPU: 2*Cortex-A75 @ 1.6GHz + 6*Cortex-A55 @1.6GHz\n\nCamera trước: 8MP, f/2.0\n\nBộ nhớ trong: 128 GB\n\nCông nghệ NFC: Không\n\nDung lượng RAM: 8GB + Mở rộng 10GB\n\nHệ điều hành: Android 13\n\nTính năng màn hình: 16.7 triệu màu\nTần số quét 90Hz\n\nCông nghệ màn hình: IPS LCD\n\nKích thước màn hình: 6.6 inches\n\nĐộ phân giải màn hình: 1080 x 2408 pixels\n\n**Giới thiệu sản phẩm:** Đặc điểm nổi bật của ZTE Blade V50 Design 8GB 128GB'
 'ZTE V50 có giá bán bao nhiêu?\n\nChiếc máy này có giá bán là 210 Euro (khoảng 5,6 triệu đồng) tại các thị trường châu Âu. Sản phẩm được bán ra với ba màu sắc khác nhau là Sky Blue, Starry Grey và Grey Matt.\n\nĐây là mức giá khá cạnh tranh so với các sản phẩm smartphone tầm trung khác trên thị trường. Ở phân khúc này, OPPO A96 và Realme 9 Pro là những đối thủ đáng gờm trong cùng phân khúc. Tuy nhiên, ZTE V50 vẫn nhỉnh hơn rất nhiều.\n\nMua ngay ZTE V50 chính hãng tại CellphoneS']","ZTE Blade V50 Design 8GB 256GB có các màu sắc là Đen, Tím và Xanh lá.","Sản phẩm ZTE Blade V50 Design có các màu Đen, Tím và Xanh lá.",0.99999999995,,1.0,0.8074463235424889
Thông số kỹ thuật nổi bật của ZTE Blade V50 Design 8GB 256GB là gì?,"['**Tên sán phẩm:** ZTE Blade V50 Design 8GB 256GB\n\n**Giá sản phẩm:** 2.990.000đ\n\n**Các màu của sản phẩm:** Đen, Tím, Xanh lá\n\n**Thông số sản phẩm:** Pin: 5000 mAh\n\nChipset: Unisoc T606（UMS9230）\n\nThẻ SIM: 2 SIM (Nano-SIM)\n\nCamera sau: 50MP, ƒ/1.8, AF\n2M, ƒ/2.4, FF\n2Mp, ƒ/2.4\n\nLoại CPU: 2*Cortex-A75 @ 1.6GHz + 6*Cortex-A55 @1.6GHz\n\nCamera trước: 8MP, f/2.0\n\nBộ nhớ trong: 256 GB\n\nCông nghệ NFC: Không\n\nDung lượng RAM: 8GB + Mở rộng 10GB\n\nHệ điều hành: Android 13\n\nTính năng màn hình: 16.7 triệu màu\nTần số quét 90Hz\n\nCông nghệ màn hình: IPS LCD\n\nKích thước màn hình: 6.6 inches\n\nĐộ phân giải màn hình: 1080 x 2408 pixels\n\n**Giới thiệu sản phẩm:** Đặc điểm nổi bật của ZTE Blade V50 Design 8GB 256GB'
 'Bên cạnh đó, với RAM 8GB thì nó sẽ mang lại khả năng đa nhiệm trơn tru. Cùng với bộ nhớ trong lên đến 256GB, cho phép người dùng lưu trữ nhiều ảnh, video, tệp tin và ứng dụng mà không gặp vấn đề về không gian.\xa0\n\nBên cạnh dòng điện thoại V50, bạn có thể tham khảo thêm mẫu mới về điện thoại ZTE A52 cũng sở hữu nhiều ưu điểm vượt trội hiện nay Nếu có nhu cầu bạn có thể tìm hiểu thêm ngay nhé!\n\nTận hưởng khả năng chụp ảnh chuyên nghiệp với camera 50MP'
 'Kích thước màn hình: 6.6 inches\n\nĐộ phân giải màn hình: 1080 x 2408 pixels\n\n**Giới thiệu sản phẩm:** Đặc điểm nổi bật của ZTE Blade V50 Design 8GB 128GB\n\nZTE V50\xa0là một chiếc smartphone tầm trung ấn tượng được thiết kế với màn hình IPS LCD kích thước 6.6 inch Full HD+. Bên trong, máy được trang bị chipset UNISOC Tangula T760 8 nhân, kết hợp với RAM 8GB và bộ nhớ trong 256GB, mang đến hiệu suất mạnh mẽ. Ngoài ra, viên pin dung lượng 5000mAh và hỗ trợ sạc nhanh 22.5W, giúp người dùng sử dụng thoải mái suốt cả ngày mà không cần lo lắng về việc sạc lại.\n\nNội dung chính']","ZTE Blade V50 Design 8GB 256GB có các thông số kỹ thuật nổi bật sau:

- RAM 8GB cho khả năng đa nhiệm trơn tru.
- Bộ nhớ trong lên đến 256GB, cho phép lưu trữ nhiều dữ liệu mà không gặp vấn đề về không gian.
- Pin dung lượng 5000mAh và hỗ trợ sạc nhanh 22.5W, giúp sử dụng thoải mái suốt cả ngày.

Ngoài ra, máy còn có màn hình IPS LCD kích thước 6.6 inch Full HD+, camera sau 50MP với nhiều tính năng chuyên nghiệp như AF, và camera trước 8MP.","ZTE Blade V50 Design có pin 5000 mAh, chipset Unisoc T606, camera sau 50MP, bộ nhớ trong 256GB, RAM 8GB, màn hình 6.6 inches với độ phân giải 1080 x 2408 pixels và tần số quét 90Hz.",0.9999999999666667,,0.8333333333333334,0.831836939619144
OPPO Find N3 Flip có giá bao nhiêu?,"['Hiện nay, chiếc điện thoại N3 Flip đã được trưng bày tại khu vực demo của các cửa hàng CellphoneS. Khi đến hệ thống cửa hàng trên toàn quốc, người dùng có thể trực tiếp trải nghiệm và lựa chọn phiên bản điện thoại phù hợp với sở thích của bản thân.\n\nOPPO Find N3 Flip giá bao nhiêu?\n\nOPPO Find N3 Flip được bán tại CellphoneS có giá niêm yết ở mức 13.990.000 đồng. Tuy nhiên, giá bán OPPO Flip N3 chưa được giảm trừ từ các chương trình khuyến mãi, hỗ trợ thu cũ lên đời điện thoại hay chiết khấu Smember, S-Student và nhiều ưu đãi thành viên khác của CellphoneS.'
 'Giá bán\n\n\t\n\nGiá thu cũ lên đời\n\nOPPO FIND N5\n\n\t\n\n44.180.000đ\n\n\t\n\n42.180.000đ\n\n\n\n\nOPPO Find N3 16GB 512GB\n\n\t\n\n26.990.000đ\n\n\t\n\n24.990.000đ\n\n\n\n\nOPPO Find N3 Flip 12GB 256GB\n\n\t\n\n13.990.000đ\n\n\t\n\n11.990.000đ\n\nDòng OPPO Find luôn được quan tâm bởi cụm Camera siêu nét, đi cùng với đó là thắc mắc “giá bán của OPPO Find N3 là bao nhiêu?”. Vì vậy với mức giá trên, sản phẩm cũng được xếp ngang hàng với những flagship màn hình gập đình đám từ những thương hiệu khác.'
 'Với thiết kế thời thượng, cấu hình mạnh mẽ cùng giá bán hợp lý, OPPO N3 Flip sẽ là sự lựa chọn rất đáng cân nhắc trong phân khúc điện thoại gập hiện nay. Người dùng có thể liên hệ hotline 18002097 hoặc tới cửa hàng CellphoneS để được hỗ trợ và biết được giá bán cụ thể của mẫu điện thoại này.\n\nSo sánh OPPO Find N3 Flip và OPPO Find N2 Flip\n\nSo với OPPO Find N2 Flip, chiếc điạn thoại OPPO N3 Flip được đánh giá là có hiệu năng vượt trội hơn về cấu hình máy. Sự khác biệt lớn nhất của chiếc N3 Flip nằm ở dung lượng RAM và đặc biệt là hệ thống camera sau được nâng cấp mạnh mẽ.\n\nThông số']","OPPO Find N3 Flip có giá niêm yết là 13.990.000 đồng. Giá bán chưa bao gồm các chương trình khuyến mãi, hỗ trợ thu cũ lên đời điện thoại và chiết khấu từ thành viên CellphoneS.",OPPO Find N3 Flip có giá 13.990.000đ.,0.9999999999666667,,1.0,0.8039346605065659
Điện thoại OPPO Find N3 Flip phù hợp với ai?,"['Với thiết kế thời thượng, cấu hình mạnh mẽ cùng giá bán hợp lý, OPPO N3 Flip sẽ là sự lựa chọn rất đáng cân nhắc trong phân khúc điện thoại gập hiện nay. Người dùng có thể liên hệ hotline 18002097 hoặc tới cửa hàng CellphoneS để được hỗ trợ và biết được giá bán cụ thể của mẫu điện thoại này.\n\nSo sánh OPPO Find N3 Flip và OPPO Find N2 Flip\n\nSo với OPPO Find N2 Flip, chiếc điạn thoại OPPO N3 Flip được đánh giá là có hiệu năng vượt trội hơn về cấu hình máy. Sự khác biệt lớn nhất của chiếc N3 Flip nằm ở dung lượng RAM và đặc biệt là hệ thống camera sau được nâng cấp mạnh mẽ.\n\nThông số'
 'Ngoài ra, camera của điện thoại Find N3 Flip còn được Hasselblad tinh chỉnh để nâng cao chất lượng hình ảnh và quay video sắc nét ở nhiều chế độ khác nhau. Kèm theo đó là 3 bộ lọc màu chuyên nghiệp, mang tới cảm hứng sáng tạo vô tận cho mọi bức hình.\n\nVới FlexForm, người dùng có thể dựng N3 Flip ở nhiều góc độ để quay chụp, thoải mái tạo dáng khi đặt chế độ quay rảnh tay. Ở chế độ quay video, điện thoại có thể ghi hình ở chất lượng tối đa 4K, 30fps. Nhờ đó, mẫu OPPO Find Series này sẽ còn rất phù hợp để sử dụng cho công việc sáng tạo nội dung của người dùng.'
 'Điện thoại Find N3 Flip của OPPO còn được trang bị tới 12GB RAM LPDDR5x để phục vụ nhu cầu sử dụng đa nhiệm. Bộ nhớ trong 256GB chuẩn UFS 4.0 giúp người dùng cài đặt các ứng dụng, quay chụp ở chất lượng cao một cách thoải mái.\n\nKhẳng định đẳng cấp chụp hình với hệ thống camera chất lượng\n\nDù sở hữu kích thước nhỏ gọn nhưng OPPO Find N3 Flip vẫn khẳng định được chất lượng quay chụp với cụm camera chất lượng. OPPO đã trang bị cho chiếc N3 Flip hệ thống cụm 3 camera sau nổi bật gồm: 50MP (chính, góc rộng) + 48MP (góc siêu rộng) + 32MP (tele).']","OPPO Find N3 Flip phù hợp với những người yêu thích trải nghiệm đa dạng và chất lượng hình ảnh cao. Nó có cấu hình mạnh mẽ với 12GB RAM LPDDR5x và bộ nhớ trong 256GB chuẩn UFS 4.0, cho phép bạn cài đặt nhiều ứng dụng và quay video ở chất lượng tốt nhất. Camera sau 3 camera 50MP + 48MP + 32MP cũng đảm bảo hình ảnh sắc nét và chuyên nghiệp. Với FlexForm, bạn có thể điều chỉnh điện thoại để quay chụp từ nhiều góc độ khác nhau, phù hợp cho việc sáng tạo nội dung.","OPPO Find N3 Flip phù hợp với những người dùng cần một chiếc điện thoại gập nhỏ gọn, hiệu năng mạnh mẽ cho công việc, giải trí và sáng tạo nội dung.",0.9999999999666667,,1.0,0.6392578099874963
Thông số kỹ thuật nổi bật của OPPO Find N3 Flip là gì?,"['Loại CPU\n\n\t\n\n1 nhân 3.05 GHz, 3 nhân 2.85 GHz & 4 nhân 1.8 GHz\n\n\t\n\n1x3.20 GHz Cortex-X2 & 3x3.20 GHz Cortex-A710 & 4x1.80 GHz Cortex-A510\n\nFind N3 Flip vượt trội hơn hẳn Find N2 Flip nhờ chip Dimensity 9200 mạnh mẽ hơn và dung lượng RAM lớn hơn (12GB so với 8GB), tối ưu hiệu năng đa nhiệm và chơi game. So với N2 Flip, cụm camera của Find N3 Flip được trang bị thêm ống kính tele 32MP hỗ trợ chụp từ xa với khả năng xử lý HDR, cho ra những bức ảnh có độ chi tiết ấn tượng.\n\nMua ngay điện thoại gập OPPO Find N3 Flip giá ưu đãi, chính hãng tại CellphoneS'
 'Công nghệ màn hình: AMOLED\n\nKích thước màn hình: 6.8 inches\n\nĐộ phân giải màn hình: 1080 x 2520 pixels\n\n**Giới thiệu sản phẩm:** Đặc điểm nổi bật của OPPO Find N3 Flip 12GB 256GB\n\nOPPO Find N3 Flip gây ấn tượng khi sở hữu hiệu năng mạnh mẽ với chip Dimensity 9200, 12GB RAM, bộ nhớ 256GB bên trong thân máy nhỏ gọn. Cụm ba camera sau bao gồm 50MP (camera góc rộng + OIS), 48MP (góc siêu rộng) và 32MP (chân dung tele) trên điện thoại hỗ trợ quay chụp sắc nét. Mẫu OPPO Find Series này còn được trang bị viên pin 4300mAh tích hợp SUPERVOOC 44W, cho thời lượng sử dụng cả ngày.\xa0\n\nNội dung chính'
 'Ở mặt ngoài của điện thoại OPPO Find N3 Flip còn được trang bị thêm một màn hình phụ có kích thước 3.26 inch và độ phân giải 382 x 720 px. Cùng với đó là tần số quét 60Hz, giúp người dùng có thể thực hiện các thao tác mini app mà không gặp tình trạng giật lag, xé hình.\n\nThiết kế gập nhỏ gọn, phong cách\n\nNhờ thiết kế dạng nắp gập vỏ sò, OPPO Find N3 Flip sở hữu kích thước nhỏ gọn và có thể nằm gọn trong lòng bàn tay của người dùng. Ngoài ra, kích thước này còn biến điện thoại trở thành một món phụ kiện thời trang để người dùng tiện lợi cất gọn trong túi xách, túi áo hay túi quần.']","OPPO Find N3 Flip nổi bật với:

- Chip Dimensity 9200 mạnh mẽ hơn và RAM lớn hơn (12GB so với 8GB)
- Cụm camera sau bao gồm 50MP góc rộng, 48MP siêu rộng và 32MP tele
- Pin 4300mAh hỗ trợ SUPERVOOC 44W cho thời lượng sử dụng cả ngày

Đặc biệt, điện thoại này còn có màn hình phụ 3.26 inch với độ phân giải 382 x 720 px, giúp người dùng dễ dàng thực hiện các thao tác nhỏ mà không gặp tình trạng giật lag.","OPPO Find N3 Flip được trang bị chip MediaTek Dimensity 9200, 12GB RAM, bộ nhớ trong 256GB, camera sau 50MP + 48MP + 32MP, camera trước 32MP, pin 4300mAh và màn hình chính 6.8 inch FHD+.",0.99999999995,,1.0,0.8298231607206578
Điện thoại Nubia Music NFC 4GB 128GB có giá bao nhiêu?,"['Điện thoại Nubia Music bản đặc biệt giá bán bao nhiêu?\n\nDòng Nubia Music dành cho người dùng yêu thích âm nhạc được bán với mức giá khoảng 149 USD (tương đương 3,6 triệu đồng) dành cho phiên bản 4GB/128GB. Như vậy, điện thoại Nubia Music có thể được xếp vào phân khúc smartphone giá bình dân.\n\nChi tiết giá bán\xa0Nubia Music như sau:\n\nTên sản phẩm\n\n\t\n\nGiá bán\n\n\t\n\nGiá thu cũ lên đời\n\nNubia Music NFC 4GB 128GB (Bản đặc biệt)\n\n\t\n\n2.090.000đ\n\n\t\n\n1.590.000đ'
 '**Tên sán phẩm:** Nubia Music NFC 4GB 128GB (Bản đặc biệt)\n\n**Giá sản phẩm:** 2.090.000đ\n\n**Các màu của sản phẩm:** Đen\n\n**Thông số sản phẩm:** Pin: 5000 mAh\n\nCamera sau: 50MP + AI Camera\n\nCamera trước: 5MP\n\nBộ nhớ trong: 128 GB\n\nCông nghệ NFC: Có\n\nDung lượng RAM: 4 GB\n\nTính năng màn hình: Tần số quét 90Hz\n\nCông nghệ màn hình: IPS LCD\n\nKích thước màn hình: 6.6 inches\n\nĐộ phân giải màn hình: 1612x720 (HD+)\n\n**Giới thiệu sản phẩm:** Đặc điểm nổi bật của Nubia Music NFC 4GB 128GB (Bản đặc biệt)'
 'Điện thoại\xa0Nubia Music là mẫu điện thoại giá rẻ sở hữu nhiều ưu điểm đáng sử dụng như:\n\n- Loa thiết kế đặc biệt: Giúp mang lại trải nghiệm giải trí âm thanh sống động\n\n- Thiết kế bắt mắt cùng vẻ ngoài vô cùng nổi bật: Gân ấn tượng với mọi ánh nhìn\n\n- Hỗ trợ NFC tiện lợi cùng với màn hình\xa0Live Island (Tương tự\xa0Dynamic Island)\n\nĐiện thoại Nubia Music bản đặc biệt - Thiết kế cổ điển độc đáo với chất âm sống động']",Điện thoại Nubia Music NFC 4GB 128GB có giá khoảng 2.090.000đ (tương đương 675.000 đồng).,Điện thoại Nubia Music NFC 4GB 128GB có giá 2.090.000đ.,0.99999999995,,0.5,0.806208706596844
Điện thoại Nubia Music NFC 4GB 128GB có những màu sắc nào?,"['**Tên sán phẩm:** Nubia Music NFC 4GB 128GB (Bản đặc biệt)\n\n**Giá sản phẩm:** 2.090.000đ\n\n**Các màu của sản phẩm:** Đen\n\n**Thông số sản phẩm:** Pin: 5000 mAh\n\nCamera sau: 50MP + AI Camera\n\nCamera trước: 5MP\n\nBộ nhớ trong: 128 GB\n\nCông nghệ NFC: Có\n\nDung lượng RAM: 4 GB\n\nTính năng màn hình: Tần số quét 90Hz\n\nCông nghệ màn hình: IPS LCD\n\nKích thước màn hình: 6.6 inches\n\nĐộ phân giải màn hình: 1612x720 (HD+)\n\n**Giới thiệu sản phẩm:** Đặc điểm nổi bật của Nubia Music NFC 4GB 128GB (Bản đặc biệt)'
 'Điện thoại Nubia Music bản đặc biệt khi nào ra mắt?\n\nĐiện thoại Nubia Music bản đặc biệt được chính thức ra mắt vào ngày 28 tháng 2. Theo đó, chiếc điện thoại độc đáo này được hãng Nubia giới thiệu trong Triển lãm di động toàn cầu - MWC 2024 tại Barcelona.\xa0\n\nỞ thời điểm ra mắt, dòng điện thoại Nubia Music gây ấn tượng nổi bật với người dùng khi mang đến hai lựa chọn màu sắc gồm phiên bản mặt lưng màu vàng hoặc đa sắc. Trong đó, phiên bản mặt lưng đa sắc là sự kết hợp độc đáo giữa đa dạng gam màu như xanh, vàng, đỏ, trắng và đen.'
 'Độ phân giải màn hình: 1612x720 (HD+)\n\n**Giới thiệu sản phẩm:** Đặc điểm nổi bật của Nubia Music NFC 4GB 128GB (Bản đặc biệt)\n\nĐiện thoại Nubia Music bản đặc biệt sở hữu thiết kế đĩa nghe Vinyl cổ điển cùng 2 jack cắm tai nghe 3.5mm và âm lượng lớn gấp 600% lần. Màn hình máy trang bị tấm nền LCD HD+ với kích thước 6.6 inch và tần số quét 90Hz. Cấu hình máy gồm dung lượng RAM 4GB và bộ nhớ trong 128GB với hệ thống camera kép ở mặt lưng.\xa0\n\nNội dung chính']",Điện thoại Nubia Music NFC 4GB 128GB có màu sắc là đen.,Điện thoại Nubia Music NFC 4GB 128GB có màu Đen.,0.99999999995,,1.0,0.762020267639603
Điện thoại Nubia Music NFC 4GB 128GB phù hợp với ai?,"['Điện thoại Nubia Music bản đặc biệt - Thiết kế cổ điển độc đáo với chất âm sống động\n\nNubia Music bản đặc biệt dành cho những người dùng yêu thích trải nghiệm nghe nhạc sinh động trên chiếc smartphone của mình. Với hệ thống loa mạnh mẽ kết hợp cùng phong cách thiết kế theo đĩa Vinyl cổ điển độc đáo, mẫu điện thoại Nubia phiên bản đặc biệt này hứa hẹn mang đến trải nghiệm giải trí trọn vẹn.\xa0\n\nHiệu năng xử lý mượt mà với chất âm mạnh mẽ'
 'Mua ngay Nubia Music bản đặc biệt chính hãng tại CellphoneS\n\nNubia Music bản đặc biệt là lựa chọn hấp dẫn dành cho những bạn yêu âm nhạc cùng phong cách thiết kế cổ điển, độc đáo. Khi đặt mua điện thoại Nubia Music chính hãng tại CellphoneS, bạn sẽ được giảm thêm hấp dẫn dành cho thành viên Smember. Nhanh chóng đặt mua ngay Nubia Music bản đặc biệt chính hãng tại CellphoneS bạn nhé.\n\nXem thêm'
 'Hiệu năng xử lý mượt mà với chất âm mạnh mẽ\n\nPhiên bản điện thoại Nubia Music mới ra mắt được trang bị con chip UNISOC tầm trung đủ để bạn có thể đáp ứng nhu cầu làm việc và giải trí hàng ngày. Đi kèm vi xử lý mạnh mẽ là dung lượng RAM 4GB hỗ trợ người dùng đa nhiệm mượt mà. Ngoài ra, bạn còn có thể tải xuống mọi bài hát yêu thích khi bộ nhớ trong của smartphone lên đến 128GB.']","Nubia Music NFC 4GB 128GB phù hợp với những người dùng yêu thích trải nghiệm nghe nhạc sống động và có nhu cầu giải trí trên smartphone. Với thiết kế cổ điển độc đáo và hệ thống loa mạnh mẽ, điện thoại này sẽ mang đến cho bạn một trải nghiệm âm thanh tuyệt vời.",Điện thoại Nubia Music NFC 4GB 128GB phù hợp với những người dùng yêu thích trải nghiệm nghe nhạc sinh động trên smartphone.,0.9999999999666667,,1.0,0.5862724392073516
Điện thoại Tecno Spark 30 Pro có giá bao nhiêu?,"['Điện thoại Tecno Spark 30 Pro giá bao nhiêu?\n\nGiá thành của điện thoại Tecno Spark 30 Pro sẽ không quá cao, dưới 7 triệu đồng. Tuy nhiên mức giá này có thể có sự chênh lệch tùy thuộc vào thị trường và các thông số bộ nhớ cũng như màu sắc của máy.\xa0\n\nChi tiết giá\xa0Tecno Spark 30 Pro vào\xa010/2025 như sau:\n\nTên sản phẩm\n\n\t\n\nGiá bán\n\n\t\n\nGiá thu cũ lên đời\n\nTECNO SPARK 30 Pro 8GB 256GB Transformer - Chỉ có tại CellphoneS\n\n\t\n\n3.890.000đ\n\n\t\n\n3.390.000đ'
 'Tên sản phẩm\n\n\t\n\nGiá bán\n\n\t\n\nGiá thu cũ lên đời\n\nTECNO SPARK 30 Pro 8GB 256GB Transformer - Chỉ có tại CellphoneS\n\n\t\n\n3.890.000đ\n\n\t\n\n3.390.000đ\n\nVới mức giá hợp lý, dòng máy Tecno Spark 30 Pro hứa hẹn mang lại giá trị cao về hiệu năng và tính năng, phù hợp với nhiều đối tượng người dùng. Đồng thời, các chương trình khuyến mãi và ưu đãi đặc biệt từ các nhà bán lẻ như Cellphones cũng sẽ giúp người tiêu dùng có thêm nhiều lựa chọn hấp dẫn khi mua điện thoại này.\n\nMua điện thoại Tecno Spark 30 Pro giá ưu đãi tại CellphoneS'
 'Điện thoại TECNO Spark 40 Pro Plus có giá bao nhiêu?\n\nTECNO Spark 40 Pro Plus có mức giá tham khảo khoảng 4.9 triệu đồng và có thể thay đổi khi ra mắt tại Việt Nam. Đây là lựa chọn cân bằng giữa hiệu năng và mức chi phí, phù hợp với những ai muốn trải nghiệm công nghệ mới mà không phải chi trả quá cao.\n\nTrong khoảng giá dưới 5 triệu đồng, TECNO Spark 40 Pro Plus cạnh tranh trực tiếp với nhiều mẫu điện thoại phổ biến trên thị trường. Người dùng có thể cân nhắc Spark 40 Pro Plus như một lựa chọn cân đối giữa thiết kế, tính năng thông minh và giá bán hợp lý.\n\nMua TECNO Spark 40 Pro Plus giá rẻ, nhiều ưu đãi tại CellphoneS']","Điện thoại Tecno Spark 30 Pro có giá khoảng 3.890.000 đồng. Tuy nhiên, mức giá này có thể thay đổi tùy thuộc vào thị trường và các thông số như màu sắc hoặc bộ nhớ.",Giá của điện thoại Tecno Spark 30 Pro là 3.890.000đ.,0.99999999995,,1.0,0.0
Tecno Spark 30 Pro có những màu sắc nào?,"['Ngoài ra, cùng khám phá ngay mẫu điện thoại Tecno mới ra hiện nay bán chạy như Tecno Spark 30 chính hãng với giá ưu đãi kèm sạc nhanh 75W ấn tượng, cùng khám phá ngay nhé!\n\nTiêu chí so sánh\n\n\t\n\nTecno Spark 30 Pro\n\n\t\n\nTecno Spark 30\n\n\n\n\nMàu sắc\n\n\t\n\nĐỏ Optimus Prime / Bạc Cực Quang / Đen Lưỡi Kiếm\n\n\t\n\nVàng BumbleBee / Trắng Tinh Băng / Đen Bóng Đêm\n\n\n\n\nKháng nước\n\n\t\n\nIP54\n\n\t\n\nIP64\n\n\n\n\nBộ xử lý\n\n\t\n\nMediaTek Helio G100\n\n\t\n\nMediaTek Helio G91\n\n\n\n\nMàn hình\n\n\t\n\nAMOLED 120 Hz 6,78 inch\n\n\t\n\nFHD+ 90 Hz 6,78 inch\n\n\n\n\nCamera trước\n\n\t\n\n13 MP\n\n\t\n\n13 MP\n\n\n\n\nCamera sau\n\n\t\n\n108 MP\n\n\t\n\nSONY IMX682 64 MP\n\n\n\n\nPin\n\n\t\n\n5.000 mAh, sạc nhanh\xa0Super Charge 33 W\n\n\t\n\n5.000 mAh, sạc nhanh 18W\n\n\n\n\nÂm thanh\n\n\t\n\nLoa Kép Âm Thanh Nổi\n\nDolby Atmos\n\n\t\n\nLoa Kép Âm Thanh Nổi\n\nDolby Atmos\n\n\n\n\nBảo mật'
 'Pin\n\n\t\n\n5.000 mAh, sạc nhanh\xa0Super Charge 33 W\n\n\t\n\n5.000 mAh, sạc nhanh 18W\n\n\n\n\nÂm thanh\n\n\t\n\nLoa Kép Âm Thanh Nổi\n\nDolby Atmos\n\n\t\n\nLoa Kép Âm Thanh Nổi\n\nDolby Atmos\n\n\n\n\nBảo mật\n\n\t\n\nVân tay ẩn dưới màn hình\n\n\t\n\nVân tay cạnh bên\n\n\n\n\nĐiều khiển hồng ngoại\n\n\t\n\nCó\n\n\t\n\nCó\xa0\n\n\n\n\nNFC\n\n\t\n\nCó\n\n\t\n\nCó\n\nNhư vậy, so với bản\xa0Tecno Spark 30 trước đó thì phiên bản Pro có nhiều nâng cấp nổi bật như cảm biến camera được nâng cấp, màu sắc mới cũng nhu thay đổi vị trí cảm biến vân tay. Đặc biệt cấu hình sản phẩm cũng có sự nâng cấp giúp tối ưu các trải nghiệm hiệu năng.'
 'Camera hiện đại, hỗ trợ quay chụp với độ sắc nét, chi tiết cao\n\nĐiện thoại Tecno Spark 30 Pro thực sự tỏa sáng nhờ hệ thống camera tiên tiến, mang đến chất lượng hình ảnh tuyệt vời cho mọi khoảnh khắc của bạn. Cụ thể, Tecno Spark 30 Pro sở hữu camera chính với độ phân giải 108MP và khẩu độ f/1.75 cho phép chụp ảnh với độ chi tiết cao và màu sắc trung thực. Nhờ đó mà hình ảnh được máy quay chụp lại luôn sắc nét và sống động ngay cả trong điều kiện ánh sáng yếu.']","Tecno Spark 30 Pro có màu sắc như sau:

- Đỏ Optimus Prime / Bạc Cực Quang / Đen Lưỡi Kiếm
- Vàng BumbleBee / Trắng Tinh Băng / Đen Bóng Đêm

Nếu bạn quan tâm đến các màu sắc này, hãy chọn một trong số đó để trải nghiệm sản phẩm Tecno Spark 30 Pro.","Tecno Spark 30 Pro có các màu Đen, Bạc, và Đỏ.",0.9999999999,,,0.7714536125451438
Tecno Spark 30 Pro phù hợp với ai?,"['Điện thoại Tecno Spark 30 Pro - Hiệu năng ổn định, hệ thống camera sắc nét\n\nĐiện thoại Tecno Spark 30 Pro là lựa chọn lý tưởng cho những ai tìm kiếm sự cân bằng giữa hiệu năng và chất lượng camera. Với thiết kế hiện đại và tính năng ưu việt, thế hệ Tecno smartphone này đảm bảo sẽ trở thành người đồng hành đáng tin cậy trong cuộc sống hàng ngày.\n\nHiệu năng ổn định, đủ mạnh để xử lý tốt các tác vụ hàng ngày'
 'Hiệu năng ổn định, đủ mạnh để xử lý tốt các tác vụ hàng ngày\n\nTecno Spark 30 Pro được thiết kế để mang lại hiệu năng vượt trội, đáp ứng mọi nhu cầu sử dụng hàng ngày của người dùng. Với chip MediaTek Helio G100 kết hợp cùng 8 GB RAM, máy đảm bảo khả năng xử lý mượt mà các tác vụ đa nhiệm mà không gặp bất kỳ tình trạng giật, lag nào. Dù bạn đang lướt web, xem video, hay chơi game nặng, Tecno Spark 30 Pro vẫn giữ vững tốc độ và hiệu suất ổn định.'
 'Tecno Spark 30 Pro\xa0Transformers là phiên bản\xa0Tecno độc đáo chỉ có tại thị trường Việt Nam sở hữu nhiều điểm nổi bật để người dùng chọn mua sử dụng như:\n\nMàn hình chăm sóc mắt cùng tần số 120Hz: Hiển thị hình ảnh chất lượng, giảm hiện tượng mỏi mắt khi sử dụng lâu hiệu quả\n\nChip\xa0MediaTek Helio G100: Mang lại hiệu suất liền mạch liên tục nhiều năm\n\nĐiều khiển hồng ngoại từ xa: Tính năng nổi bật so với sản phẩm cùng khân khúc\n\nÂm thanh nổi đối xứng 300%: Cho trải nghiệm âm thanh toàn cảnh, giải trí đắm chìm\n\nSo sánh\xa0Tecno Spark 30 Pro với\xa0Tecno Spark 30 - Có gì khác biệt']","Tecno Spark 30 Pro phù hợp với những người cần một thiết bị cân bằng giữa hiệu năng và chất lượng camera. Nó đáp ứng nhu cầu sử dụng hàng ngày của bạn với khả năng xử lý tốt các tác vụ đa nhiệm, chip MediaTek Helio G100 mang lại hiệu suất ổn định, màn hình 120Hz giúp giảm mỏi mắt khi sử dụng lâu, và điều khiển hồng ngoại từ xa cho trải nghiệm giải trí tốt hơn.","Tecno Spark 30 Pro phù hợp với những người dùng tìm kiếm sự cân bằng giữa hiệu năng và chất lượng camera, đặc biệt là người dùng phổ thông.",0.9999999999666667,,1.0,0.733386462926939
Điện thoại vivo Y28 có giá bao nhiêu?,"['Để biết thêm chính xác giá bán cũng như các ưu đãi liên quan tới vivo Y28, bạn có thể tới tìm hiểu trên website cellphones.com.vn hoặc liên hệ tới số hotline 1800.2044. Đội ngũ hỗ trợ viên của CellphoneS sẽ tiếp nhận thắc mắc và giải đáp cũng như tư vấn kỹ hơn cho bạn về sản phẩm vivo Y28 trong thời gian sớm nhất.\n\nĐiện thoại vivo Y28 giá bao nhiêu?\n\nNgoài 2 tuỳ chọn màu sắc, điện thoại vivo Y28 còn được mở bán chính thức với hai phiên bản cấu hình có giá bán cụ thể như sau:\n\n-\xa0 \xa0vivo Y28 8GB RAM + 128GB bộ nhớ trong có giá là 5.790.000 đồng\n\n-\xa0 \xa0vivo Y28 8GB RAM + 256GB bộ nhớ trong có giá là 6.490.000 đồng'
 '-\xa0 \xa0vivo Y28 8GB RAM + 128GB bộ nhớ trong có giá là 5.790.000 đồng\n\n-\xa0 \xa0vivo Y28 8GB RAM + 256GB bộ nhớ trong có giá là 6.490.000 đồng\n\nVới con chip mang lại khả năng xử lý ổn định, dung lượng RAM và bộ nhớ trong lớn, camera quay chụp sắc nét cùng viên pin dung lượng lớn, hỗ trợ sạc siêu tốc, vivo Y28 sẽ là một lựa chọn rất đáng cân nhắc khi so sánh với các sản phẩm như Samsung Galaxy A25, Xiaomi Poco F4, Xiaomi Redmi Note 13 Pro,...\n\nMua điện thoại vivo Y28 giá tốt, chính hãng tại CellphoneS'
 'Để biết thêm chính xác giá bán cũng như các ưu đãi liên quan tới vivo Y28, bạn có thể tới tìm hiểu trên website cellphones.com.vn hoặc liên hệ tới số hotline 1800.2044. Đội ngũ hỗ trợ viên của CellphoneS sẽ tiếp nhận thắc mắc và giải đáp cũng như tư vấn kỹ hơn cho bạn về sản phẩm vivo Y28 trong thời gian sớm nhất.\n\nĐiện thoại vivo Y28 giá bao nhiêu?\n\nNgoài 2 tuỳ chọn màu sắc, điện thoại vivo Y28 còn được mở bán chính thức với hai phiên bản cấu hình có giá bán cụ thể như sau:\n\n-\xa0 \xa0vivo Y28 8GB RAM + 128GB bộ nhớ trong có giá là 5.790.000 đồng\n\n-\xa0 \xa0vivo Y28 8GB RAM + 256GB bộ nhớ trong có giá là 6.490.000 đồng']",Điện thoại vivo Y28 có giá từ 5.790.000 đồng đến 6.490.000 đồng tùy thuộc vào phiên bản cấu hình.,Điện thoại vivo Y28 có giá 5.580.000đ.,0.49999999995,,1.0,0.782736749626717
Điện thoại vivo Y28 có những màu sắc nào?,"['Điện thoại vivo Y28 ra mắt khi nào?\n\nĐiện thoại vivo Y28 hiện đã được mở bán tại nước ta với hai phiên bản màu sắc trẻ trung, thời trang là Xanh Lục Bảo và Cam Ánh Dương. Bạn có thể tham khảo mẫu điện thoại giá rẻ mới của vivo chính hãng tại các cửa hàng thuộc chuỗi bán lẻ công nghệ CellphoneS trên cả nước.'
 'Điện thoại vivo Y28 ra mắt khi nào?\n\nĐiện thoại vivo Y28 hiện đã được mở bán tại nước ta với hai phiên bản màu sắc trẻ trung, thời trang là Xanh Lục Bảo và Cam Ánh Dương. Bạn có thể tham khảo mẫu điện thoại giá rẻ mới của vivo chính hãng tại các cửa hàng thuộc chuỗi bán lẻ công nghệ CellphoneS trên cả nước.'
 'Với độ dày không quá 8.1mm và trọng lượng 199g, người dùng sẽ luôn có được sự thoải mái khi cầm, nắm hay cất điện thoại trong túi quần, túi xách,... Đi kèm là các tuỳ chọn màu sắc khác lạ, trẻ trung để người dùng dễ dàng thể hiện cá tính của bản thân. Khả năng kháng nước, kháng bụi chuẩn IP64 sẽ đảm bảo điện thoại có thể hoạt động ở nhiều môi trường, bao gồm cả những nơi có độ ẩm cao.\n\nĐiện thoại vivo Y28 ra mắt khi nào?']",Điện thoại vivo Y28 có hai phiên bản màu sắc trẻ trung và thời trang là Xanh Lục Bảo và Cam Ánh Dương.,Điện thoại vivo Y28 có hai màu sắc là Xanh và Cam.,0.99999999995,,1.0,0.7652476579205526
Thông số kỹ thuật nổi bật của vivo Y28 là gì?,"['Độ phân giải màn hình: 1608 × 720 pixels\n\n**Giới thiệu sản phẩm:** Đặc điểm nổi bật của vivo Y28 8GB 256GB\n\nvivo Y28 được trang bị con chip Helio G85 cùng 8GB RAM để mang tới hiệu năng đơn nhiệm, đa nhiệm ấn tượng trong phân khúc giá rẻ. Mẫu điện thoại của vivo còn sở hữu ống kính chính 50MP để luôn có được khả năng quay, chụp sắc nét. Cùng với đó là màn hình lớn kèm công nghệ bảo vệ mắt, giúp bạn trải nghiệm hiển thị hình ảnh tốt nhất. Với viên pin có mức năng lượng 6000mAh, người dùng sẽ luôn có thể tự tin sử dụng vivo Y28 cho các tác vụ hỗn hợp trong đời sống thường ngày.'
 'Độ phân giải màn hình: 1608 × 720 pixels\n\n**Giới thiệu sản phẩm:** Đặc điểm nổi bật của vivo Y28 8GB 128GB\n\nvivo Y28 được trang bị con chip Helio G85 cùng 8GB RAM để mang tới hiệu năng đơn nhiệm, đa nhiệm ấn tượng trong phân khúc giá rẻ. Mẫu điện thoại của vivo còn sở hữu ống kính chính 50MP để luôn có được khả năng quay, chụp sắc nét. Cùng với đó là màn hình lớn kèm công nghệ bảo vệ mắt, giúp bạn trải nghiệm hiển thị hình ảnh tốt nhất. Với viên pin có mức năng lượng 6000mAh, người dùng sẽ luôn có thể tự tin sử dụng vivo Y28 cho các tác vụ hỗn hợp trong đời sống thường ngày.'
 'Màn hình vivo Y28 còn được trang bị tần số quét ở mức 90Hz. Điều này sẽ cho phép các chuyển động tốc độ cao, hiệu ứng lướt, chuyển trang có được sự mượt mà. Đồng thời, tốc độ phản hồi thao tác chạm vuốt trên màn hình 90hz cũng sẽ nhanh hơn để người dùng đạt được kết quả tốt hơn khi chơi game.\n\nThiết kế hiện đại, phong cách']","Độ phân giải màn hình của vivo Y28 là 1608 × 720 pixels. Mẫu điện thoại này còn được trang bị con chip Helio G85 cùng với 8GB RAM, ống kính chính 50MP và viên pin có mức năng lượng 6000mAh. Tần số quét màn hình là 90Hz, giúp cho các chuyển động tốc độ cao và hiệu ứng lướt, chuyển trang mượt mà hơn.","vivo Y28 được trang bị pin 6000 mAh, chipset Helio G85, camera sau 50 MP, RAM 8 GB và màn hình 6.68 inches với tần số quét 90Hz.",0.99999999995,,1.0,0.6722165445370857
Samsung Galaxy S24 FE 5G có giá bao nhiêu?,"['Nội dung chính\n\n1. Samsung Galaxy S24 FE giá bao nhiêu?\n2. Đánh giá Samsung Galaxy S24 FE có gì mới\n2.1. Đa dạng màu sắc trẻ trung\n2.2. Nâng cấp camera AI mới\n2.3. Chip Exynos 2400E cải tiến mạnh mẽ\n2.4. Màn hình Dynamic AMOLED 2X sống động\n2.5. Điểm antutu, test game trên Samsung S24 FE\n2.6. Pin trâu, sạc nhanh\n3. So sánh chi tiết Samsung S24 FE vs S23 FE, nên mua mẫu nào?\n4. Samsung S24 FE khi nào ra mắt?\n5. Mua Samsung S24 FE chính hãng, giá rẻ CellphoneS ngay\nSamsung Galaxy S24 FE giá bao nhiêu?\n\nHiện tại, giá Samsung Galaxy S24 FE 5G đang được bán khá tốt tại CellphoneS:\n\nTên sản phẩm\n\n\t\n\nGiá bán\n\n\t\n\nGiá thu cũ lên đời\n\nSamsung Galaxy S24 FE 5G 8GB 128GB\n\n\t\n\n10.790.000đ\n\n\t\n\n9.790.000đ'
 'Tên sản phẩm\n\n\t\n\nGiá bán\n\n\t\n\nGiá thu cũ lên đời\n\nSamsung Galaxy S24 FE 5G 8GB 128GB\n\n\t\n\n10.790.000đ\n\n\t\n\n9.790.000đ\n\nCellphoneS còn phân phối đa dạng các tuỳ chọn màu của S24 Fan Edition. Kèm theo đó là các chương trình khuyến mãi, chiết khấu hội viên, hỗ trợ thu cũ lên đời điện thoại giúp khách hàng mua sản phẩm với mức giá cực kỳ ưu đãi.\n\nĐánh giá Samsung Galaxy S24 FE có gì mới\n\nSamsung S24 FE có gì mới trong cấu hình? Cùng tham khảo những điểm mới có trên mẫu Galaxy S FE tiếp theo để biết được vì sao người dùng nên lựa chọn nâng cấp sang phiên bản này:\n\nĐa dạng màu sắc trẻ trung'
 '**Tên sán phẩm:** Samsung Galaxy S24 FE 5G 8GB 128GB\n\n**Giá sản phẩm:** 10.790.000đ\n\n**Các màu của sản phẩm:** Đen, Xanh lá, Xanh dương, Xám\n\n**Thông số sản phẩm:** Pin: 4700 mAh\n\nChipset: Exynos 2400e (4nm)\n\nCamera sau: 50MP + 12vMP + 8MP\n\nCamera trước: 10MP\n\nBộ nhớ trong: 128 GB\n\nCông nghệ NFC: Có\n\nDung lượng RAM: 8 GB\n\nHệ điều hành: Android 14\n\nTính năng màn hình: 120Hz\n\nCông nghệ màn hình: Dynamic AMOLED\n\nKích thước màn hình: 6.7 inches\n\nĐộ phân giải màn hình: 1080 x 2400 pixels (FullHD+)\n\n**Giới thiệu sản phẩm:** Đặc điểm nổi bật của Samsung Galaxy S24 FE 5G 8GB 128GB']","Samsung Galaxy S24 FE 5G hiện đang được bán với giá 10.790.000đ tại CellphoneS. Đây là một sản phẩm có nhiều cải tiến so với phiên bản trước, bao gồm các màu sắc trẻ trung và nâng cấp camera AI mới.",Giá của Samsung Galaxy S24 FE 5G 8GB 128GB là 10.790.000đ.,0.9999999999666667,,1.0,0.7938219611552335
Samsung Galaxy S24 FE 5G có những màu sắc nào?,"['Đa dạng màu sắc trẻ trung\n\nDù thuộc phân khúc cao cấp nhưng Samsung S24 FE vẫn sở hữu thiết kế trẻ trung để hướng tới đa dạng đối tượng người dùng. Ở mẫu điện thoại Fan Edition tiếp theo này, Samsung đã giới thiệu ra thị trường tổng cộng 4 màu sắc""\n\nXanh Topaz\n\nĐen Graphite\n\nXám Opal\n\nXanh Jade\n\nCác phiên bản màu trung tính này sẽ phù hợp để người dùng ở mọi độ tuổi có thể sử dụng:\n\nHai màu sắc Đen Graphite và Xám Opal sẽ hướng tới đối tượng người dùng thích sự tối giản, tinh tế.'
 'Hai màu sắc Đen Graphite và Xám Opal sẽ hướng tới đối tượng người dùng thích sự tối giản, tinh tế.\n\nPhiên bản S24 FE Xanh Topaz và Xanh Jade thời trang sẽ phù hợp với những người dùng trẻ yêu thích sự phá cách, khác biệt.\n\nXem thêm mẫu điện thoại Samsung Galaxy S25 FE mới với nhiều nâng cấp cùng mức giá vô cùng tốt, cùng khám phá ngay nhé.\n\nNâng cấp camera AI mới'
 '**Tên sán phẩm:** Samsung Galaxy S24 FE 5G 8GB 128GB\n\n**Giá sản phẩm:** 10.790.000đ\n\n**Các màu của sản phẩm:** Đen, Xanh lá, Xanh dương, Xám\n\n**Thông số sản phẩm:** Pin: 4700 mAh\n\nChipset: Exynos 2400e (4nm)\n\nCamera sau: 50MP + 12vMP + 8MP\n\nCamera trước: 10MP\n\nBộ nhớ trong: 128 GB\n\nCông nghệ NFC: Có\n\nDung lượng RAM: 8 GB\n\nHệ điều hành: Android 14\n\nTính năng màn hình: 120Hz\n\nCông nghệ màn hình: Dynamic AMOLED\n\nKích thước màn hình: 6.7 inches\n\nĐộ phân giải màn hình: 1080 x 2400 pixels (FullHD+)\n\n**Giới thiệu sản phẩm:** Đặc điểm nổi bật của Samsung Galaxy S24 FE 5G 8GB 128GB']","Samsung Galaxy S24 FE 5G có 4 màu sắc chính:

1. Đen Graphite (Đen)
2. Xám Opal (Xám)
3. Xanh Jade (Xanh lá)
4. Xanh Topaz (Xanh dương)

Các phiên bản màu trung tính này phù hợp cho mọi đối tượng người dùng, từ trẻ em đến người lớn tuổi.","Samsung Galaxy S24 FE 5G có các màu sắc: Đen, Xanh lá, Xanh dương, Xám.",0.3333333333,,1.0,0.7925547433825356
Thông số kỹ thuật nổi bật của Samsung Galaxy S24 FE 5G là gì?,"['**Tên sán phẩm:** Samsung Galaxy S24 FE 5G 8GB 128GB\n\n**Giá sản phẩm:** 10.790.000đ\n\n**Các màu của sản phẩm:** Đen, Xanh lá, Xanh dương, Xám\n\n**Thông số sản phẩm:** Pin: 4700 mAh\n\nChipset: Exynos 2400e (4nm)\n\nCamera sau: 50MP + 12vMP + 8MP\n\nCamera trước: 10MP\n\nBộ nhớ trong: 128 GB\n\nCông nghệ NFC: Có\n\nDung lượng RAM: 8 GB\n\nHệ điều hành: Android 14\n\nTính năng màn hình: 120Hz\n\nCông nghệ màn hình: Dynamic AMOLED\n\nKích thước màn hình: 6.7 inches\n\nĐộ phân giải màn hình: 1080 x 2400 pixels (FullHD+)\n\n**Giới thiệu sản phẩm:** Đặc điểm nổi bật của Samsung Galaxy S24 FE 5G 8GB 128GB'
 'Kích thước màn hình: 6.7 inches\n\nĐộ phân giải màn hình: 1080 x 2400 pixels (FullHD+)\n\n**Giới thiệu sản phẩm:** Đặc điểm nổi bật của Samsung Galaxy S24 FE 5G 8GB 128GB\n\nLà một trong những phiên bản đặc biệt thuộc dòng S cao cấp, Samsung S24 FE sở hữu những nâng cấp gì về cấu hình và thiết kế? Có bao nhiêu phiên bản? Hãy cùng khám phá thêm các thông tin về mẫu điện thoại Samsung S series này trong bài chia sẻ dưới đây của CellphoneS.\n\nNội dung chính'
 'Công nghệ NFC\n\n\t\n\nCó\n\n\t\n\nCó\n\n\n\n\nDung lượng RAM\n\n\t\n\n8 GB\n\n\t\n\n8 GB\n\n\n\n\nBộ nhớ trong\n\n\t\n\n128 GB\n\n\t\n\n128 GB\n\n\n\n\nPin\n\n\t\n\n4700 mAh\n\n\t\n\n4500 mAh\n\n\n\n\nHệ điều hành\n\n\t\n\nAndroid 14\n\n\t\n\nAndroid 13\n\n\n\n\nĐộ phân giải màn hình\n\n\t\n\n1080 x 2400 pixels (FullHD+)\n\n\t\n\n1080 x 2340 pixels (FullHD+)\n\n\n\n\nTính năng màn hình\n\n\t\n\n120Hz\n\n\t\n\nTần số quét 120 Hz, 1450 nits\nKính cường lực Corning Gorilla Glass 5']","Samsung Galaxy S24 FE 5G nổi bật với các thông số kỹ thuật sau:

- Pin: 4700 mAh
- Chipset: Exynos 2400e (4nm)
- Camera sau: 50MP + 12MP + 8MP
- Camera trước: 10MP
- Bộ nhớ trong: 128 GB
- Dung lượng RAM: 8 GB
- Hệ điều hành: Android 14
- Tính năng màn hình: 120Hz, Dynamic AMOLED, Corning Gorilla Glass 5
- NFC: Có

Thông số này cho thấy máy có cấu hình mạnh mẽ và khả năng xử lý tốt. Màn hình với độ phân giải FullHD+ và tần số quét cao giúp hiển thị chi tiết hơn.","Samsung Galaxy S24 FE 5G có pin 4700 mAh, chipset Exynos 2400e (4nm), camera sau 50MP + 12MP + 8MP, camera trước 10MP, bộ nhớ trong 128GB, RAM 8GB, và màn hình Dynamic AMOLED 6.7 inches với độ phân giải 1080 x 2400 pixels (FullHD+).",0.9999999999666667,,0.7272727272727273,0.8023082339672049
Điện thoại Meizu Mblu 22 Pro NFC 6GB 256GB có giá bao nhiêu?,"['**Tên sán phẩm:** Điện thoại Meizu Mblu 22 Pro NFC 6GB 256GB\n\n**Giá sản phẩm:** 2.890.000đ\n\n**Các màu của sản phẩm:** Đen, Trắng\n\n**Thông số sản phẩm:** Pin: 5000 mAh\n\nChipset: MediaTek Helio G81\n\nThẻ SIM: 2 Nano-SIM\n\nCamera sau: 50 MP, AF f/1.8\nCamera macro: 2 MP, f/2.4\n\nLoại CPU: Octa-core\n\nCamera trước: 5 MP, f/2.0\n\nBộ nhớ trong: 256 GB\n\nCông nghệ NFC: Có\n\nDung lượng RAM: 6 GB\n\nHệ điều hành: Android 15\n\nCông nghệ màn hình: TFT LCD\n\nKích thước màn hình: 6.79 inches\n\nĐộ phân giải màn hình: 720 x 1640 pixels\n\n**Giới thiệu sản phẩm:** Đặc điểm nổi bật của Điện thoại Meizu Mblu 22 Pro NFC 6GB 256GB'
 '**Tên sán phẩm:** Điện thoại Meizu Mblu Note 21 Pro NFC 8GB 256GB\n\n**Giá sản phẩm:** 3.990.000đ\n\n**Các màu của sản phẩm:** Đen, Xanh, Trắng\n\n**Thông số sản phẩm:** Pin: 5000mAh\n\nChipset: Mediatek Helio G99 (6 nm)\n\nThẻ SIM: 2 Nano-SIM\n\nCamera sau: 64 MP + 2 MP\n\nLoại CPU: 8 nhân (2 x 2.2 GHz Cortex-A76 và 6 x 2.0 GHz Cortex-A55)\n\nCamera trước: 13 MP\n\nBộ nhớ trong: 256 GB\n\nCông nghệ NFC: Có\n\nDung lượng RAM: 8 GB\n\nHệ điều hành: Android 14, Flyme AIOS\n\nTính năng màn hình: Mật độ điểm ảnh 388ppi, tần số quét 120Hz, độ sáng tối đa 550 nits\n\nCông nghệ màn hình: IPS LCD\n\nKích thước màn hình: 6.78 inches\n\nĐộ phân giải màn hình: 1080 x 2400 pixels (FullHD+)'
 '**Tên sán phẩm:** Điện thoại Meizu Mblu 22 Pro NFC 4GB 128GB\n\n**Giá sản phẩm:** 2.590.000đ\n\n**Các màu của sản phẩm:** Đen, Xanh dương\n\n**Thông số sản phẩm:** Pin: 5000 mAh\n\nChipset: MediaTek Helio G81\n\nThẻ SIM: 2 Nano-SIM\n\nCamera sau: 50 MP, AF f/1.8\nCamera macro: 2 MP, f/2.4\n\nLoại CPU: Octa-core\n\nCamera trước: 8 MP, f/2.0\n\nBộ nhớ trong: 128 GB\n\nCông nghệ NFC: Có\n\nDung lượng RAM: 4 GB\n\nHệ điều hành: Android 15\n\nCông nghệ màn hình: TFT LCD\n\nKích thước màn hình: 6.79 inches\n\nĐộ phân giải màn hình: 720 x 1640 pixels\n\n**Giới thiệu sản phẩm:** Đặc điểm nổi bật của Điện thoại Meizu Mblu 22 Pro NFC 4GB 128GB']",Điện thoại Meizu Mblu 22 Pro NFC 6GB 256GB có giá là 2.890.000đ.,Giá sản phẩm là 2.890.000đ.,0.9999999999,,1.0,0.8417027259822691
Điện thoại Meizu Mblu 22 Pro NFC 6GB 256GB có những màu sắc nào?,"['**Tên sán phẩm:** Điện thoại Meizu Mblu 22 Pro NFC 6GB 256GB\n\n**Giá sản phẩm:** 2.890.000đ\n\n**Các màu của sản phẩm:** Đen, Trắng\n\n**Thông số sản phẩm:** Pin: 5000 mAh\n\nChipset: MediaTek Helio G81\n\nThẻ SIM: 2 Nano-SIM\n\nCamera sau: 50 MP, AF f/1.8\nCamera macro: 2 MP, f/2.4\n\nLoại CPU: Octa-core\n\nCamera trước: 5 MP, f/2.0\n\nBộ nhớ trong: 256 GB\n\nCông nghệ NFC: Có\n\nDung lượng RAM: 6 GB\n\nHệ điều hành: Android 15\n\nCông nghệ màn hình: TFT LCD\n\nKích thước màn hình: 6.79 inches\n\nĐộ phân giải màn hình: 720 x 1640 pixels\n\n**Giới thiệu sản phẩm:** Đặc điểm nổi bật của Điện thoại Meizu Mblu 22 Pro NFC 6GB 256GB'
 '**Tên sán phẩm:** Điện thoại Meizu Mblu Note 21 Pro NFC 8GB 256GB\n\n**Giá sản phẩm:** 3.990.000đ\n\n**Các màu của sản phẩm:** Đen, Xanh, Trắng\n\n**Thông số sản phẩm:** Pin: 5000mAh\n\nChipset: Mediatek Helio G99 (6 nm)\n\nThẻ SIM: 2 Nano-SIM\n\nCamera sau: 64 MP + 2 MP\n\nLoại CPU: 8 nhân (2 x 2.2 GHz Cortex-A76 và 6 x 2.0 GHz Cortex-A55)\n\nCamera trước: 13 MP\n\nBộ nhớ trong: 256 GB\n\nCông nghệ NFC: Có\n\nDung lượng RAM: 8 GB\n\nHệ điều hành: Android 14, Flyme AIOS\n\nTính năng màn hình: Mật độ điểm ảnh 388ppi, tần số quét 120Hz, độ sáng tối đa 550 nits\n\nCông nghệ màn hình: IPS LCD\n\nKích thước màn hình: 6.78 inches\n\nĐộ phân giải màn hình: 1080 x 2400 pixels (FullHD+)'
 '**Tên sán phẩm:** Điện thoại Meizu Mblu 22 Pro NFC 4GB 128GB\n\n**Giá sản phẩm:** 2.590.000đ\n\n**Các màu của sản phẩm:** Đen, Xanh dương\n\n**Thông số sản phẩm:** Pin: 5000 mAh\n\nChipset: MediaTek Helio G81\n\nThẻ SIM: 2 Nano-SIM\n\nCamera sau: 50 MP, AF f/1.8\nCamera macro: 2 MP, f/2.4\n\nLoại CPU: Octa-core\n\nCamera trước: 8 MP, f/2.0\n\nBộ nhớ trong: 128 GB\n\nCông nghệ NFC: Có\n\nDung lượng RAM: 4 GB\n\nHệ điều hành: Android 15\n\nCông nghệ màn hình: TFT LCD\n\nKích thước màn hình: 6.79 inches\n\nĐộ phân giải màn hình: 720 x 1640 pixels\n\n**Giới thiệu sản phẩm:** Đặc điểm nổi bật của Điện thoại Meizu Mblu 22 Pro NFC 4GB 128GB']",Sản phẩm này có 2 màu sắc là Đen và Trắng.,Sản phẩm có hai màu: Đen và Trắng.,0.9999999999,,1.0,0.4162376729336277
Thông số kỹ thuật nổi bật của Điện thoại Meizu Mblu 22 Pro NFC 6GB 256GB là gì?,"['**Tên sán phẩm:** Điện thoại Meizu Mblu 22 Pro NFC 6GB 256GB\n\n**Giá sản phẩm:** 2.890.000đ\n\n**Các màu của sản phẩm:** Đen, Trắng\n\n**Thông số sản phẩm:** Pin: 5000 mAh\n\nChipset: MediaTek Helio G81\n\nThẻ SIM: 2 Nano-SIM\n\nCamera sau: 50 MP, AF f/1.8\nCamera macro: 2 MP, f/2.4\n\nLoại CPU: Octa-core\n\nCamera trước: 5 MP, f/2.0\n\nBộ nhớ trong: 256 GB\n\nCông nghệ NFC: Có\n\nDung lượng RAM: 6 GB\n\nHệ điều hành: Android 15\n\nCông nghệ màn hình: TFT LCD\n\nKích thước màn hình: 6.79 inches\n\nĐộ phân giải màn hình: 720 x 1640 pixels\n\n**Giới thiệu sản phẩm:** Đặc điểm nổi bật của Điện thoại Meizu Mblu 22 Pro NFC 6GB 256GB'
 '**Tên sán phẩm:** Điện thoại Meizu Mblu Note 21 Pro NFC 8GB 256GB\n\n**Giá sản phẩm:** 3.990.000đ\n\n**Các màu của sản phẩm:** Đen, Xanh, Trắng\n\n**Thông số sản phẩm:** Pin: 5000mAh\n\nChipset: Mediatek Helio G99 (6 nm)\n\nThẻ SIM: 2 Nano-SIM\n\nCamera sau: 64 MP + 2 MP\n\nLoại CPU: 8 nhân (2 x 2.2 GHz Cortex-A76 và 6 x 2.0 GHz Cortex-A55)\n\nCamera trước: 13 MP\n\nBộ nhớ trong: 256 GB\n\nCông nghệ NFC: Có\n\nDung lượng RAM: 8 GB\n\nHệ điều hành: Android 14, Flyme AIOS\n\nTính năng màn hình: Mật độ điểm ảnh 388ppi, tần số quét 120Hz, độ sáng tối đa 550 nits\n\nCông nghệ màn hình: IPS LCD\n\nKích thước màn hình: 6.78 inches\n\nĐộ phân giải màn hình: 1080 x 2400 pixels (FullHD+)'
 '**Tên sán phẩm:** Điện thoại Meizu Mblu 22 Pro NFC 4GB 128GB\n\n**Giá sản phẩm:** 2.590.000đ\n\n**Các màu của sản phẩm:** Đen, Xanh dương\n\n**Thông số sản phẩm:** Pin: 5000 mAh\n\nChipset: MediaTek Helio G81\n\nThẻ SIM: 2 Nano-SIM\n\nCamera sau: 50 MP, AF f/1.8\nCamera macro: 2 MP, f/2.4\n\nLoại CPU: Octa-core\n\nCamera trước: 8 MP, f/2.0\n\nBộ nhớ trong: 128 GB\n\nCông nghệ NFC: Có\n\nDung lượng RAM: 4 GB\n\nHệ điều hành: Android 15\n\nCông nghệ màn hình: TFT LCD\n\nKích thước màn hình: 6.79 inches\n\nĐộ phân giải màn hình: 720 x 1640 pixels\n\n**Giới thiệu sản phẩm:** Đặc điểm nổi bật của Điện thoại Meizu Mblu 22 Pro NFC 4GB 128GB']","Điện thoại Meizu Mblu 22 Pro NFC 6GB 256GB có các thông số kỹ thuật nổi bật như sau:

- Pin: 5000 mAh
- Chipset: MediaTek Helio G81 (6 nm)
- Camera sau: 50 MP, AF f/1.8
- Camera macro: 2 MP, f/2.4
- Loại CPU: Octa-core
- Camera trước: 5 MP, f/2.0
- Bộ nhớ trong: 256 GB
- Công nghệ NFC: Có
- Dung lượng RAM: 6 GB
- Hệ điều hành: Android 15
- Cảm biến màn hình: TFT LCD
- Kích thước màn hình: 6.79 inches
- Độ phân giải màn hình: 720 x 1640 pixels

Thông số này cho thấy điện thoại có cấu hình mạnh mẽ, pin lớn và nhiều tính năng hiện đại như camera kép, NFC, cùng với dung lượng RAM cao giúp trải nghiệm tốt hơn.","Điện thoại có pin 5000 mAh, chipset MediaTek Helio G81, RAM 6 GB, bộ nhớ trong 256 GB, camera sau 50 MP và camera trước 5 MP.",0.9999999999,,0.9285714285714286,0.8215244354506854
Điện thoại OPPO A3 có giá bao nhiêu?,"['Điểm nhấn nổi bật của OPPO A3 chính là cụm camera vuông, tạo nên sự khác biệt và cá tính cho thiết bị. Cụm camera được bố trí hợp lý, không quá lồi ra ngoài, giữ được sự cân đối và hài hòa cho mặt lưng của mẫu smartphone dòng A.\n\nGiá điện thoại OPPO A3 bao nhiêu?\n\nOPPO A3 tại thị trường Việt Nam có giá thời điểm mở bán khoảng 4.990.000đ cho RAM 6GB + ROM 128GB và 6.490.000đ cho bản RAM 8GB + ROM 256GB. Lưu ý giá có thể thay đổi tuỳ thuộc vào chính sách ưu đãi ở từng thời điểm khác nhau.'
 'So với các tính năng và cấu hình của OPPO A3, mức giá dự kiến này là hợp lý. Với màn hình LCD 6.67 inch, camera chính 50MP, pin 5.100 mAh và hiệu năng mạnh mẽ từ chipset Qualcomm Snapdragon 6s 4G Gen1, OPPO A3 hứa hẹn mang đến trải nghiệm người dùng tốt trong phân khúc giá rẻ.\n\nĐiện thoại OPPO A3 ra mắt khi nào?\n\nĐiện thoại OPPO A3 chính thức ra mắt lần đầu tiên tại Trung Quốc vào tháng 7 năm 2024 và ra mắt toàn cầu vào tháng 8/2024. Sản phẩm này được đánh giá cao bởi thiết kế hiện đại và tích hợp nhiều công nghệ tiên tiến.'
 'Điện thoại OPPO A3 là mẫu smartphone tầm trung dòng A được ra mắt đầu tiên tại Trung Quốc vào đầu tháng 7/2024 và ra mắt toàn cầu vào tháng 8/2024. Sản phẩm có thiết kế khác biệt với cấu hình đủ mạnh để xử lý mọi tác vụ hiện nay. Đặc biệt, camera OPPO A3 vẫn sẽ là điểm nhấn cho nhiều người dùng đã quá quen thuộc với thương hiệu này.\n\nChipset Qualcomm Snapdragon 6s 4G Gen1 cho hiệu năng mượt mà\n\nĐiện thoại OPPO A3 được trang bị chipset Qualcomm Snapdragon 6s 4G Gen1 với 8 nhân và GPU\xa0Adreno 610@1050MHz.\xa0Với RAM 6GB, OPPO A3 cung cấp khả năng thao tác đa nhiệm tốt, hạn chế giật lag khi thực hiện hay mở cùng lúc nhiều tác vụ.']",Điện thoại OPPO A3 có giá khoảng 6.490.000đ cho RAM 8GB + ROM 256GB. Giá này có thể thay đổi tùy thuộc vào chính sách ưu đãi của từng thời điểm.,Điện thoại OPPO A3 có giá khoảng 4.500.000đ.,0.9999999999,,1.0,0.0
OPPO A3 có những màu sắc nào?,"['Thiết kế hiện đại, thanh lịch, phù hợp với đa số người dùng\xa0\xa0\n\nĐiện thoại OPPO A3 thu hút người dùng từ cái nhìn đầu tiên với các cạnh được bo cong nhẹ nhàng và màu sắc hiện đại, thanh lịch. Với độ mỏng ấn tượng chỉ 7.68mm và kích thước 165.77 x 76.08 x 7.68 mm, trọng lượng khoảng 186g, OPPO A3 có thiết kế gọn gàng, phù hợp với nhiều người dùng.'
 'Màn hình LCD kích thước lớn 6.67 inch, sắc nét\n\nOPPO A3 sử dụng màn hình LCD có kích thước 6.67 inch. Màn hình A3 có tỷ lệ với độ phân giải HD+ (1604 × 720 pixel), cho phép hiển thị chi tiết rõ ràng trên không gian rộng.\n\nCông nghệ LCD giúp màn hình OPPO A3 hiển thị màu sắc đậm nét và độ tương phản cao. Với khả năng hiển thị 16,7 triệu màu\xa0kết hợp tần số quét 90Hz, màn hình này tái tạo màu sắc chân thực với các chuyển động mượt mà.\xa0\n\nThiết kế hiện đại, thanh lịch, phù hợp với đa số người dùng'
 'Màn hình rõ nét và sống động\n\nOPPO A3 sở hữu màn hình kích thước 6.67 inch cùng độ phân giải HD+ (1604 x 720), mang đến trải nghiệm thị giác ổn định cho nhu cầu hằng ngày. Tỷ lệ hiển thị lên đến 89.9% giúp nội dung tràn viền, tạo cảm giác rộng rãi và hiện đại.\n\nĐiện thoại OPPO A3 8GB 256GB với tấm nền LCD hỗ trợ độ sâu 16.7 triệu màu cùng mật độ điểm ảnh 264 PPI đảm bảo hình ảnh hiển thị chân thực, rõ nét. Màn hình còn cung cấp hai chế độ màu là Vivid (83% NTSC) và Gentle (71% NTSC) để tối ưu trải nghiệm theo sở thích cá nhân.']","OPPO A3 có màu sắc hiện đại và thanh lịch như sau:

- Vivid (83% NTSC)
- Gentle (71% NTSC)

Màu sắc này giúp bạn dễ dàng lựa chọn theo sở thích cá nhân. OPPO A3 cũng hỗ trợ nhiều chế độ hiển thị khác nhau để phù hợp với nhu cầu sử dụng hàng ngày của bạn.",OPPO A3 có hai màu sắc là Tím và Đen.,0.0,0.0,1.0,0.6575081049020127
Thông số kỹ thuật nổi bật của OPPO A3 là gì?,"['Camera trước 5MP cùng với chế độ Làm đẹp chân dung AI tạo ra vẻ đẹp tự nhiên của khuôn mặt. Nhiều chế độ như chân dung, Sticker tạo nên trải nghiệm linh hoạt và sáng tạo khi sử dụng. Dù chụp hay quay, OPPO A3 luôn giúp người dùng tự tin thể hiện cá tính qua từng khung hình.\n\nDung lượng pin lớn đến 5100mAh\n\nOPPO A3 sở hữu công nghệ sạc nhanh SUPERVOOC 45W, giúp rút ngắn thời gian chờ đợi đáng kể. Điện thoại còn hỗ trợ đi kèm sạc nhanh, trong vòng 30 phút để nạp đầy 50% dung lượng pin. Hệ thống tự động nhận diện củ sạc và dây cáp tương thích giúp đảm bảo an toàn khi sạc điện thoại.'
 'Điện thoại OPPO A3 là mẫu smartphone tầm trung dòng A được ra mắt đầu tiên tại Trung Quốc vào đầu tháng 7/2024 và ra mắt toàn cầu vào tháng 8/2024. Sản phẩm có thiết kế khác biệt với cấu hình đủ mạnh để xử lý mọi tác vụ hiện nay. Đặc biệt, camera OPPO A3 vẫn sẽ là điểm nhấn cho nhiều người dùng đã quá quen thuộc với thương hiệu này.\n\nChipset Qualcomm Snapdragon 6s 4G Gen1 cho hiệu năng mượt mà\n\nĐiện thoại OPPO A3 được trang bị chipset Qualcomm Snapdragon 6s 4G Gen1 với 8 nhân và GPU\xa0Adreno 610@1050MHz.\xa0Với RAM 6GB, OPPO A3 cung cấp khả năng thao tác đa nhiệm tốt, hạn chế giật lag khi thực hiện hay mở cùng lúc nhiều tác vụ.'
 'Kích thước màn hình: 6.67 inches\n\nĐộ phân giải màn hình: 720 x 1604 (HD+)\n\n**Giới thiệu sản phẩm:** Đặc điểm nổi bật của OPPO A3 6GB 128GB\n\nĐiện thoại OPPO A3 xử lý ổn định và mượt mà mọi tác vụ nhờ bộ vi xử lý 8 nhân Qualcomm Snapdragon 6s 4G Gen1, kết hợp với đó là 6GB RAM và 128GB bộ nhớ trong. Mẫu máy hiển thị tốt với màn hình LCD độ phân giải 1604 × 720 pixel (HD+)\xa0kích thước 6.67 inch với độ sáng khá cao lên đến 1000 nit. Bên cạnh đó, sản phẩm OPPO A Series còn trang bị camera chính với độ phân giải 50MP kèm dung lượng pin 5.100mAh.\xa0\n\nNội dung chính']","OPPO A3 nổi bật với các thông số kỹ thuật sau:

1. **Camera**: 5MP cùng chế độ làm đẹp chân dung AI tạo vẻ đẹp tự nhiên.
2. **Pin**: Dung lượng pin lớn đến 5100mAh.
3. **Sạc nhanh**: Hỗ trợ sạc nhanh SUPERVOOC 45W, trong vòng 30 phút để nạp đầy 50% dung lượng pin.
4. **Chipset**: Qualcomm Snapdragon 6s 4G Gen1 với 8 nhân và GPU Adreno 610@1050MHz, RAM 6GB.
5. **Màn hình**: Kích thước màn hình 6.67 inches, độ phân giải HD+ (720 x 1604), độ sáng cao lên đến 1000 nit.

OPPO A3 là mẫu smartphone tầm trung với cấu hình mạnh mẽ và nhiều tính năng nổi bật để đáp ứng nhu cầu sử dụng hiện đại.","OPPO A3 được trang bị pin 5100mAh, chipset Snapdragon 6s 4G Gen1, RAM 6GB, bộ nhớ trong 128GB, camera sau 50MP và màn hình LCD 6.67 inches với độ phân giải 720 x 1604 (HD+).",0.5833333333041666,,1.0,0.7744443678266612
Điện thoại Honor X6C có giá bao nhiêu?,"['Từ thời điểm công bố, Honor X6C đã thu hút sự quan tâm lớn nhờ sở hữu thiết kế đẹp mắt và cấu hình ổn định. Đây cũng là lựa chọn mới mẻ cho người dùng trẻ mong muốn trải nghiệm công nghệ với chi phí hợp lý.\n\nĐiện thoại Honor X6C giá bán bao nhiêu?\n\nHiện tại, điện thoại Honor X6C đang được bán tại CellphoneS với mức giá khoảng 3.89 triệu VNĐ cho phiên bản tiêu chuẩn. Mức giá này được đánh giá là phù hợp so với những gì máy mang lại, từ hiệu năng ổn định cho đến dung lượng pin lớn.\xa0\n\nTên sản phẩm\n\n\t\n\nGiá bán\n\n\t\n\nGiá thu cũ lên đời\n\nHONOR X6c 6GB 128GB\n\n\t\n\n3.890.000đ'
 'Điện thoại Honor X7C giá bán bao nhiêu?\n\nTại thị trường Việt Nam, điện thoại Honor X7C có giá khởi điểm 5.490.000 VNĐ cho bản RAM 8GB và ROM 256GB. Hiện nay, Honor X7C được bán chính hãng tại CellphoneS với mức giá vào 10/2025 như sau:\n\nTên sản phẩm\n\n\t\n\nGiá bán\n\n\t\n\nGiá thu cũ lên đời\n\nHONOR X7c 8GB 256GB\n\n\t\n\n4.700.000đ\n\n\t\n\n3.700.000đ\n\nĐây là mức giá cạnh tranh, phù hợp với nhiều đối tượng người dùng mong muốn trải nghiệm công nghệ ổn định. Nhờ vậy, Honor X7C dễ dàng trở thành lựa chọn đáng cân nhắc trong phân khúc điện thoại tầm trung của nhiều người dùng.\n\nMua điện thoại Honor X7C chính hãng tại CellphoneS'
 'Mua điện thoại Honor X6C chính hãng tại CellphoneS\n\nĐiện thoại Honor X6C đang được phân phối với giá hấp dẫn tại hơn 100 cửa hàng trên toàn quốc của CellphoneS. Người dùng có thể yên tâm khi mua sắm vì toàn bộ sản phẩm đều chính hãng, minh bạch xuất xứ và đầy đủ bảo hành tại trung tâm ủy quyền. CellphoneS không chỉ cung cấp giá bán cạnh tranh mà còn thường xuyên có nhiều chương trình khuyến mãi hot. Ghé ngay CellphoneS để trải nghiệm mua sắm công nghệ tiện lợi, chuyên nghiệp!\xa0\n\nXem thêm']",Điện thoại Honor X6C có giá khoảng 3.89 triệu VNĐ cho phiên bản tiêu chuẩn. Giá này phù hợp với hiệu năng ổn định và dung lượng pin lớn của máy.,Điện thoại Honor X6C có giá khoảng 3.890.000đ.,0.8333333332916666,,0.6666666666666666,0.8065518632388318
Honor X6C có những màu sắc nào?,"['HONOR X6c so với thế hệ\xa0Honor X5C được\xa0HONOR nâng cấp nhiều chi tiết từ thiết kế đến camera, chi tiết như sau:\n\nTiêu chí\n\n\t\n\nHONOR X6c\n\n\t\n\nHONOR X5c\n\n\n\n\nMàu sắc\n\n\t\n\nOcean Cyan, Midnight Black, Moonlight White\n\n\t\n\nOcean Cyan, Tidal Blue, Meteor Silver, Midnight Black\n\n\n\n\nKích thước\n\n\t\n\nChiều cao: 163.95 mm, Rộng: 75.6 mm, Dày: 8.39 mm\n\n\t\n\nChiều cao: 167.00 mm, Rộng: 77.00 mm, Dày: 7.89 mm\n\n\n\n\nTrọng lượng\n\n\t\n\nKhoảng 199g\n\n\t\n\nKhoảng 186g\n\n\n\n\nMàn hình\n\n\t\n\nKích thước: 6.61 inch, Loại: TFT LCD, Độ phân giải: 1604x720\n\n\t\n\nKích thước: 6.74 inch, Loại: TFT LCD, Độ phân giải: 720x1600\n\n\n\n\nVi xử lý\n\n\t\n\nMediaTek Helio G81 Ultra (Octa-core, 2x2.0GHz + 6x1.7GHz)\n\n\t\n\nMediaTek Helio G81 (Octa-core, 2x2.0GHz + 6x1.7GHz)\n\n\n\n\nGPU\n\n\t\n\nARM Mali-G52 MC2\n\n\t\n\nARM Mali-G52 MC2\n\n\n\n\nBộ nhớ'
 'Sự kết hợp giữa dung lượng pin lớn và tốc độ sạc nhanh mang lại trải nghiệm liền mạch, phù hợp cho những ai thường xuyên di chuyển, học tập hoặc làm việc liên tục. Nhờ vậy, người dùng có thể thoải mái xem phim, lướt web, chơi game hay gọi video dài giờ mà không lo tình trạng cạn pin gây gián đoạn trải nghiệm.\n\nMàn hình 6.61 inch hiển thị 16.7 triệu màu\n\nĐiện thoại Honor X6C sở hữu màn hình TFT LCD 6.61 inch với độ phân giải 1604×720 pixels, tái hiện hình ảnh rõ ràng và mượt mà. Khả năng hiển thị 16.7 triệu màu giúp tái tạo màu sắc sống động, mang lại trải nghiệm xem phim và chơi game chân thực hơn.'
 'Điện thoại Honor X6C sở hữu nhiều đặc điểm giúp đây là một sản phẩm chất lượng trong tầm giá như:\n\nNút tùy chỉnh, truy cập AI và trợ lý ảo: Giúp truy cập nhanh chóng, sử dụng tiện lợi các tính năng\n\nCamera 50MP hỗ trợ AI: Tối ưu quay chụp cho hình ảnh sắc nét\n\nPin 5300 mAh cùng sạc nhanh 35W: Cho thời lượng sử dụng bền bỉ, thời gian chờ sạc ngắn\n\nBộ lọc ánh sáng xanh cùng chế độ đọc sách: Thoải mái cho đôi mắt người dùng\n\nSo sánh\xa0Honor X6C với\xa0Honor X5C chi tiết?\n\nHONOR X6c so với thế hệ\xa0Honor X5C được\xa0HONOR nâng cấp nhiều chi tiết từ thiết kế đến camera, chi tiết như sau:\n\nTiêu chí']","Honor X6c có màu sắc như sau:

- Ocean Cyan
- Midnight Black
- Moonlight White

Nếu bạn muốn tìm hiểu thêm về các sản phẩm khác của Honor hoặc cần thông tin chi tiết hơn, hãy liên hệ với chúng tôi.",Honor X6C có hai màu sắc là Đen và Xanh.,0.9999999999,0.0,1.0,0.8093019441419997
Thông số kỹ thuật nổi bật của Honor X6C là gì?,"['Cấu hình ổn định với chip Helio G81 Ultra\n\nĐiện thoại Honor X6C được trang bị chip xử lý MediaTek Helio G81 Ultra tám nhân kết hợp GPU ARM Mali G52 MC2, mang lại hiệu năng ổn định trong nhiều tác vụ khác nhau. Bộ nhớ RAM 6GB cho phép xử lý đa nhiệm mượt mà, hạn chế tình trạng lag, giật khi chạy đồng thời nhiều ứng dụng.\xa0\n\nNgười dùng cũng có tùy chọn dung lượng bộ nhớ trong 128GB, kèm khe cắm thẻ nhớ microSD để mở rộng lưu trữ. Với cấu hình này, máy dễ dàng đáp ứng nhu cầu học tập, làm việc văn phòng, duyệt web, xem phim hay chơi các tựa game phổ biến mà không gặp nhiều trở ngại.'
 'Công nghệ màn hình: TFT LCD\n\nKích thước màn hình: 6.6 inches\n\nĐộ phân giải màn hình: 720 x 1604 (HD+)\n\n**Giới thiệu sản phẩm:** Đặc điểm nổi bật của HONOR X6c 6GB 128GB\n\nĐiện thoại Honor X6C sở hữu màn hình 6.61 inch với độ phân giải 1604×720 pixels, mang đến trải nghiệm giải trí rộng rãi, hình ảnh sắc nét cho người dùng. Máy tích hợp chip MediaTek Helio G81 Ultra tám nhân giúp xử lý đa nhiệm mượt mà. Viên pin dung lượng lớn 5300mAh đi kèm sạc nhanh 35W, giúp kéo dài thời gian sử dụng đáng kể.\n\nNội dung chính'
 'Nội dung chính\n\n1. Vì sao nên mua điện thoại\xa0Honor X6C?\n2. So sánh\xa0Honor X6C với\xa0Honor X5C chi tiết?\n3. Điện thoại Honor X6C – Hiệu năng ổn định, quay chụp rõ nét\n3.1. Công nghệ AI thông minh trên MagicOS 9.0\n3.2. Cấu hình ổn định với chip Helio G81 Ultra\n3.3. Camera 50MP đa chế độ, hỗ trợ quay video Full HD\n3.4. Pin lớn 5300mAh kèm sạc nhanh 35W\n3.5. Màn hình 6.61 inch hiển thị 16.7 triệu màu\n4. Điện thoại Honor X6C khi nào ra mắt?\n5. Điện thoại Honor X6C giá bán bao nhiêu?\n6. Mua điện thoại Honor X6C chính hãng tại CellphoneS\nVì sao nên mua điện thoại\xa0Honor X6C?']","Honor X6C nổi bật với cấu hình ổn định do sử dụng chip Helio G81 Ultra tám nhân kết hợp GPU ARM Mali G52 MC2. Bộ nhớ RAM 6GB cho phép xử lý đa nhiệm mượt mà, hạn chế tình trạng lag và giật khi chạy nhiều ứng dụng đồng thời. Máy cũng có dung lượng bộ nhớ trong lên đến 128GB với khe cắm thẻ nhớ microSD để mở rộng lưu trữ.","Honor X6C được trang bị pin 5300mAh, chip MediaTek Helio G81 Ultra, camera sau 50MP, màn hình 6.61 inch với độ phân giải 1604x720 pixels và dung lượng RAM 6GB.",0.9999999999666667,,1.0,0.7675499888276622
Điện thoại Tecno Spark Go 2 có giá bao nhiêu?,"['Điện thoại Tecno Spark Go 2 giá bán bao nhiêu tiền?\n\nTecno Spark Go 2 có mức giá bán chỉ 6.999 INR (~1,85 triệu đồng), phù hợp với phân khúc phổ thông. Tại thị trường trong nước, mức giá có thể dao động tùy theo từng đại lý và các chương trình khuyến mãi đi kèm.\n\nĐây là mức giá rất cạnh tranh, giúp sản phẩm dễ dàng tiếp cận với nhiều người dùng. Với cấu hình ổn định, màn hình lớn và nhiều tính năng tiện ích, Spark Go 2 hoàn toàn đáp ứng tốt các nhu cầu cơ bản hằng ngày.\n\nMua điện thoại Tecno Spark Go 2 giá tốt, nhiều ưu đãi tại CellphoneS'
 'Tecno Spark Go 2 là sản phẩm điện thoại giá rẻ sở hữu nhiều đặc điểm về thiết kế cấu hình, đáng để người dùng chọn mua như:\n\nThiết kế sang trọng, chuẩn kháng nước\xa0IP64: Thoải mái và tự tin sử dụng\n\nPin 5000 mAh, hệ thống sạc AI: Sử dụng bền bỉ đến 20 giờ xem video\n\nAI thông minh: Hỗ trợ đọc - tạo văn bản và tóm tắt nội dung dễ dàng\n\nHồng ngoại: Điều khiển thiết bị từ xa tiện lợi\n\nĐiện thoại Tecno Spark Go 2 - Hiệu suất mạnh mẽ, thiết kế sang trọng'
 'Thông số\n\n\t\n\nTecno Spark Go 2\n\n\t\n\nTecno Spark Go 1\n\n\n\n\nMàu sắc\n\n\t\n\nInk Black / Titanium Grey / Veil White / Turquoise Green\n\n\t\n\nStartrail Black / Glittery White\n\n\n\n\nMàn hình\n\n\t\n\n120Hz 6.67 inch Hole Screen\n\n\t\n\n120Hz 6.67\xa0inch\xa0Hole Screen\n\n\n\n\nCPU\n\n\t\n\nUnisoc\xa0T7250\n\n\t\n\nUnisoc\xa0T615\n\n\n\n\nRAM\n\n\t\n\n6GB - 8GB\n\n\t\n\n6GB - 8GB\n\n\n\n\nBộ nhớ trong\n\n\t\n\n64GB - 128GB - 256GB\n\n\t\n\n64GB -\xa0128GB\n\n\n\n\nCamera trước\n\n\t\n\n8MP\n\n\t\n\n8MP\n\n\n\n\nCamera sau\n\n\t\n\n13MP\n\n\t\n\n13MP\n\n\n\n\nPin\n\n\t\n\n5000mAh - Sạc nhanh 15W\n\n\t\n\n5000mAh - Sạc nhanh\xa015W\n\n\n\n\nKháng nước\n\n\t\n\nIP64\n\n\t\n\nIP54\n\nNhư vậy, so với thế hệ 1,\xa0Tecno Spark Go 2 được nâng cấp về chuẩn kháng nước, CPU cũng như nhiều lựa chọn màu sắc và dung lượng lưu trữ cho người dùng lựa chọn.\n\nĐiện thoại Tecno Spark Go 2 khi nào ra mắt?']","Điện thoại Tecno Spark Go 2 có giá bán chỉ 6.999 INR (~1,85 triệu đồng) tại thị trường trong nước. Giá này rất cạnh tranh và phù hợp với phân khúc phổ thông.",Điện thoại Tecno Spark Go 2 có giá 2.290.000đ.,0.9999999999,,1.0,0.7503871386059578
Tecno Spark Go 2 có những màu sắc nào?,"['Sản phẩm có bốn tùy chọn màu sắc nổi bật gồm đen, xanh lá, xám, trắng phù hợp với nhiều phong cách người dùng. Cảm biến vân tay đặt ở cạnh bên giúp mở khóa máy nhanh chóng và thuận tiện hơn. Máy hỗ trợ chống bụi, chống nước chuẩn IP64, giúp thiết bị hoạt động được trong nhiều điều kiện khác nhau.\xa0\n\nSo sánh\xa0Tecno Spark Go 2 với\xa0Tecno Spark Go - Có gì khác biệt?\n\nTecno Spark Go 2 là thế hệ điện thoại nâng cấp, vậy so với\xa0Spark Go 1 thì máy được nâng cấp những gì? Hãy cùng so sánh chi tiết:\n\nThông số\n\n\t\n\nTecno Spark Go 2\n\n\t\n\nTecno Spark Go 1\n\n\n\n\nMàu sắc\n\n\t\n\nInk Black / Titanium Grey / Veil White / Turquoise Green\n\n\t\n\nStartrail Black / Glittery White\n\n\n\n\nMàn hình'
 'Thông số\n\n\t\n\nTecno Spark Go 2\n\n\t\n\nTecno Spark Go 1\n\n\n\n\nMàu sắc\n\n\t\n\nInk Black / Titanium Grey / Veil White / Turquoise Green\n\n\t\n\nStartrail Black / Glittery White\n\n\n\n\nMàn hình\n\n\t\n\n120Hz 6.67 inch Hole Screen\n\n\t\n\n120Hz 6.67\xa0inch\xa0Hole Screen\n\n\n\n\nCPU\n\n\t\n\nUnisoc\xa0T7250\n\n\t\n\nUnisoc\xa0T615\n\n\n\n\nRAM\n\n\t\n\n6GB - 8GB\n\n\t\n\n6GB - 8GB\n\n\n\n\nBộ nhớ trong\n\n\t\n\n64GB - 128GB - 256GB\n\n\t\n\n64GB -\xa0128GB\n\n\n\n\nCamera trước\n\n\t\n\n8MP\n\n\t\n\n8MP\n\n\n\n\nCamera sau\n\n\t\n\n13MP\n\n\t\n\n13MP\n\n\n\n\nPin\n\n\t\n\n5000mAh - Sạc nhanh 15W\n\n\t\n\n5000mAh - Sạc nhanh\xa015W\n\n\n\n\nKháng nước\n\n\t\n\nIP64\n\n\t\n\nIP54\n\nNhư vậy, so với thế hệ 1,\xa0Tecno Spark Go 2 được nâng cấp về chuẩn kháng nước, CPU cũng như nhiều lựa chọn màu sắc và dung lượng lưu trữ cho người dùng lựa chọn.\n\nĐiện thoại Tecno Spark Go 2 khi nào ra mắt?'
 'Màn hình giải trí lớn 6.67 inch, tần số quét mượt mà 120Hz\n\nTecno Spark Go 2 sở hữu màn hình IPS LCD kích thước 6.67 inch (720 × 1600 pixel), mang lại không gian hiển thị rộng rãi và thoải mái. Độ phân giải HD+ giúp hiển thị nội dung rõ ràng, đủ dùng cho nhu cầu cơ bản.\n\nTần số quét 120Hz là điểm nổi bật trên thiết bị này, mang lại trải nghiệm vuốt chạm mượt mà. Chất lượng hiển thị màu sắc trung thực, máy phù hợp để xem phim, làm việc hay lướt web hằng ngày.\n\nPhong cách thiết kế năng động, đầy sang trọng']","Tecno Spark Go 2 có màu sắc như sau:

- Ink Black
- Titanium Grey
- Veil White
- Turquoise Green

So sánh với Tecno Spark Go 1, máy này được nâng cấp về màu sắc và dung lượng lưu trữ cho người dùng lựa chọn.","Tecno Spark Go 2 có các màu sắc: Xám (Camo), Đen, Xanh, Trắng.",0.99999999995,,1.0,0.7664274972209998
Tecno Spark Go 2 phù hợp với ai?,"['Hồng ngoại: Điều khiển thiết bị từ xa tiện lợi\n\nĐiện thoại Tecno Spark Go 2 - Hiệu suất mạnh mẽ, thiết kế sang trọng\n\nSpark Go 2 là mẫu điện thoại có thiết kế trẻ trung cùng cấu hình ổn định phù hợp với nhiều người dùng. Hãy cùng điểm qua các đặc điểm nổi bật của mẫu điện thoại Tecno này trở thành lựa chọn đáng cân nhắc.\n\nHiệu năng mượt mà với chip Unisoc T7250'
 'Phong cách thiết kế năng động, đầy sang trọng\n\nTecno Spark Go 2 sở hữu thiết kế gọn gàng với phần cạnh viền bo cong mềm mại, mang lại cảm giác cầm nắm thoải mái và chắc tay. Máy được hoàn thiện từ chất liệu nhựa bền bỉ, phù hợp cho nhu cầu sử dụng lâu dài hằng ngày.'
 'Điện thoại Tecno Spark Go 2 giá bán bao nhiêu tiền?\n\nTecno Spark Go 2 có mức giá bán chỉ 6.999 INR (~1,85 triệu đồng), phù hợp với phân khúc phổ thông. Tại thị trường trong nước, mức giá có thể dao động tùy theo từng đại lý và các chương trình khuyến mãi đi kèm.\n\nĐây là mức giá rất cạnh tranh, giúp sản phẩm dễ dàng tiếp cận với nhiều người dùng. Với cấu hình ổn định, màn hình lớn và nhiều tính năng tiện ích, Spark Go 2 hoàn toàn đáp ứng tốt các nhu cầu cơ bản hằng ngày.\n\nMua điện thoại Tecno Spark Go 2 giá tốt, nhiều ưu đãi tại CellphoneS']","Tecno Spark Go 2 phù hợp với nhiều người dùng khác nhau:

1. Người dùng cần thiết kế gọn gàng và sang trọng.
2. Có nhu cầu sử dụng điện thoại trong thời gian dài.
3. Tính năng cơ bản như gọi, nhắn tin, chơi game, xem video đều đáp ứng tốt.

Đây là một lựa chọn đáng cân nhắc cho những người muốn sở hữu một chiếc điện thoại thông minh với giá cả phải chăng và chất lượng ổn định.","Tecno Spark Go 2 phù hợp với nhiều người dùng, đặc biệt là những ai tìm kiếm một điện thoại giá rẻ với hiệu suất ổn định và thiết kế sang trọng.",0.9999999999666667,,0.8,0.7410262625959888
Điện thoại Xiaomi POCO X6 Pro có giá bao nhiêu?,"['Phiên bản cấu hình\n\n\t\n\nGiá bán chính hãng (Dự kiến)\n\n\n\n\nPOCO X6 Pro 5G\xa08GB+256GB\n\n\t\n\nGiá bán từ\xa09.99 triệu đồng\n\n\n\n\nPOCO X6 Pro 5G\xa012GB+512GB\n\n\t\n\nGiá bán từ\xa011.49 triệu đồng\n\n*** Lưu ý: Giá bán trên chưa phải giá bán chính thức và có thể thay đổi khi về chính hãng tại Việt Nam.\n\nMua ngay điện thoại Xiaomi Poco X6 Pro chất lượng cao, giá tốt tại CellphoneS'
 'Điện thoại Xiaomi Poco X6 Pro ra mắt khi nào?\n\nĐiện thoại Xiaomi Poco X6 Pro chính thức được Xiaomi trình làng chính hãng tại Việt Nam vào ngày 11.1 năm 2024. Sự kiện ra mắt được diễn ra tại Ấn Độ, bên cạnh\xa0X6 Pro thì hãng còn giới thiệu các sản phẩm khác trong series bao gồm\xa0POCO X6. Khi ra mắt, sản phẩm sẽ được lên kệ tại hệ thống bán lẻ chính hãng Việt Nam với ba phiên bản màu là đen, vàng và xám.\n\nĐiện thoại Xiaomi Poco X6 Pro giá bao nhiêu?\n\nĐiện thoại Xiaomi Poco X6 Pro được trình làng chính hãng với hai phiên bản cấu hình với giá bán giao động từ 9 đến 12 triệu đồng, chi tiết giá bán từng phiên bản như sau:'
 '-\xa0\xa0Pin 5000mAh + sạc nhanh 67W: Thỏa mái sử dụng, đặc biệt sản phẩm sẽ được bán kèm củ sạc\n\nSo sánh điện thoại\xa0Xiaomi Poco X6 Pro với\xa0Xiaomi Poco X5 Pro\n\nXiaomi Poco X6 Pro là mẫu vừa được Xiaomi trình làng vào tháng 1 năm 2024 vừa qua. Vậy thế hệ điện thoại mới này có gì khác biệt so với thế hệ tiền nhiệm X5 Pro trước đó, cùng so sánh chi tiết sau đây.\n\nThông số\n\n\t\n\nXiaomi Poco X6 Pro\n\n\t\n\nXiaomi Poco X5 Pro\n\n\n\n\nMàu sắc\n\n\t\n\nĐen - Vàng - Xám\n\n\t\n\nĐen - Vàng - Xanh\n\n\n\n\nMàn hình\n\n\t\n\nCrystalRes 1.5K Flow AMOLED DotDisplay 6,67 inch\n\n\t\n\nFHD+ Flow AMOLED DotDisplay 6,67 inch\n\n\n\n\nCPU\n\n\t\n\nDimensity 8300-Ultra\n\nTiến trình sản xuất 4nm TSMC\n\n\t\n\nSnapdragon® 778G\n\nCPU tám lõi, lên đến 2,4 GHz\n\n\n\n\nGPU\n\n\t\n\nMali-G615']",Điện thoại Xiaomi POCO X6 Pro có giá dao động từ 9 đến 12 triệu đồng tùy phiên bản cấu hình.,Điện thoại Xiaomi POCO X6 Pro có giá 7.540.000đ.,0.0,,1.0,0.8309527194616001
Xiaomi POCO X6 Pro có những màu sắc nào?,"['Thiết kế mặt lưng full kính sang trọng\n\nThiết kế bên ngoài Poco X6 Pro ấn tượng với mặt lưng full kính mang lại vẻ ngoài cao cấp. Ở phiên bản vàng, điện thoại sẽ sở hữu mặt lưng da nhân tạo. Máy sẽ có ba lựa chọn màu sắc là đen, xám và vàng. Mặt sau máy là cụm camera được đặt trong modun hình vuông cùng logo POCO nổi bật.'
 '-\xa0\xa0Pin 5000mAh + sạc nhanh 67W: Thỏa mái sử dụng, đặc biệt sản phẩm sẽ được bán kèm củ sạc\n\nSo sánh điện thoại\xa0Xiaomi Poco X6 Pro với\xa0Xiaomi Poco X5 Pro\n\nXiaomi Poco X6 Pro là mẫu vừa được Xiaomi trình làng vào tháng 1 năm 2024 vừa qua. Vậy thế hệ điện thoại mới này có gì khác biệt so với thế hệ tiền nhiệm X5 Pro trước đó, cùng so sánh chi tiết sau đây.\n\nThông số\n\n\t\n\nXiaomi Poco X6 Pro\n\n\t\n\nXiaomi Poco X5 Pro\n\n\n\n\nMàu sắc\n\n\t\n\nĐen - Vàng - Xám\n\n\t\n\nĐen - Vàng - Xanh\n\n\n\n\nMàn hình\n\n\t\n\nCrystalRes 1.5K Flow AMOLED DotDisplay 6,67 inch\n\n\t\n\nFHD+ Flow AMOLED DotDisplay 6,67 inch\n\n\n\n\nCPU\n\n\t\n\nDimensity 8300-Ultra\n\nTiến trình sản xuất 4nm TSMC\n\n\t\n\nSnapdragon® 778G\n\nCPU tám lõi, lên đến 2,4 GHz\n\n\n\n\nGPU\n\n\t\n\nMali-G615'
 'Điện thoại Xiaomi Poco X6 Pro ra mắt khi nào?\n\nĐiện thoại Xiaomi Poco X6 Pro chính thức được Xiaomi trình làng chính hãng tại Việt Nam vào ngày 11.1 năm 2024. Sự kiện ra mắt được diễn ra tại Ấn Độ, bên cạnh\xa0X6 Pro thì hãng còn giới thiệu các sản phẩm khác trong series bao gồm\xa0POCO X6. Khi ra mắt, sản phẩm sẽ được lên kệ tại hệ thống bán lẻ chính hãng Việt Nam với ba phiên bản màu là đen, vàng và xám.\n\nĐiện thoại Xiaomi Poco X6 Pro giá bao nhiêu?\n\nĐiện thoại Xiaomi Poco X6 Pro được trình làng chính hãng với hai phiên bản cấu hình với giá bán giao động từ 9 đến 12 triệu đồng, chi tiết giá bán từng phiên bản như sau:']","Xiaomi Poco X6 Pro có ba màu sắc chính là đen, vàng và xám.","Xiaomi POCO X6 Pro có các màu Vàng, Xám và Đen.",0.9999999999666667,,1.0,0.7747429513242107
Thông số kỹ thuật nổi bật của Xiaomi POCO X6 Pro là gì?,"['Màn hình AMOLED\xa0sống động, tần số 120Hz\n\nĐiện thoại Xiaomi Poco X6 Pro còn nổi bật với khả năng hiển thị đỉnh cao. Máy sử dụng màn hình AMOLED\xa0với kích thước 6.67 inch, độ phân giải 1220 x 2712 pixels và được trang bị công nghệ HDR10+ đem đến chất lượng hình ảnh sắc nét, màu sắc sống động.\n\nMàn hình sở hữu màn hình với thiết kế khung viền siêu mỏng mang lại không gian hiển thị vượt trội. Màn hình với khả năng hiển thị màu tới 68 tỷ màu giúp mang lại khả năng hiển thị hình ảnh tự nhiên và mượt mà.'
 'Hiệu năng đỉnh cao với chip Dimensity 8300 Ultra\n\nĐiện thoại Xiaomi Poco X6 Pro được trang bị bộ vi xử lý Dimensity 8300 Ultra của nhà Mediatek. Đây là dòng chip đầy mạnh mẽ được sản xuất trên tiến trình 4nm, 8 nhân với xung nhịp tối đa lên đến 3.35Hz. Bên cạnh đó, chip xử lý còn được tích hợp nhân đồ họa Mali G615, giúp bạn chiến được hầu hết các tựa game mobile phổ biến như Liên Quân, PUBG, Genshin Impact,...'
 'Công nghệ màn hình: AMOLED\n\nKích thước màn hình: 6.67 inches\n\nĐộ phân giải màn hình: 1220 x 2712 pixels\n\n**Giới thiệu sản phẩm:** Đặc điểm nổi bật của Xiaomi POCO X6 Pro 5G 8GB 256GB - Chỉ có tại CellphoneS\n\nĐiện thoại Xiaomi Poco X6 Pro được trang bị con chip Dimensity 8300 Ultra 8 nhân, tiến trình 4nm, tích hợp với GPU\xa0Mali-G615 cùng RAM 8GB, bộ nhớ trong 256GB. Máy sở hữu 3 camera sau với camera chính 64MP và 1 camera selfie 16MP. Ngoài ra máy X6 Pro được trang bị màn hình AMOLED\xa06.67 inch, độ phân giải 1220 x 2712 pixels cùng tần số quét 120Hz.\xa0\n\nNội dung chính']","Xiaomi Poco X6 Pro nổi bật với các thông số kỹ thuật sau:

- Màn hình AMOLED 6.67 inch, độ phân giải 1220 x 2712 pixels và tần số quét 120Hz.
- Bộ vi xử lý Dimensity 8300 Ultra 8 nhân, tiến trình 4nm, xung nhịp tối đa lên đến 3.35GHz.
- Màn hình với khả năng hiển thị màu tới 68 tỷ màu và chất lượng hình ảnh sắc nét, mượt mà.

Đây là những điểm nổi bật giúp điện thoại này trở thành lựa chọn tốt cho người dùng yêu thích trải nghiệm màn hình đẹp và hiệu năng cao.","Xiaomi POCO X6 Pro được trang bị pin 5000 mAh, chipset Dimensity 8300-Ultra, RAM 8GB, bộ nhớ trong 256GB, màn hình AMOLED 6.67 inches với độ phân giải 1220 x 2712 pixels và tần số quét 120Hz.",0.8333333332916666,0.8,0.75,0.8026786249592032
iPhone 16 Pro có giá bao nhiêu?,"['lần đầu tiên xuất hiện (Nguồn ảnh: Apple) Titan Sa Mạc là màu sắc mới thay thế cho Titan Xanh. Đây cũng là màu sắc dự kiến hot nhất trong 4 phiên bản màu năm nay. Điện thoại iPhone 16 Pro giá bao nhiêu? iPhone 16 Pro là phiên bản sở hữu nhiều tuỳ chọn bộ nhớ trong nhất bao gồm: 128GB - 256GB - 512GB và 1TB. Trong đó phiên bản chuẩn với dung lượng 128GB sẽ được bán với giá khởi điểm từ 28.990.000đ. Chi tiết giá bán sản phẩm vào tháng\xa010/2025 như sau: Tên sản phẩm Giá bán Giá thu cũ lên đời iPhone 16 Pro 128GB | Chính hãng VN/A'
 'Giá iPhone 16 Pro Max bao nhiêu tiền 10/2025?  Giá iPhone 16 Pro Max hiện đang ở mức 30.39 triệu đồng cho phiên bản 256GB, là lựa chọn phổ biến với dung lượng lưu trữ đáp ứng tốt cho nhu cầu thông thường. Với những người dùng thường xuyên làm việc với dữ liệu lớn hoặc đam mê chụp ảnh, quay phim, phiên bản 512GB có giá 36.79 triệu đồng sẽ là lựa chọn hợp lý hơn.\xa0 Hiện nay Apple cũng đã cho ra mắt mẫu iPhone 17 Pro với thiết kế nhỏ gọn, màu mới kèm pin trâu. Ngoài dòng Pro Max bạn đang theo dõi, cùng khám phá xem ngay để có nên mua ngay không nhé!  Trong khi đó, phiên bản cao cấp hơn với dung lượng 1TB hiện đang được bán ở mức 42.99 triệu'
 'Điện thoại iPhone 15 Pro 256GB có giá là bao nhiêu?\n\niPhone 15 Pro phiên bản dung lượng bộ nhớ trong là 256GB đã được ra mắt và có mức giá bán tham khảo là 1099 USD. Giá bán này sẽ còn được phụ thuộc vào các khu vực bán khác nhau, tùy quốc gia khác nhau.\n\nBạn có thể chọn nơi mua uy tín để có thể có được mức giá chính hãng tốt cùng nhiều ưu đãi. Với mức giá này, các sản phẩm cạnh tranh với iPhone 15 Pro 256GB có thể là: ASUS ROG Phone 7 Ultimate 16GB 512GB, Samsung Galaxy S23 Plus 8GB 512GB, iPhone 14 Pro Max 256GB, …\n\nBên cạnh đó, hiện nay điện thoại iPhone 16 Pro 256gb ra mắt cũng đang được người dùng quan tâm nhiều nhờ pin trâu, màn hình nâng cấp kèm màu mới, cùng xem ngay nhé!']",iPhone 16 Pro có giá từ 28.990.000đ cho phiên bản 128GB và tăng lên 36.79 triệu đồng cho phiên bản 512GB. Giá bán chính xác sẽ phụ thuộc vào khu vực và quốc gia bạn mua tại.,iPhone 16 Pro có giá 25.490.000đ.,0.0,0.0,1.0,0.0
iPhone 16 Pro có những màu sắc nào?,"['bản màu là: Titan Sa Mạc, Titan Tự Nhiên, Titan Trắng và Titan Đen. Trong đó có ba màu tên gọi cũ là\xa0Titan Tự Nhiên, Titan Trắng và Titan Đen nhưng sắc độ có một chút thay đổi so với thế hệ 15 Pro.\xa0 iPhone 16 Pro có thời lượng pin ổn định, nhưng iPhone 17 Pro sẽ nâng tầm trải nghiệm với pin lớn và chip mới tối ưu hiệu năng. Thiết bị hoạt động bền bỉ, xử lý mượt mà từ đa nhiệm đến game nặng, trở thành lựa chọn đáng giá cho người muốn nâng cấp.  iPhone 16 Pro có 4 màu, trong đó Titan Sa Mạc lần đầu tiên xuất hiện (Nguồn ảnh: Apple) Titan Sa Mạc là màu sắc mới thay thế cho Titan Xanh. Đây cũng là màu sắc dự kiến hot nhất trong 4 phiên bản màu năm'
 'khả năng xem video có thể lên đến 27 giờ, người dùng sẽ thoải mái trải nghiệm mà không lo ngại về pin. Tuy nhiên, tuỳ vào tác vụ sử dụng khác nhau, độ sáng màn hình, âm lượng mà thời gian sử dụng có thể thay đổi. Sạc MagSafe cũng được cải thiện, cho phép sạc nhanh không dây lên đến 50% chỉ trong khoảng 30 phút với công suất tối đa 25W khi dùng bộ sạc 30W trở lên. iPhone 16 Pro có mấy màu? Màu nào đẹp nhất?  Thế hệ điện thoại iPhone 16 Pro mới có tất cả 4 phiên bản màu là: Titan Sa Mạc, Titan Tự Nhiên, Titan Trắng và Titan Đen. Trong đó có ba màu tên gọi cũ là\xa0Titan Tự Nhiên, Titan Trắng và Titan Đen nhưng sắc độ có một chút thay đổi so'
 'thể của thiết bị. iPhone 16 thường 128GB có mấy màu? Màu nào hot? iPhone 16 thường có 5 phiên bản màu lần lượt là Xanh Lưu Ly, Xanh Mòng Két, Hồng, Trắng và Đen. Tuy tổng số màu không đổi so với thế hệ trước như màu sắc lại có sự thay đổi đáng kể. Cụ thể chỉ có duy nhất màu đen là được giữ lại và sự quay trở lại của màu trắng thì iPhone 16 bản tiêu chuẩn này có ba phiên bản màu mới. Cùng với đó, hiện nay một mẫu điện thoại đang sở hữu nhiều ưu điểm tốt như\xa0iPhone 16 Plus hiện cũng đang được quan tâm nhiều trong giai đoạn này, cùng khám phá chi tiết để không bỏ lỡ cơ hội sở hữu']","iPhone 16 Pro có 4 màu sắc:
- Titan Sa Mạc (màu mới)
- Titan Tự Nhiên
- Titan Trắng
- Titan Đen

Màu Titan Sa Mạc là phiên bản mới thay thế cho Titan Xanh. Đây cũng là màu sắc dự kiến hot nhất trong 4 phiên bản màu năm nay.","iPhone 16 Pro có các màu: Titan Sa Mạc, Titan Trắng, Titan Tự Nhiên, Titan Đen.",0.99999999995,,1.0,0.8067330943215106
Thông số kỹ thuật nổi bật của iPhone 16 Pro là gì?,"['Apple) iPhone 16 Pro sử dụng chip Apple A18 Pro với CPU cấu trúc 6 lõi, gồm 2 lõi hiệu năng cao và 4 lõi tiết kiệm điện, mang đến hiệu suất đầy mạnh mẽ. Kết hợp với GPU 6 lõi, sản phẩm đáp ứng tốt các tác vụ đồ họa, chơi game và xử lý đa nhiệm một cách mượt mà. RAM cao cùng bộ nhớ trong 512GB giúp người dùng thoải mái lưu trữ dữ liệu, ứng dụng và các tập tin quan trọng.  Màn hình 6.3 inch 2622 x 1206 pixels, thiết kế viền titan sang trọng  Màn hình Super Retina XDR OLED 6.3 inch của iPhone 16 Pro 512GB mang lại trải nghiệm hình ảnh chân thực và sắc nét với độ phân giải 2622 x 1206 pixels. Thiết kế Dynamic Island cùng khả năng hiển thị HDR giúp tối ưu hóa nội'
 '**Giới thiệu sản phẩm:** Đặc điểm nổi bật của iPhone 16 Pro 128GB | Chính hãng VN/A\n   iPhone 16 Pro chính là thế hệ điện thoại tiếp theo được Apple cho ra mắt vào tháng 9/2024. Với những thay đổi đầy vượt bậc như: camera của chiếc iPhone 16 bản Pro có độ phân giải 48MP, camera Ultra Wide 48MP, camera Telephoto 5x 12MP, dung lượng bộ nhớ trong 128GB và chipset A18 Pro mạnh mẽ. Tất cả những điều trên biến chiếc điện thoại iPhone 16 trở thành một siêu phẩm công nghệ mới.  Nội dung chính  \n        1. Mua iPhone 16 Pro ưu đãi khủng tại CellphoneS\n      \n        2. So sánh thông số iPhone 16 Pro và iPhone 15 Pro chi tiết\n      \n        3. Đánh giá iPhone 16 Pro: sức mạnh khủng, thiết kế đẳng cấp'
 'Điện thoại iPhone 16 Pro (128GB, 256GB, 512GB, 1TB)\xa0là một trong những siêu phẩm đáng gờm của series iPhone 16 được nhà Táo mang đến người dùng. Hãy cùng CellphoneS đánh giá iP 16 Pro có gì mới qua các nội dung chính sau: Nút Điều Khiển Camera mới, tối ưu trải nghiệm quay chụp Tích hợp Apple Intelligence Camera 48MP nâng cấp, quay video 4K\xa0lên đến 120fps Camera Ultra Wide 48MP, chụp ảnh cận cảnh sắc nét Quay video với Âm thanh Không gian và hậu kỳ với Hoà Âm Chipset A18 Pro mạnh mẽ bậc nhất Tăng thời lượng pin, sử dụng liên tục đến 27 giờ Chi tiết như sau: Nút Điều Khiển Camera mới, tối ưu trải nghiệm quay chụp Nút Điều Khiển Camera\xa0(Camera Control) là một thiết kế mới trên thế hệ smartphone iPhone 16 Pro.']","iPhone 16 Pro nổi bật với các thông số kỹ thuật sau:

- Chip Apple A18 Pro với CPU 6 lõi (2 lõi hiệu năng cao và 4 lõi tiết kiệm điện)
- GPU 6 lõi, đáp ứng tốt cho đồ họa, chơi game và xử lý đa nhiệm
- RAM cao cùng bộ nhớ trong 512GB
- Màn hình 6.3 inch với độ phân giải 2622 x 1206 pixels, mang lại trải nghiệm hình ảnh chân thực và sắc nét
- Tích hợp Apple Intelligence Camera 48MP nâng cấp cho quay video 4K lên đến 120fps
- Camera Ultra Wide 48MP với khả năng chụp cận cảnh sắc nét
- Chipset A18 Pro mạnh mẽ bậc nhất, tăng thời lượng pin và sử dụng liên tục đến 27 giờ

Thông số này giúp iPhone 16 Pro trở thành một sản phẩm công nghệ hoàn hảo cho người dùng.","iPhone 16 Pro được trang bị chipset Apple A18 Pro, camera chính 48MP, camera góc siêu rộng 48MP, camera Telephoto 12MP, bộ nhớ trong 128GB và màn hình Super Retina XDR OLED 6.3 inches.",0.9999999999666667,,0.875,0.8181974310774701
Điện thoại TECNO Camon 40 Pro có giá bao nhiêu?,"['Với sự xuất hiện trên các nền tảng chứng nhận như FCC, TUV Rheinland và Geekbench, Camon 40 Pro dường như đã sẵn sàng để trình làng. Qua đó, hứa hẹn sẽ mang đến một cú hích lớn cho phân khúc smartphone tầm trung.\n\nĐiện thoại TECNO Camon 40 Pro có giá bao nhiêu?\n\nGiá của điện thoại Tecno Camon 40 Pro\xa0tại thị trường chính hãng Việt Nam chỉ từ 6.99 triệu đồng. Tuy nhiên khi mua hàng tại các hệ thống bán lẻ chính hãng như CellphoneS với các chương trình khuyến mãi kèm theo, sản phẩm sẽ được giảm giá đáng kể.\xa0\n\nChi tiết giá\xa0TECNO Camon 40 Pro được bán tại CellphoneS vào tháng 10/2025 như sau:\n\nTên sản phẩm\n\n\t\n\nGiá bán\n\n\t\n\nGiá thu cũ lên đời\n\nTECNO CAMON 40 Pro 8GB 256GB'
 'Bên cạnh đó, CAMON 40 sẽ mang đến bốn tùy chọn màu sắc hiện đại và cuốn hút: Đen, Trắng và hai phiên bản xanh bắt mắt. Mỗi màu sắc không chỉ phản ánh phong cách cá nhân mà còn góp phần tăng thêm vẻ đẹp thời thượng cho sản phẩm.\n\nGiá bán của điện thoại TECNO CAMON 40 bao nhiêu?\n\nLà sản phẩm giá rẻ tầm trung, điện thoại\xa0TECNO CAMON 40 sẽ được lên kệ với mức giá từ 5 - 7 triệu đồng, tùy vào từng phiên bản cấu hình khác nhau.\xa0Đây là một mức giá cực kỳ hấp dẫn, mang lại giá trị vượt trội so với những gì mà chiếc điện thoại này sở hữu.'
 'Chi tiết giá\xa0TECNO Camon 40 Pro được bán tại CellphoneS vào tháng 10/2025 như sau:\n\nTên sản phẩm\n\n\t\n\nGiá bán\n\n\t\n\nGiá thu cũ lên đời\n\nTECNO CAMON 40 Pro 8GB 256GB\n\n\t\n\n5.670.000đ\n\n\t\n\n5.170.000đ\n\nVới mức giá này, Camon 40 Pro không chỉ đáp ứng được nhu cầu của người dùng về mặt hiệu năng mà còn mang lại giá trị cao so với những sản phẩm khác trong cùng tầm giá. Đây hứa hẹn sẽ là một lựa chọn hấp dẫn cho người tiêu dùng Việt Nam.\n\nMua ngay điện thoại Tecno Camon 40 Pro chính hãng tại CellphoneS']","Điện thoại TECNO Camon 40 Pro có giá từ 5.670.000đ đến 5.170.000đ tại CellphoneS, tùy thuộc vào phiên bản cấu hình. Giá bán chính hãng chỉ từ 6.99 triệu đồng, với các chương trình khuyến mãi giảm giá đáng kể khi mua hàng tại hệ thống bán lẻ chính hãng.",Giá của điện thoại TECNO Camon 40 Pro là 5.670.000đ.,0.9999999999666667,,0.6666666666666666,0.8153196709433076
Điện thoại TECNO Camon 40 Pro có những màu sắc nào?,"['Bên cạnh đó, CAMON 40 sẽ mang đến bốn tùy chọn màu sắc hiện đại và cuốn hút: Đen, Trắng và hai phiên bản xanh bắt mắt. Mỗi màu sắc không chỉ phản ánh phong cách cá nhân mà còn góp phần tăng thêm vẻ đẹp thời thượng cho sản phẩm.\n\nGiá bán của điện thoại TECNO CAMON 40 bao nhiêu?\n\nLà sản phẩm giá rẻ tầm trung, điện thoại\xa0TECNO CAMON 40 sẽ được lên kệ với mức giá từ 5 - 7 triệu đồng, tùy vào từng phiên bản cấu hình khác nhau.\xa0Đây là một mức giá cực kỳ hấp dẫn, mang lại giá trị vượt trội so với những gì mà chiếc điện thoại này sở hữu.'
 'Bên cạnh đó, điện thoại còn được trang bị màn hình lớn với chất lượng hiển thị sắc nét. Màn hình này còn có độ sáng cao, khả năng tái tạo màu sắc trung thực, và độ phân giải đủ cao để hiển thị từng chi tiết nhỏ một cách sống động.\n\nĐiện thoại TECNO Camon 40 Pro khi nào ra mắt?\n\nTECNO Camon 40 Pro đã chính thức được Tecno giới thiệu trên thị trường quốc tế tại sự kiện\xa0MWC 2025. Tuy nhiên phải đến ngày 10/4/2025, sản phẩm chính hãng với được\xa0Tecno cho ra mắt tại thị trương Việt. Tại sự kiện này, ngoài 40 Pro thì hãng cũng giới thiệu đến người dùng phiên bản\xa0CAMON 40.'
 'Bên cạnh đó là màn hình AMOLED\xa06.78 inch với độ phân giải FHD+ và tần số quét 120Hz mang đến trải nghiệm hiển thị tuyệt vời. ông nghệ giảm ánh sáng xanh TÜV Rheinland bảo vệ đôi mắt, mang đến sự thoải mái khi sử dụng trong thời gian dài.\n\nĐiện thoại TECNO CAMON 40 sẽ ra mắt khi nào?\n\nTECNO CAMON 40 chính thức được trình làng vào sự kiện\xa0MWC 2025 diễn ra đầu tháng 3 năm 2025. Tại sự kiện này, ngoài\xa0TECNO CAMON 40 thì Tecno còn giới thiệu thêm 3 phiên bản khác là\xa0Pro, Pro 5G và Premier 5G.']","Các màu sắc hiện đại và cuốn hút của TECNO Camon 40 Pro bao gồm Đen, Trắng và hai phiên bản xanh.","Điện thoại TECNO Camon 40 Pro có các màu: Xanh, Trắng, Đen.",0.9999999999,1.0,1.0,0.756877778942489
Điện thoại TECNO Camon 40 Pro phù hợp với ai?,"['Tần số quét 120Hz\n\nĐiện thoại TECNO Camon 40 Pro – Thiết kế thời thượng, cấu hình mạnh mẽ\n\nĐiện thoại TECNO Camon 40 Pr o hứa hẹn sẽ là một đối thủ đáng gờm trong phân khúc tầm trung với thiết kế hiện đại, cụm camera ấn tượng. Ngoài ra, hiệu năng ấn tượng và viên pin dung lượng lớn, người dùng có thể thoải mái sử dụng cả ngày dài.\n\nMạnh mẽ trong phân khúc tầm trung'
 'Nội dung chính\n\n1. Vì sao nên mua điện thoại\xa0TECNO Camon 40 Pro\n2. So sánh điện thoại\xa0TECNO Camon 40 Pro với\xa0TECNO Camon 30 Pro chi tiết\n3. Điện thoại TECNO Camon 40 Pro – Thiết kế thời thượng, cấu hình mạnh mẽ\n3.1. Mạnh mẽ trong phân khúc tầm trung\n3.2. Camera\xa0siêu đêm 50MP\xa0Sony LYT-700C\n3.3. Sử dụng cả ngày dài với viên pin lớn cùng sạc nhanh 45W\n4. Điện thoại TECNO Camon 40 Pro khi nào ra mắt?\n5. Điện thoại TECNO Camon 40 Pro có giá bao nhiêu?\n6. Mua ngay điện thoại Tecno Camon 40 Pro chính hãng tại CellphoneS\nVì sao nên mua điện thoại\xa0TECNO Camon 40 Pro\n\nĐiện thoại\xa0TECNO Camon 40 Pro sở hữu nhiều tính năng nổi bật là một sản phẩm chất lượng đáng để trải nghiệm như:'
 'Điện thoại\xa0CAMON 40 là mẫu smartphone thông minh sở hữu nhiều tính năng đặc biệt mà giá thành tương đối phải chăng, một số điểm nổi bật trên sản phẩm phải kể đến như:\n\nTecno AI: Hỗ trợ xóa vật thể ảnh, tím kiếm và dịch thuật viết tiện lợi\n\nTản nhiệt E-Sports pro cùng cấu hình mạnh: Tối ưu cho trải nghiệm sử dụng, đặc biệt là giải trí\n\nPin 5200 mAh cùng sạc nhanh 45W: Cung cấp năng lượng bền bỉ cùng khả năng bổ sung nhanh\n\nKháng nước và bụi chuẩn IP66: Sử dụng bền bỉ dưới nhiều điều điện thời tiết\n\nSo sánh chi tiết\xa0TECNO CAMON 40 với\xa0TECNO CAMON 30']","Điện thoại TECNO Camon 40 Pro phù hợp với nhiều đối tượng khác nhau:

- Đối với những người yêu thích thiết kế hiện đại và thời trang.
- Những người dùng thường xuyên chơi game hoặc giải trí trực tuyến, cần viên pin lớn để sử dụng lâu dài.
- Người dùng muốn sở hữu một điện thoại thông minh giá cả phải chăng nhưng vẫn có nhiều tính năng nổi bật.

Đây là sản phẩm phù hợp cho mọi đối tượng, từ học sinh, sinh viên đến những người làm việc văn phòng hoặc công nghệ.","Điện thoại TECNO Camon 40 Pro phù hợp với những người cần một chiếc smartphone đa năng, hiệu suất ổn định, đặc biệt là những tín đồ yêu thích chụp ảnh với camera chất lượng cao.",0.9999999999666667,1.0,1.0,0.7236641435006704
ZTE Blade V50 Design có giá bao nhiêu?,"['ZTE V50 có giá bán bao nhiêu?\n\nChiếc máy này có giá bán là 210 Euro (khoảng 5,6 triệu đồng) tại các thị trường châu Âu. Sản phẩm được bán ra với ba màu sắc khác nhau là Sky Blue, Starry Grey và Grey Matt.\n\nĐây là mức giá khá cạnh tranh so với các sản phẩm smartphone tầm trung khác trên thị trường. Ở phân khúc này, OPPO A96 và Realme 9 Pro là những đối thủ đáng gờm trong cùng phân khúc. Tuy nhiên, ZTE V50 vẫn nhỉnh hơn rất nhiều.\n\nMua ngay ZTE V50 chính hãng tại CellphoneS'
 '**Tên sán phẩm:** ZTE Blade V50 Design 8GB 256GB\n\n**Giá sản phẩm:** 2.990.000đ\n\n**Các màu của sản phẩm:** Đen, Tím, Xanh lá\n\n**Thông số sản phẩm:** Pin: 5000 mAh\n\nChipset: Unisoc T606（UMS9230）\n\nThẻ SIM: 2 SIM (Nano-SIM)\n\nCamera sau: 50MP, ƒ/1.8, AF\n2M, ƒ/2.4, FF\n2Mp, ƒ/2.4\n\nLoại CPU: 2*Cortex-A75 @ 1.6GHz + 6*Cortex-A55 @1.6GHz\n\nCamera trước: 8MP, f/2.0\n\nBộ nhớ trong: 256 GB\n\nCông nghệ NFC: Không\n\nDung lượng RAM: 8GB + Mở rộng 10GB\n\nHệ điều hành: Android 13\n\nTính năng màn hình: 16.7 triệu màu\nTần số quét 90Hz\n\nCông nghệ màn hình: IPS LCD\n\nKích thước màn hình: 6.6 inches\n\nĐộ phân giải màn hình: 1080 x 2408 pixels\n\n**Giới thiệu sản phẩm:** Đặc điểm nổi bật của ZTE Blade V50 Design 8GB 256GB'
 '**Tên sán phẩm:** ZTE Blade V50 Design 8GB 128GB\n\n**Giá sản phẩm:** 2.790.000đ\n\n**Các màu của sản phẩm:** Tím, Xanh lá, Đen\n\n**Thông số sản phẩm:** Pin: 5000 mAh\n\nChipset: Unisoc T606（UMS9230）\n\nThẻ SIM: 2 SIM (Nano-SIM)\n\nCamera sau: 50MP, ƒ/1.8, AF\n2M, ƒ/2.4, FF\n2Mp, ƒ/2.4\n\nLoại CPU: 2*Cortex-A75 @ 1.6GHz + 6*Cortex-A55 @1.6GHz\n\nCamera trước: 8MP, f/2.0\n\nBộ nhớ trong: 128 GB\n\nCông nghệ NFC: Không\n\nDung lượng RAM: 8GB + Mở rộng 10GB\n\nHệ điều hành: Android 13\n\nTính năng màn hình: 16.7 triệu màu\nTần số quét 90Hz\n\nCông nghệ màn hình: IPS LCD\n\nKích thước màn hình: 6.6 inches\n\nĐộ phân giải màn hình: 1080 x 2408 pixels\n\n**Giới thiệu sản phẩm:** Đặc điểm nổi bật của ZTE Blade V50 Design 8GB 128GB']",ZTE Blade V50 Design có giá bán là 2.990.000đ tại CellphoneS.,ZTE Blade V50 Design có giá 2.790.000đ.,0.5833333333041666,,1.0,0.7816737815394057
ZTE Blade V50 Design có những màu sắc nào?,"['**Tên sán phẩm:** ZTE Blade V50 Design 8GB 256GB\n\n**Giá sản phẩm:** 2.990.000đ\n\n**Các màu của sản phẩm:** Đen, Tím, Xanh lá\n\n**Thông số sản phẩm:** Pin: 5000 mAh\n\nChipset: Unisoc T606（UMS9230）\n\nThẻ SIM: 2 SIM (Nano-SIM)\n\nCamera sau: 50MP, ƒ/1.8, AF\n2M, ƒ/2.4, FF\n2Mp, ƒ/2.4\n\nLoại CPU: 2*Cortex-A75 @ 1.6GHz + 6*Cortex-A55 @1.6GHz\n\nCamera trước: 8MP, f/2.0\n\nBộ nhớ trong: 256 GB\n\nCông nghệ NFC: Không\n\nDung lượng RAM: 8GB + Mở rộng 10GB\n\nHệ điều hành: Android 13\n\nTính năng màn hình: 16.7 triệu màu\nTần số quét 90Hz\n\nCông nghệ màn hình: IPS LCD\n\nKích thước màn hình: 6.6 inches\n\nĐộ phân giải màn hình: 1080 x 2408 pixels\n\n**Giới thiệu sản phẩm:** Đặc điểm nổi bật của ZTE Blade V50 Design 8GB 256GB'
 '**Tên sán phẩm:** ZTE Blade V50 Design 8GB 128GB\n\n**Giá sản phẩm:** 2.790.000đ\n\n**Các màu của sản phẩm:** Tím, Xanh lá, Đen\n\n**Thông số sản phẩm:** Pin: 5000 mAh\n\nChipset: Unisoc T606（UMS9230）\n\nThẻ SIM: 2 SIM (Nano-SIM)\n\nCamera sau: 50MP, ƒ/1.8, AF\n2M, ƒ/2.4, FF\n2Mp, ƒ/2.4\n\nLoại CPU: 2*Cortex-A75 @ 1.6GHz + 6*Cortex-A55 @1.6GHz\n\nCamera trước: 8MP, f/2.0\n\nBộ nhớ trong: 128 GB\n\nCông nghệ NFC: Không\n\nDung lượng RAM: 8GB + Mở rộng 10GB\n\nHệ điều hành: Android 13\n\nTính năng màn hình: 16.7 triệu màu\nTần số quét 90Hz\n\nCông nghệ màn hình: IPS LCD\n\nKích thước màn hình: 6.6 inches\n\nĐộ phân giải màn hình: 1080 x 2408 pixels\n\n**Giới thiệu sản phẩm:** Đặc điểm nổi bật của ZTE Blade V50 Design 8GB 128GB'
 'ZTE V50 có giá bán bao nhiêu?\n\nChiếc máy này có giá bán là 210 Euro (khoảng 5,6 triệu đồng) tại các thị trường châu Âu. Sản phẩm được bán ra với ba màu sắc khác nhau là Sky Blue, Starry Grey và Grey Matt.\n\nĐây là mức giá khá cạnh tranh so với các sản phẩm smartphone tầm trung khác trên thị trường. Ở phân khúc này, OPPO A96 và Realme 9 Pro là những đối thủ đáng gờm trong cùng phân khúc. Tuy nhiên, ZTE V50 vẫn nhỉnh hơn rất nhiều.\n\nMua ngay ZTE V50 chính hãng tại CellphoneS']","ZTE Blade V50 Design có 3 màu sắc khác nhau là Đen, Tím và Xanh lá.","ZTE Blade V50 Design có các màu Tím, Xanh lá và Đen.",0.99999999995,,1.0,0.7992635301194911
Thông số kỹ thuật nổi bật của ZTE Blade V50 Design là gì?,"['**Tên sán phẩm:** ZTE Blade V50 Design 8GB 256GB\n\n**Giá sản phẩm:** 2.990.000đ\n\n**Các màu của sản phẩm:** Đen, Tím, Xanh lá\n\n**Thông số sản phẩm:** Pin: 5000 mAh\n\nChipset: Unisoc T606（UMS9230）\n\nThẻ SIM: 2 SIM (Nano-SIM)\n\nCamera sau: 50MP, ƒ/1.8, AF\n2M, ƒ/2.4, FF\n2Mp, ƒ/2.4\n\nLoại CPU: 2*Cortex-A75 @ 1.6GHz + 6*Cortex-A55 @1.6GHz\n\nCamera trước: 8MP, f/2.0\n\nBộ nhớ trong: 256 GB\n\nCông nghệ NFC: Không\n\nDung lượng RAM: 8GB + Mở rộng 10GB\n\nHệ điều hành: Android 13\n\nTính năng màn hình: 16.7 triệu màu\nTần số quét 90Hz\n\nCông nghệ màn hình: IPS LCD\n\nKích thước màn hình: 6.6 inches\n\nĐộ phân giải màn hình: 1080 x 2408 pixels\n\n**Giới thiệu sản phẩm:** Đặc điểm nổi bật của ZTE Blade V50 Design 8GB 256GB'
 'Kích thước màn hình: 6.6 inches\n\nĐộ phân giải màn hình: 1080 x 2408 pixels\n\n**Giới thiệu sản phẩm:** Đặc điểm nổi bật của ZTE Blade V50 Design 8GB 128GB\n\nZTE V50\xa0là một chiếc smartphone tầm trung ấn tượng được thiết kế với màn hình IPS LCD kích thước 6.6 inch Full HD+. Bên trong, máy được trang bị chipset UNISOC Tangula T760 8 nhân, kết hợp với RAM 8GB và bộ nhớ trong 256GB, mang đến hiệu suất mạnh mẽ. Ngoài ra, viên pin dung lượng 5000mAh và hỗ trợ sạc nhanh 22.5W, giúp người dùng sử dụng thoải mái suốt cả ngày mà không cần lo lắng về việc sạc lại.\n\nNội dung chính'
 'Kích thước màn hình: 6.6 inches\n\nĐộ phân giải màn hình: 1080 x 2408 pixels\n\n**Giới thiệu sản phẩm:** Đặc điểm nổi bật của ZTE Blade V50 Design 8GB 256GB\n\nPhiên bản\xa0ZTE Blade V50 265 gb sở hữu bộ nhớ khủng đi kèm nhiều tính năng vượt trội. Ngoài ra, nếu có nhu cầu tìm kiếm dòng điện thoại V50 này những phiên bản thấp hơn thì CellphoneS vẫn đang phân phối trực tiếp dòng điện thoại\xa0ZTE Blade V50 128GB chính hãng đi kèm nhiều ưu đãi cực khủng. Cùng tham khảo thêm nếu có nhu cầu ngay nhé!']","ZTE Blade V50 Design nổi bật với các thông số kỹ thuật sau:

- Kích thước màn hình: 6.6 inches (Full HD+)
- Độ phân giải màn hình: 1080 x 2408 pixels
- Bộ nhớ trong: 256 GB
- RAM: 8GB + mở rộng 10GB

Các thông số này cho thấy máy có cấu hình mạnh mẽ và dung lượng lưu trữ lớn, phù hợp với nhu cầu sử dụng hiện đại.","ZTE Blade V50 Design có pin 5000 mAh, chipset Unisoc T606, camera sau 50MP, camera trước 8MP, RAM 8GB, bộ nhớ trong 128GB, màn hình 6.6 inches với độ phân giải 1080 x 2408 pixels.",0.99999999995,0.8571428571428571,1.0,0.8237707182302092
Điện thoại Sony Xperia 1 VII có giá bao nhiêu?,"['Điện thoại Sony Xperia 1 VII giá bán bao nhiêu tiền?\n\nSony Xperia 1 VII chính thức mở bán với mức giá đề xuất khoảng 1.499 EUR, tương đương gần 43,1 triệu đồng. Tuy nhiên, mức giá bán tại Việt Nam có thể dao động tùy theo chính sách của các đại lý phân phối.\xa0\n\nĐây là mẫu dòng máy cao cấp nhất từ nhà Sony nên hướng đến nhóm người dùng đam mê công nghệ. Ở mức giá này, Sony Xperia 1 mark 7 là lựa chọn đáng cân nhắc cho ai muốn sử dụng dòng máy có hiệu năng mạnh và camera chuyên nghiệp.\n\nĐiện thoại Sony Xperia 1 VII khi nào ra mắt?'
 'Điện thoại Sony Xperia 1 VI giá bao nhiêu?\n\nĐiện thoại Sony Xperia 1 VI chính hãng có giá từ 32.990.000đ\xa0tại CellphoneS. Đồng thời nếu tham gia thu cũ lên đời, khách hàng còn được giảm thêm đến 300.000đ khi thu cũ lên đời, cùng nhiều quà tặng hấp dẫn.\xa0\n\nHiện tại, giá của điện thoại Sony Xperia 1 VI có thể khác nhau tùy vào thị trường và nơi bán hàng. Tuy nhiên, thông thường, Xperia 1VI được định giá ở phân khúc cao cấp, phù hợp với các tính năng và công nghệ hàng đầu mà nó mang lại như màn hình OLED FHD+, chipset Snapdragon 8 Gen 3, RAM 12GB, và bộ nhớ trong 256GB.\n\nĐiện thoại Sony Xperia 1 VI khi nào ra mắt?'
 'RAM\n\n\t\n\n12GB\n\n\t\n\n12GB\n\n\n\n\nBộ nhớ trong\n\n\t\n\n256GB (Hỗ trợ thẻ nhớ mở rộng 2TB)\n\n\t\n\n256GB\xa0(Hỗ trợ thẻ nhớ mở rộng 1.5TB)\n\n\n\n\nPin\n\n\t\n\n5000 mAh\n\n\t\n\n5000 mAh\n\nNhư vậy, so với thế hệ tiền nhiệm thì\xa0Sony Xperia 1 VII\xa0được trang bị con chip mới hơn, camera độ phân giải cao hơn, màn hình thông minh hơn. Do đó nếu đang phân phân giữa việc mua\xa0Sony Xperia 1 VI hay nâng cấp lên\xa0Sony Xperia 1 VII thì\xa0Xperia 1 VII là lựa chọn đáng cân nhắc.\n\nĐiện thoại Sony Xperia 1 VII giá bán bao nhiêu tiền?']","Sony Xperia 1 VII có giá khoảng 1.499 EUR (tương đương gần 43,1 triệu đồng) tại Việt Nam. Tuy nhiên, mức giá có thể dao động tùy theo chính sách của các đại lý phân phối.",Điện thoại Sony Xperia 1 VII có giá 33.490.000đ.,0.9999999999,,1.0,0.0
Sony Xperia 1 VII phù hợp với ai?,"['Thiết kế sang trọng, chuẩn chống nước\n\nĐiện thoại Sony Xperia 1 VII được thiết kế sang trọng với khung viền cứng cáp và mặt lưng kính mờ chống bám vân tay. Cụm camera được thiết kế lồi nổi bật, đậm chất chuyên nghiệp mang dấu ấn riêng của dòng Xperia cao cấp. Máy hỗ trợ chuẩn chống nước IPX5/IPX8 và chống bụi IP6X để yên tâm sử dụng trong nhiều điều kiện môi trường.\xa0\n\nXperia 1 VII được ra mắt với ba phiên bản màu sắc độc đáo gồm Đen chì, Xanh rêu và Tím hoa lan. Máy được phủ kính Gorilla Glass Victus 2 ở cả hai mặt trước và sau, giúp tăng khả năng chống trầy xước.'
 'Nội dung chính\n\n1. Vì sao nên mua\xa0Sony Xperia 1 VII sử dụng?\n2. Điện thoại Sony Xperia 1 VII - Hiệu năng mạnh, thiết kế đẹp\n2.1. Hiệu năng mạnh với chip Snapdragon 8 Elite\n2.2. Sở hữu 3 camera sau, bắt trọn mọi khoảnh khắc\n2.3. Thời lượng pin 5000mAh, hỗ trợ sạc nhanh không dây Qi\n2.4. Màn hình 6.5 inch OLED FHD+ với tần số quét 120 Hz\n2.5. Thiết kế sang trọng, chuẩn chống nước\n3. So sánh\xa0Sony Xperia 1 VII với\xa0Sony Xperia 1 VI - Có gì khác biệt\n4. Điện thoại Sony Xperia 1 VII giá bán bao nhiêu tiền?\n5. Điện thoại Sony Xperia 1 VII khi nào ra mắt?\n6. Mua điện thoại Sony Xperia 1 VII chính hãng, giá ưu đãi tại CellphoneS\nVì sao nên mua\xa0Sony Xperia 1 VII sử dụng?'
 'Nếu so với thế hệ đời trước,\xa0Sony Xperia 1 VII có nhiều nâng cấp đáng giá để lựa chọn thì so với các đổi thủ khác trong cùng phần khúc, lý do gì để chọn\xa0Sony Xperia 1 mark 7, hãy cùng tìm hiểu sau đây:\n\nCamera siêu rộng cùng sự hỗ trợ của AI: Mang lại khả năng chụp ảnh chất lượng trong nhiều điều kiện ánh sáng\n\nPin\xa05.000\u202fmAh bền bỉ: Cho thời gian sử dụng đến 2 ngày\n\nÂm thanh chuẩn\xa0Hi‑Res Audio: cho trải nghiệm âm thanh sống động\n\nMàn hình 120\u202fHz, công nghệ\xa0BRAVIA: Hiển thị tốt hơn\n\nĐiện thoại Sony Xperia 1 VII - Hiệu năng mạnh, thiết kế đẹp']","Sony Xperia 1 VII phù hợp với những người yêu thích sự sang trọng và chuyên nghiệp trong thiết kế. Nó có khả năng chụp ảnh chất lượng cao nhờ camera sau 3 module, thời lượng pin lâu dài cho trải nghiệm thoải mái, và màn hình 6.5 inch với tần số quét 120Hz cho trải nghiệm hiển thị sống động.","Sony Xperia 1 VII là lựa chọn lý tưởng cho những tín đồ công nghệ, nhà sáng tạo nội dung và người dùng chuyên nghiệp.",0.9999999999666667,,1.0,0.5773225756539718
Thông số kỹ thuật nổi bật của Sony Xperia 1 VII là gì?,"['Nội dung chính\n\n1. Vì sao nên mua\xa0Sony Xperia 1 VII sử dụng?\n2. Điện thoại Sony Xperia 1 VII - Hiệu năng mạnh, thiết kế đẹp\n2.1. Hiệu năng mạnh với chip Snapdragon 8 Elite\n2.2. Sở hữu 3 camera sau, bắt trọn mọi khoảnh khắc\n2.3. Thời lượng pin 5000mAh, hỗ trợ sạc nhanh không dây Qi\n2.4. Màn hình 6.5 inch OLED FHD+ với tần số quét 120 Hz\n2.5. Thiết kế sang trọng, chuẩn chống nước\n3. So sánh\xa0Sony Xperia 1 VII với\xa0Sony Xperia 1 VI - Có gì khác biệt\n4. Điện thoại Sony Xperia 1 VII giá bán bao nhiêu tiền?\n5. Điện thoại Sony Xperia 1 VII khi nào ra mắt?\n6. Mua điện thoại Sony Xperia 1 VII chính hãng, giá ưu đãi tại CellphoneS\nVì sao nên mua\xa0Sony Xperia 1 VII sử dụng?'
 'Thiết kế sang trọng, chuẩn chống nước\n\nĐiện thoại Sony Xperia 1 VII được thiết kế sang trọng với khung viền cứng cáp và mặt lưng kính mờ chống bám vân tay. Cụm camera được thiết kế lồi nổi bật, đậm chất chuyên nghiệp mang dấu ấn riêng của dòng Xperia cao cấp. Máy hỗ trợ chuẩn chống nước IPX5/IPX8 và chống bụi IP6X để yên tâm sử dụng trong nhiều điều kiện môi trường.\xa0\n\nXperia 1 VII được ra mắt với ba phiên bản màu sắc độc đáo gồm Đen chì, Xanh rêu và Tím hoa lan. Máy được phủ kính Gorilla Glass Victus 2 ở cả hai mặt trước và sau, giúp tăng khả năng chống trầy xước.'
 'Kích thước màn hình: 6.5 inches\n\nĐộ phân giải màn hình: 1080 x 2340 pixels (FullHD+)\n\n**Giới thiệu sản phẩm:** Đặc điểm nổi bật của Sony Xperia 1 VII 12GB 256GB\n\nĐiện thoại Sony Xperia 1 VII sở hữu hiệu năng mạnh mẽ với chip Snapdragon 8 Elite, RAM 12GB và bộ nhớ trong 256GB mang đến trải nghiệm sử dụng mượt mà. Máy trang bị màn hình OLED FHD+ HDR kích thước 6.5 inch cùng tần số quét 120Hz. Hệ thống camera sau gồm 3 ống kính độ phân giải 52MP, 12MP và 50MP kết hợp cùng camera selfie 12MP.\xa0\n\nNội dung chính']","Sony Xperia 1 VII nổi bật với:

- Thiết kế sang trọng và chuẩn chống nước IPX5/IPX8
- Màn hình 6.5 inch OLED FHD+ với tần số quét 120Hz
- Chip Snapdragon 8 Elite, RAM 12GB, bộ nhớ trong 256GB
- Camera sau gồm 3 ống kính độ phân giải 52MP, 12MP và 50MP

Thông tin này giúp bạn có cái nhìn tổng quan về sản phẩm.","Sony Xperia 1 VII có pin 5.000 mAh, chip Snapdragon® 8 Elite, RAM 12GB, bộ nhớ trong 256GB, màn hình OLED 6.5 inch với độ phân giải 1080 x 2340 pixels và hệ thống camera sau gồm 52MP, 12MP và 50MP.",0.8333333332916666,1.0,1.0,0.7836774961104412
Điện thoại OPPO Reno12 5G có giá bao nhiêu?,"['Điện thoại OPPO Reno12 5G giá bao nhiêu?\n\nTại thị trường Trung Quốc, OPPO Reno12 5G được cho là sẽ có mức giá bán từ 2699NDT (khoảng 9,5 triệu đồng) cho bản 12GB + 256GB , duy trì sự cạnh tranh như phiên bản trước đó là Reno11 5G. Với mức giá này, sản phẩm dễ dàng tiếp cận được nhiều phân khúc người dùng, từ những người dùng phổ thông đến những người yêu công nghệ.'
 'Điện thoại OPPO Reno12 F 5G giá bao nhiêu?\n\nĐiện thoại sẽ ra mắt tại thị trường Việt Nam với mức giá khởi điểm chỉ khoảng hơn 9 triệu đồng. Đây là một mức giá hợp lý khi xem xét về các nâng cấp và cải tiến về thiết kế và hiệu năng mà thiết bị mang lại.-\n\nVới mức giá này sẽ cho thấy giá trị của sản phẩm sẽ tương ứng với các tính năng khác nhau mà điện thoại đem lại cho khách hàng trong quá trình sử dụng.\n\nMua điện thoại OPPO Reno12 F 5G chính hãng, uy tín tại CellphoneS'
 'Các video và poster quảng bá đã được tung ra, tạo nên sự háo hức và chờ đợi từ phía người dùng với ấn phẩm smartphone cao cấp này của nhà OPPO. Với những tính năng nổi bật và thiết kế tinh tế, OPPO Reno12 5G hứa hẹn sẽ là một lựa chọn hấp dẫn trên thị trường smartphone.\n\nĐiện thoại OPPO Reno12 5G giá bao nhiêu?']",Điện thoại OPPO Reno12 5G có giá khoảng 9 triệu đồng tại thị trường Việt Nam. Đây là mức giá hợp lý với các nâng cấp và cải tiến về thiết kế và hiệu năng mà sản phẩm này mang lại.,Điện thoại OPPO Reno12 5G có giá 8.390.000đ.,0.3333333333,1.0,0.5,0.8281302307398525
OPPO Reno12 5G có những màu sắc nào?,"['Màu sắc bắt mắt, mới lạ trong phân khúc giá\xa0\n\nMột điểm nhấn khác về thiết kế cũng khá ấn tượng của OPPO Reno12 5G là sự đa dạng và độc đáo về màu sắc, giúp thế hệ smartphone này trở nên nổi bật hơn. Các tùy chọn màu sắc như\xa0Astro Silver,\xa0Matte Brown và\xa0Sunset Pink\xa0không chỉ mang đến vẻ ngoài tươi sáng mà còn phản chiếu ánh sáng ấn tượng. Qua đó, OPPO Reno 12 5G không chỉ là đơn thuần là chiếc smartphone thông thường mà còn là một điểm nhấn thời trang, thể hiện cá tính độc đáo.'
 'Khi tìm kiếm một chiếc điện thoại thông minh vượt trội về cả hiệu năng và thiết kế, OPPO Reno12 5G là lựa chọn không thể bỏ qua. Với những cải tiến đáng kể so với các phiên bản trước, Reno12 5G mang đến trải nghiệm sử dụng mượt mà, hiệu quả và phong cách. Hãy cùng khám phá những điểm nổi bật của OPPO Reno12 5G để thấy rõ vì sao đây là sự đầu tư xứng đáng cho nhu cầu công nghệ của bạn.\n\nThông số\n\n\t\n\nOPPO Reno12 5G\n\n\t\n\nOppo Reno11 5G\n\n\n\n\nMàn hình\xa0\n\n\t\n\n6.7 inch\xa0\xa03D Flexible AMOLED\n\n\t\n\n6.7 inch\xa03D flexible AMOLED\n\n\n\n\nĐộ phân giải\n\n\t\n\nFHD+ (2412 x 1080)\n\n\t\n\nFHD+ (2412x1080)\n\n\n\n\nMàu sắc\n\n\t\n\nMatte Brown,\xa0Sunset Pink,\xa0Astro Silver\n\n\t\n\nXám, Xanh\n\n\n\n\nChip'
 'Thông số\n\n\t\n\nOPPO Reno12 F 5G\n\n\t\n\nOPPO Reno11 F 5G\n\n\n\n\nMàn hình\xa0\n\n\t\n\n6.67 inch\xa0AMOLED\n\n\t\n\n6.7 inch AMOLED\n\n\n\n\nĐộ phân giải\n\n\t\n\nFHD + (1080 x 2400)\n\n\t\n\nFHD+ (2412x1080)\n\n\n\n\nĐộ sáng tối đa\n\n\t\n\n2100 nits\n\n\t\n\n1100 nits\n\n\n\n\nMàu sắc\n\n\t\n\nCam, Xanh\n\n\t\n\nXám, Tím, Xanh\n\n\n\n\nThiết kế\n\n\t\n\nCụm camera sau đặt trong module hình tròn\n\nĐèn Halo Light tích hợp trong module máy ảnh\n\n\t\n\nCụm camera sau đặt trong mudule dọc\n\n\n\n\nChip\n\n\t\n\nMediaTek Dimensity 6300\n\n\t\n\nMediaTek Dimensity 7050\n\n\n\n\nRAM\n\n\t\n\n8GB\n\n\t\n\n8GB\n\n\n\n\nBộ nhớ trong\n\n\t\n\n256GB\n\n\t\n\n256GB\n\n\n\n\nCamera sau\n\n\t\n\n50MP + 8MP + 2MP\n\n\t\n\n64MP + 8MP + 2MP\n\n\n\n\nCamera trước\n\n\t\n\n32MP\n\n\t\n\n32MP\n\n\n\n\nDung lượng pin\n\n\t\n\n5000mAh\n\n\t\n\n5000mAh\n\n\n\n\nCổng sạc\n\n\t\n\nUSB Type-C\n\n\t\n\nUSB Type-C\n\n\n\n\nTrọng lượng\n\n\t\n\nkhoảng\xa0187g\n\n\t\n\nkhoảng\xa0177g\n\n\n\n\nỨng dụng AI']","OPPO Reno12 5G có các màu sắc sau:

- Astro Silver
- Matte Brown
- Sunset Pink

Những màu sắc này không chỉ mang đến vẻ ngoài tươi sáng mà còn phản chiếu ánh sáng ấn tượng, giúp điện thoại trở nên nổi bật hơn.",OPPO Reno12 5G có các màu Nâu Đồng và Bạc.,0.49999999995,,1.0,0.7993516368951911
Thông số kỹ thuật nổi bật của OPPO Reno12 5G là gì?,"['Công nghệ màn hình: AMOLED\n\nKích thước màn hình: 6.7 inches\n\n**Giới thiệu sản phẩm:** Đặc điểm nổi bật của OPPO Reno12 5G 12GB 256GB\n\nOPPO Reno12 5G với sự hỗ trợ của chip xử lý Chip MediaTek 7300-Energy kết hợp với 12GB RAM cung cấp hiệu năng mượt mà và xử lý đa nhiệm hiệu quả. Sở hữu màn hình\xa06.7 inches AMOLED 120Hz đã giúp Reno 12 có sức hút hơn khi lướt web kèm pin trâu 50000mAh, cho phép duy trì xử lý công việc xuyên suốt ngày dài.\n\nNội dung chính'
 'USB Type-C\n\n\t\n\nUSB Type-C\n\n\n\n\nTrọng lượng\n\n\t\n\nkhoảng\xa0177g\n\n\t\n\nkhoảng\xa0182g\n\nĐiện thoại OPPO Reno12 5G - Cấu hình mạnh mẽ, thời lượng pin lớn\n\nĐiện thoại OPPO Reno12 5G là phân khúc smartphone hiện đại, được kết hợp nhiều tính năng tiên tiến cùng hiệu năng xử lý siêu mạnh mẽ. Khi kết hợp cùng thiết kế tinh tế bên ngoài, Reno 12 hứa hẹn sẽ tạo nên một bước tiến lớn cho điện thoại OPPO trên thị trường smartphone thời gian tới đây. Hãy cùng khám phá sâu hơn những ưu điểm vượt trội của dòng smartphone OPPO Reno12 này ngay trong phần bài viết dưới đây nhé!\n\nChip MediaTek Dimensity 7300-Energy\xa0mạnh mẽ'
 'Khi tìm kiếm một chiếc điện thoại thông minh vượt trội về cả hiệu năng và thiết kế, OPPO Reno12 5G là lựa chọn không thể bỏ qua. Với những cải tiến đáng kể so với các phiên bản trước, Reno12 5G mang đến trải nghiệm sử dụng mượt mà, hiệu quả và phong cách. Hãy cùng khám phá những điểm nổi bật của OPPO Reno12 5G để thấy rõ vì sao đây là sự đầu tư xứng đáng cho nhu cầu công nghệ của bạn.\n\nThông số\n\n\t\n\nOPPO Reno12 5G\n\n\t\n\nOppo Reno11 5G\n\n\n\n\nMàn hình\xa0\n\n\t\n\n6.7 inch\xa0\xa03D Flexible AMOLED\n\n\t\n\n6.7 inch\xa03D flexible AMOLED\n\n\n\n\nĐộ phân giải\n\n\t\n\nFHD+ (2412 x 1080)\n\n\t\n\nFHD+ (2412x1080)\n\n\n\n\nMàu sắc\n\n\t\n\nMatte Brown,\xa0Sunset Pink,\xa0Astro Silver\n\n\t\n\nXám, Xanh\n\n\n\n\nChip']","OPPO Reno12 5G có một số thông số kỹ thuật nổi bật như:

- Màn hình 6.7 inch với độ phân giải FHD+ (2412 x 1080) và màu sắc Matte Brown, Sunset Pink, Astro Silver.
- Chip xử lý MediaTek Dimensity 7300-Energy cho hiệu năng mạnh mẽ và xử lý đa nhiệm tốt.
- RAM 12GB để hỗ trợ nhiều tác vụ cùng lúc.
- Pin lớn lên đến 5000mAh cho thời gian sử dụng lâu dài.

Đây là những điểm nổi bật giúp OPPO Reno12 5G trở thành một lựa chọn đáng tin cậy trong phân khúc smartphone hiện đại.","OPPO Reno12 5G có pin 5000mAh, chipset MediaTek Dimensity 7300, camera sau 50MP + 8MP + 2MP, camera trước 32MP, RAM 12GB, bộ nhớ trong 256GB, và màn hình AMOLED 6.7 inches với tần số quét 120Hz.",0.8333333332916666,0.7142857142857143,0.8333333333333334,0.8073684312682161
iPhone 15 Pro 128GB có giá bao nhiêu?,"['Bảng giá iPhone 15 Pro mới nhất như sau (Giá bán theo trang Apple.com):\n\nPhiên bản\n\n\t\n\nGiá mở bán quốc tế\n\n\t\n\nGiá mở bán tại Việt Nam\n\n\n\n\niPhone 15 Pro 128GB\n\n\t\n\n$999\n\n\t\n\nTừ 28.999.000 VND\n\n\n\n\niPhone 15 Pro 256GB\n\n\t\n\n$1.099\n\n\t\n\nTừ 31.999.000 VND\xa0\n\n\n\n\niPhone 15 Pro 512GB\n\n\t\n\n$1.299\n\n\t\n\nTừ 37.999.000 VND\n\n\n\n\niPhone 15 Pro 1TB\n\n\t\n\n$1.499\n\n\t\n\nTừ 43.999.000 VND\xa0\n\nTuy nhiên, đến thời điểm hiện tại\xa010/2025 thì giá bán\xa0iPhone 15 Pro đã có sự thay đổi đáng kể so với thời điểm vừa ra mắt, chi tiết như sau:\n\nTên sản phẩm\n\n\t\n\nGiá bán\n\n\t\n\nGiá thu cũ lên đời\n\niPhone 15 Pro 256GB | Chính hãng VN/A\n\n\t\n\n27.490.000đ\n\n\t\n\n25.490.000đ\n\n\n\n\niPhone 15 Pro 1TB | Chính hãng VN/A\n\n\t\n\n34.990.000đ\n\n\t\n\n32.990.000đ\n\n\n\n\niPhone 15 Pro 128GB | Chính hãng VN/A\n\n\t\n\n23.990.000đ\n\n\t\n\n21.990.000đ'
 'iPhone 15 Pro 256GB | Chính hãng VN/A\n\n\t\n\n27.490.000đ\n\n\t\n\n25.490.000đ\n\n\n\n\niPhone 15 Pro 1TB | Chính hãng VN/A\n\n\t\n\n34.990.000đ\n\n\t\n\n32.990.000đ\n\n\n\n\niPhone 15 Pro 128GB | Chính hãng VN/A\n\n\t\n\n23.990.000đ\n\n\t\n\n21.990.000đ\n\n\n\n\niPhone 15 Pro 512GB | Chính hãng VN/A\n\n\t\n\n29.490.000đ\n\n\t\n\n27.490.000đ\n\n(Ảnh Apple.com)\n\nĐánh giá điện thoại iPhone 15 Pro có gì mới?\n\nĐiện thoại iPhone 15 Pro là 1 trong 2 điện thoại cao cấp nhất trong series iPhone 15 năm 2023. Một số điểm được cải tiến nổi bật trên IP 15 Pro có thể kể đến như: màn hình mỏng hơn, chip A17 Pro mới, dung lượng pin nâng cấp, thiết kế chất liệu titanium, camera nâng cấp và 4 màu sắc mới hoàn toàn.\n\nMàn hình mỏng hơn với thiết kế Dynamic Island'
 'Điện thoại iPhone 15 Pro 256GB có giá là bao nhiêu?\n\niPhone 15 Pro phiên bản dung lượng bộ nhớ trong là 256GB đã được ra mắt và có mức giá bán tham khảo là 1099 USD. Giá bán này sẽ còn được phụ thuộc vào các khu vực bán khác nhau, tùy quốc gia khác nhau.\n\nBạn có thể chọn nơi mua uy tín để có thể có được mức giá chính hãng tốt cùng nhiều ưu đãi. Với mức giá này, các sản phẩm cạnh tranh với iPhone 15 Pro 256GB có thể là: ASUS ROG Phone 7 Ultimate 16GB 512GB, Samsung Galaxy S23 Plus 8GB 512GB, iPhone 14 Pro Max 256GB, …\n\nBên cạnh đó, hiện nay điện thoại iPhone 16 Pro 256gb ra mắt cũng đang được người dùng quan tâm nhiều nhờ pin trâu, màn hình nâng cấp kèm màu mới, cùng xem ngay nhé!']",iPhone 15 Pro 128GB có giá bán tham khảo là từ 23.990.000 VND tại Việt Nam. Giá này có thể phụ thuộc vào khu vực và quốc gia cụ thể.,iPhone 15 Pro 128GB có giá 23.990.000đ.,0.99999999995,,1.0,0.0
iPhone 15 Pro 128GB có những màu sắc nào?,"['Màu titan mới độc đáo và đẳng cấp\n\nCùng với một thiết kế sang trọng,\xa0điện thoại iPhone 15 Pro\xa0còn sở hữu bộ sưu tập màu sắc đa dạng. Cụ thể iPhone 15 Pro có tới\xa04 phiên bản màu sắc\xa0khác nhau cho người dùng lựa chọn là: titan tự nhiên, titan xanh, titan trắng và titan đen. Mỗi màu sắc đều mang đến một cảm nhận và trải nghiệm khác nhau đối với sản phẩm:\n\nMàu Titan tự nhiên: Với tone màu vàng cát ấm áp và độc đáo, titan tự nhiên tạo nên sự ấm áp và mới mẻ. Lựa chọn này phù hợp cho người muốn thể\xa0hiện tính cá nhân và phong cách riêng biệt.'
 '4 màu sắc của iPhone 15 Pro Max lần lượt là: titan tự nhiên, titan trắng, titan đen và titan xanh\n\nTitan Tự nhiên là sự kết hợp giữa màu xám bạc và ánh kim titan, tạo nên cảm giác mạnh mẽ và thời thượng, phù hợp cho những ai yêu thích sự sang trọng.\xa0\n\nTitan Xanh mang đến sự tinh tế với gam màu xanh đậm, đầy thu hút, nổi bật giữa đám đông và thể hiện cá tính mạnh mẽ.\n\nTitan Trắng lại có nét đẹp tối giản và thanh lịch, phù hợp với người yêu thích phong cách tinh tế và hiện đại. Đây là một lựa chọn an toàn và dễ phối đồ, thể hiện sự tinh khiết và sang trọng.'
 'Trong khi đó, các phiên bản iPhone 15 và iPhone 15 Plus tiêu chuẩn lại có tùy chọn màu sắc đa dạng hơn, bao gồm các màu trẻ trung và nổi bật như hồng và xanh lam. Nhờ vậy mà phân khúc này luôn nhận được sự quan tâm của người dùng ưa thích phong cách sặc sỡ và cá tính.\n\nĐang dùng iPhone 14 Pro/Pro Max có nên mua 15 Pro Max không?']","iPhone 15 Pro 128GB có màu sắc là titan tự nhiên, titan trắng, titan đen và titan xanh.","iPhone 15 Pro 128GB có các màu Titan Trắng, Titan Tự Nhiên, Titan Xanh, Titan Đen.",0.99999999995,,1.0,0.8045096313422432
Thông số kỹ thuật nổi bật của iPhone 15 Pro 128GB là gì?,"['Tính năng màn hình: Tốc độ làm mới 120Hz\n460 ppi\nHDR\nTrue Tone\nDải màu rộng (P3)\nHaptic Touch\nTỷ lệ tương phản 2.000.000:1\nĐộ sáng 2.000 nit\n\nCông nghệ màn hình: Super Retina XDR OLED\n\nKích thước màn hình: 6.1 inches\n\nĐộ phân giải màn hình: 2556 x 1179 pixels\n\n**Giới thiệu sản phẩm:** Đặc điểm nổi bật của iPhone 15 Pro 128GB | Chính hãng VN/A'
 'Kích thước màn hình: 6.1 inches\n\nĐộ phân giải màn hình: 2556 x 1179 pixels\n\n**Giới thiệu sản phẩm:** Đặc điểm nổi bật của iPhone 15 Pro 128GB | Chính hãng VN/A\n\nĐiện thoại iPhone 15 Pro được trang bị màn hình mới Dynamic Island với kích thước 6.1 inch cùng công nghệ ProMotion và tính năng Always On Display. Thiết bị cũng có nhiều thay đổi trong thiết kế với nút hành động cùng cổng sạc USB-C, khung viền titan sang trọng. Thế hệ điện thoại iPhone 15 mới này được trang bị 04 màu sắc mới như Titan tự nhiên, titan đen, titan trắng và titan xanh.\n\n(Ảnh: Apple.com)\n\nNội dung chính'
 '- iPhone 15 Pro sở hữu màn hình nhỏ hơn 6.1 inch và camera zoom 3x (Thay vì 6.7 inch và zoom 5x như 15 Pro Max)\n\n- Dung lượng pin cho thời gian sử dụng 23 giờ xem video, thấp hơn 29 giờ trên bản Pro Max.\n\nVì sao nên chọn mua điện thoại iPhone 15 Pro\n\nDưới sự đa dạng các thiết bị điện thoại thông minh trên thị trường hiện nay thì iPhone 15 Pro có gì mới nổi bật\xa0để người dùng chọn mua?\n\nSử dụng bền bỉ: Điện thoại iPhone 15 Pro được hoàn thiện tỉ mỉ từ những chất liệu cao cấp nhờ đó có thể chống chọi tốt trước các hao mòn khi sử dụng thông thường.']","iPhone 15 Pro 128GB có các thông số kỹ thuật nổi bật như:

- Màn hình 6.1 inch với độ phân giải 2556 x 1179 pixels và tỷ lệ tương phản 2.000.000:1.
- Công nghệ màn hình Super Retina XDR OLED.
- Tốc độ làm mới 120Hz, dải màu rộng (P3), True Tone, HDR.

Độ sáng đạt 2.000 nit và tỷ lệ tương phản cao giúp hiển thị hình ảnh sắc nét và rõ ràng hơn.","iPhone 15 Pro 128GB được trang bị pin 3274 mAh, chipset Apple A17 Pro 6 nhân, camera chính 48MP, màn hình 6.1 inches với độ phân giải 2556 x 1179 pixels và công nghệ Super Retina XDR OLED.",0.99999999995,0.25,1.0,0.8123524652497931
Nubia Neo có giá bao nhiêu?,"['Điện thoại Neo sẽ bao gồm hai phiên bản màu sắc là Phantom Black (Đen) và War-Damaged Yellow (Vàng) để người dùng lựa chọn. Sản phẩm sẽ sớm được phân phối tại Việt Nam thông qua hơn 100 cửa hàng thuộc hệ thống CellphoneS trong thời gian tới.\n\nNubia Neo có giá bao nhiêu?\n\nSmartphone Nubia Neo sẽ chỉ có duy nhất một phiên bản cấu hình với chip Unisoc T820, 8GB RAM LPDDR4 và 256GB dung lượng bộ nhớ UFS 2.2. Trong sự kiện ra mắt, Nubia cũng đã công bố giá bán của sản phẩm ở mức 6999 BTH, tương ứng với khoảng 4,99 triệu đồng.'
 'Ngoài ra, trong phân khúc còn có Nubia Music với chip âm thanh chuyên dụng, mang đến trải nghiệm nghe nhạc tuyệt vời ngay trên chiếc smartphone.\n\nĐiện thoại Nubia Neo 2 giá bao nhiêu?\n\nNubia Neo 2 được công bố với mức giá 199 USD, tương đương khoảng 4.9 triệu đồng. Nubia Neo 2 hứa hẹn trở thành một trong những mẫu điện thoại đáng sở hữu nhất trong phân khúc tầm trung giá rẻ.'
 'Nubia Neo 3 4G được kỳ vọng sẽ cải tiến mạnh mẽ về hiệu năng, đặc biệt trong khả năng xử lý đồ họa và tốc độ phản hồi khi chơi game. Ngoài ra, thiết bị sẽ trang bị màn hình tần số quét cao, pin dung lượng lớn và công nghệ sạc nhanh tối ưu cho game thủ.\n\nĐiện thoại Nubia Neo 3 4G giá bao nhiêu?\xa0\n\nNubia Neo 3 4G là sản phẩm điện thoại giá rẻ, cụ thể sản phẩm sẽ được lên kệ chính hãng thị trường Việt với mức giá gần 5 triệu đồng.\xa0\n\nMua điện thoại Nubia Neo 3 4G tại CellphoneS']","Nubia Neo có giá 6999 BTH, tương ứng với khoảng 4,99 triệu đồng.",Nubia Neo có giá 3.990.000đ.,0.0,,1.0,0.9125091919856129
Nubia Neo phù hợp với ai?,"['Ở phân khúc dưới 5 triệu đồng có nhiều sản phẩm với đa dạng thương hiệu lựa chọn, nhưng với những điểm nhấn hấp dẫn sau khiến\xa0Nubia Neo là một lựa chọn lý tưởng cho người dùng phân khúc này:\n\nCấu hình mạnh với mức giá ngon: Thiết bị mang lại 422.000 điểm Antutu - mạnh ngang với smartphone chạy\xa0Snapdragon 685\n\nThiết kế đẹp với họa tiết đậm chất gaming\n\nBộ nhớ RAM lớn - thoải mái đa nhiệm: 8GB RAM gốc + 10GB RAM ảo\n\nChip 5G mạnh mẽ\n\nBên cạnh đó, cùng khám phá thêm ngay điện thoại Nubia Neo 2 5G được bán chính hãng tại CellphoneS với pin 6000mAh, chip Unisoc tốt chơi game siêu mượt, khám phá ngay nhé!'
 'Với chipset có tốc độ xử lý lên tới 2.7GHz, 18GB RAM, màn hình 120Hz cùng giá bán chưa tới 5 triệu đồng, Nubia Neo chắc chắn sẽ vượt qua các sản phẩm cùng phân khúc như Redmi Note 12, Vivo Y35 8GB, Realme C55,...để trở thành mẫu điện thoại đáng sở hữu nhất phân khúc tầm trung giá rẻ.\n\nMua điện thoại Nubia Neo giá tốt tại CellphoneS'
 'Thiết kế sáng tạo dành riêng cho game thủ\n\nThiết kế của Nubia Neo 3 4G lấy cảm hứng từ xe hơi Transformers, với các chi tiết góc cạnh vuông vức tạo nên vẻ ngoài mạnh mẽ. Khung máy làm từ nhựa giúp giảm trọng lượng, thoải mái khi chơi game trong thời gian dài.\n\nĐiểm nhấn đáng chú ý là các phím kích hoạt chuyên dụng và khu vực tối ưu hóa cho trải nghiệm chơi game. Những tính năng này không chỉ làm tăng tính tiện ích mà còn giúp game thủ có cảm giác làm chủ hoàn toàn trò chơi, tạo lợi thế cạnh tranh rõ rệt.\n\nVượt mọi rào cản với vi xử lý\xa0Unisoc T8100']","Nubia Neo phù hợp với những người dùng yêu thích trải nghiệm game tốt và có nhu cầu sở hữu một thiết bị mạnh mẽ nhưng vẫn nằm trong tầm giá 5 triệu đồng. Nó cung cấp cấu hình mạnh mẽ, chip Snapdragon 685, RAM lớn lên đến 10GB, pin 6000mAh, cùng với các tính năng như 5G, Antutu 422 điểm và nhiều hơn nữa.",Nubia Neo phù hợp với những người dùng yêu thích chơi game và tìm kiếm một chiếc điện thoại giá rẻ nhưng có cấu hình mạnh mẽ.,0.9999999999666667,,0.5714285714285714,0.6862956521384014
Thông số kỹ thuật nổi bật của Nubia Neo là gì?,"['8 GB\n\n\n\n\nROM\n\n\t\n\n256 GB\n\n\t\n\n256 GB\n\n\n\n\nCamera sau\n\n\t\n\n50 MP + 2MP\n\n\t\n\n50 MP\n\n\n\n\nDung lượng pin\n\n\t\n\n6000 mAH - Sạc nhanh 33W\n\n\t\n\n4500mAh\n\nNubia Neo 2 thiết kế cá tính, đáp ứng chơi game mượt mà\n\nNubia Neo 2 đã thu hút sự chú ý của cộng đồng game thủ khi ra mắt tại Triển lãm Di động Toàn cầu (Mobile World Congress - MWC) 2024. Được thiết kế đặc biệt cho người chơi game, chiếc điện thoại Nubia này hứa hẹn mang lại trải nghiệm mạnh mẽ và giá cả phải chăng.\xa0\n\nChipset Unisoc T820 mạnh mẽ'
 'Màn hình FHD+ tần số 120Hz\n\nNubia Neo sẽ sở hữu một màn hình notch giọt nước có kích thước 6,6 inch và độ phân giải FHD+. Tuy nhiên do là phiên bản điện thoại chơi game giá rẻ nên điện thoại Neo vẫn sẽ chỉ được trang bị tấm nền IPS LCD.\n\nNhưng bù lại, để mang tới hiệu suất chơi game tốt nhất, màn hình của Neo đã được Nubia trang bị tần số quét ở mức 120Hz. Tần số này sẽ đảm bảo màn hình của Nubia Neo luôn có được sự mượt mà trong mọi chuyển động cũng như tốc độ phản hồi nhanh chóng với các thao tác điều khiển.\n\nThiết kế cá tính, đậm chất gaming'
 'Điện thoại Nubia NEO với dung lượng pin đến 4500mAh, hỗ trợ sạc nhanh và nhiều thông số ấn tượng đã trở thành sự lựa chọn hấp dẫn trong phân khúc. Hiện sản phẩm đang được kinh doanh tại CellphoneS với mức giá ưu đãi.\n\nPhong cách thiết kế đĩa Vinyl cổ điển, độc đáo']","Nubia Neo 2 nổi bật với:

- 8 GB RAM và 256 GB ROM
- Camera sau 50 MP + 2MP
- Dung lượng pin 4500mAh, hỗ trợ sạc nhanh 33W

Đặc biệt, Nubia Neo 2 được trang bị chipset Unisoc T820 mạnh mẽ và màn hình FHD+ với tần số quét 120Hz.","Nubia Neo sở hữu chip Unisoc T820, 8GB RAM, 256GB bộ nhớ trong, màn hình 6.6 inches với tần số quét 120Hz, camera sau 50MP và pin 4500mAh.",0.9999999999,1.0,0.4,0.7228776741909063
Samsung Galaxy A26 5G có giá bao nhiêu?,"['**Tên sán phẩm:** Samsung Galaxy A26 5G 8GB 128GB\n\n**Giá sản phẩm:** 6.270.000đ\n\n**Các màu của sản phẩm:** Hồng, Xanh, Đen\n\n**Thông số sản phẩm:** Pin: 5000 mAh\n\nChipset: Exynos 1380 (Quartz)\n\nThẻ SIM: 2 Nano-SIM\n\nCamera sau: 50MP + 8MP + 2MP\n\nLoại CPU: 2.4GHz,2GHz, Octa-Core\n\nCamera trước: 13MP\n\nBộ nhớ trong: 128 GB\n\nCông nghệ NFC: Có\n\nDung lượng RAM: 8 GB\n\nHệ điều hành: Android 15\n\nTính năng màn hình: Tần số quét 120Hz, 800 nits, Mặt kính Gorilla Glass Victus\n\nCông nghệ màn hình: Super AMOLED\n\nKích thước màn hình: 6.7 inches\n\nĐộ phân giải màn hình: 1080 x 2340 pixels (FullHD+)\n\n**Giới thiệu sản phẩm:** Đặc điểm nổi bật của Samsung Galaxy A26 5G 8GB 128GB'
 'Bảng\xa0giá Samsung Galaxy A26\xa0mới nhất tháng 10/2025:\n\nTên sản phẩm\n\n\t\n\nGiá bán\n\n\t\n\nGiá thu cũ lên đời\n\nSamsung Galaxy A26 5G 8GB 128GB\n\n\t\n\n6.270.000đ\n\n\t\n\n5.770.000đ\n\n\n\n\nSamsung A26 có gì mới? Ra mắt khi nào?\n\nA26 Samsung ra mắt vào tháng 04/2025, đây là mẫu smartphone đáng cân nhắc thuộc dòng A phổ thông của hãng. Với các đặc điểm tính năng ấn tượng, chiếc điện thoại này có thể đáp ứng tốt trong công việc, giải trí hàng ngày của người dùng.'
 'Nội dung chính\n\n1. Samsung A26 giá bao nhiêu?\n1.1. Bộ AI tinh gọn và thông minh\xa0\n1.2. Chips Exynos 1380 mạnh mẽ\n1.3. Camera 50MP\n1.4. Pin 5000mAh, hỗ trợ sạc nhanh 25W\n1.5. Màn hình rộng 6.7inch\n1.6. Tính năng tiện ích mới trên A26 5G\n1.7. Hỗ trợ 6 lần cập nhật hệ điều hành, tích hợp Knox Vault an toàn\n2. So sánh Samsung A26 vs Samsung A25 5G\n3. Các câu hỏi thường gặp khi mua Samsung A26\n3.1. Mua Samsung A26 CellphoneS có giảm giá không?\n3.2. Samsung A26 5G nên mua màu nào?\n3.3. Samsung A26 bao nhiêu điểm Antutu?\n3.4. Samsung A26 5G có chống nước không?\n4. Mua Samsung A26 5G giá rẻ tại CellphoneS\nSamsung A26 giá bao nhiêu?\n\nBảng\xa0giá Samsung Galaxy A26\xa0mới nhất tháng 10/2025:\n\nTên sản phẩm\n\n\t\n\nGiá bán\n\n\t\n\nGiá thu cũ lên đời\n\nSamsung Galaxy A26 5G 8GB 128GB']",Samsung Galaxy A26 5G có giá 6.270.000đ.,Samsung Galaxy A26 5G có giá 6.270.000đ.,0.9999999999666667,,1.0,0.8157538809802283
Samsung Galaxy A26 5G có những màu sắc nào?,"['Không chỉ có các chương trình, sự kiện giảm giá, những khách hàng là thành viên Smember, S-Student, S-Teacher còn nhận được thêm chiết khấu đặc quyền từ CellphoneS. Kèm theo đó là chính sách trả góp lãi suất thấp, hỗ trợ thu cũ - đổi mới để giúp khách hàng dễ dàng sở hữu chiếc điện thoại này.\n\nSamsung A26 5G nên mua màu nào?\n\nĐiện thoại Samsung A26 được giới thiệu ra thị trường với tổng cộng 3 màu sắc là trắng, đen và xanh mint. Việc lựa chọn màu sắc sẽ bị ảnh hưởng bởi nhiều yếu tố như tuổi tác, giới tính, sở thích.'
 'Màu sắc\n\n\t\n\nĐen, Trắng và Xanh bạc hà\n\n\t\n\nĐen, Vàng, Xanh\n\n\nCập nhật hệ điều hành\t\n\nHỗ trợ 6 bản cập nhật hệ điều hành,\n\n6 năm cập nhật bảo mật\n\n\t\n\nHỗ trợ 4 bản cập nhật hệ điều hành,\n\n5 năm cập nhật bảo mật\n\nCó thể thấy thông số của máy tương đối giống người tiền nhiệm, song chiếc smartphone này có màn hình lớn hơn và được trang bị bộ xử lý tân tiến. Hãy theo dõi những điểm mới trên trong phần tiếp theo.\xa0\n\nCác câu hỏi thường gặp khi mua Samsung A26'
 'Tuy nhiên, các phiên bản màu cơ bản như đen và trắng sẽ phù hợp với nhiều đối tượng người dùng hơn. Riêng phiên bản màu xanh mint sẽ phù hợp với đối tượng người dùng trẻ trung, yêu thích sự phá cách, cá tính.\n\nSamsung A26 bao nhiêu điểm Antutu?\n\nSamsung Galaxy A26 đạt hơn 566.000 điểm Antutu (v10.4.5), cao hơn 76% so với các thiết bị cùng phân khúc. Nhờ đó mà người dùng có thể yên tâm về tính ổn định, độ mượt mà của Samsung A26 trong quá trình trải nghiệm.']","Samsung Galaxy A26 5G có 3 màu sắc chính là trắng, đen và xanh mint.","Samsung Galaxy A26 5G có các màu Hồng, Xanh, Đen.",0.0,,1.0,0.7786625160601401
Thông số kỹ thuật nổi bật của Samsung Galaxy A26 5G là gì?,"['Thông số kỹ thuật\n\n\t\n\nSamsung A26 5G\n\n\t\n\nSamsung A25 5G\n\n\n\n\nTính năng AI\n\n\t\n\nKhoanh tròn để Tìm kiếm\n\nTạo bộ lọc\n\nXóa vật thể\n\nGợi ý chỉnh sửa\n\nPhoto Remaster\n\n\t\n\nXóa vật thể\n\nGợi ý chỉnh sửa\n\nPhoto Remaster\n\n\n\n\nChipset\n\n\t\n\nExynos 1380\n\n\t\n\nExynos 1280\n\n\n\n\nMàn hình\n\n\t\n\n6,7 inch\n\n\t\n\n6,5 inch\n\n\n\n\nCamera sau\n\n\t\n\n50MP+8MP+2MP\n\n\t\n\n50MP+8MP+2MP\n\n\n\n\nCamera trước\xa0\n\n\t\n\n13MP\n\n\t\n\n13MP\n\n\n\n\nPin\n\n\t\n\n5000mAh\n\n\t\n\n5000mAh\n\n\n\n\nKháng nước\n\n\t\n\nIP67\n\n\t\n\n-\xa0\n\n\n\n\nTrọng lượng\n\n\t\n\n200g\n\n\t\n\n197g\n\n\n\n\nKích thước\n\n\t\n\n164x77.5x7.7mm\n\n\t\n\n161x76.5x8.3mm\n\n\n\n\nMàu sắc\n\n\t\n\nĐen, Trắng và Xanh bạc hà\n\n\t\n\nĐen, Vàng, Xanh\n\n\nCập nhật hệ điều hành\t\n\nHỗ trợ 6 bản cập nhật hệ điều hành,'
 'Cùng với đó, công nghệ màn hình Super AMOLED cao cấp của Samsung đảm bảo góc nhìn rộng, màu sắc chính xác và độ tương phản cao. Hơn thế nữa, màn hình điện thoại còn hỗ trợ tần số quét 120Hz, giúp chuyển đổi ứng dụng hay chơi game mượt mà.\xa0\n\nTính năng tiện ích mới trên A26 5G\n\nSamsung A26 5G được tối ưu với hệ điều hành One UI 7, mang đến giao diện trực quan, thao tác dễ dàng và tùy chỉnh linh hoạt theo sở thích của người dùng. Với Quick Share, việc chia sẻ hình ảnh, tài liệu trở nên nhanh chóng chỉ bằng một cú chạm, hỗ trợ cả thiết bị Samsung và các nền tảng khác.'
 'Kích thước màn hình: 6.7 inches\n\nĐộ phân giải màn hình: 1080 x 2340 pixels (FullHD+)\n\n**Giới thiệu sản phẩm:** Đặc điểm nổi bật của Samsung Galaxy A26 5G 8GB 128GB\n\nĐiện thoại Samsung Galaxy A26sở hữu bộ xử lý Samsung Exynos 1380, màn hình Super AMOLED 6.7 inch kèm theo pin dung lượng đến 5000mAh, sạc nhanh 25W. Phiên bản còn trang bị camera sau 50MP, cho hình ảnh chuẩn xác. Hơn thế nữa, thiết kế của máy cũng được hoàn thiện từ chất liệu bền, phù hợp với nhu cầu sử dụng của nhiều đối tượng.\n\nNội dung chính']","Samsung Galaxy A26 5G nổi bật với:

- Chipset Exynos 1380
- Màn hình Super AMOLED 6.7 inch 
- Pin dung lượng 5000mAh, sạc nhanh 25W
- Camera sau 50MP

Giá cả và khuyến mãi: Giá bán chưa rõ ràng, có thể tham khảo thông tin từ các nhà phân phối hoặc trang web điện thoại di động.","Samsung Galaxy A26 5G có pin 5000 mAh, chipset Exynos 1380, camera sau 50MP + 8MP + 2MP, RAM 8GB, bộ nhớ trong 128GB, màn hình 6.7 inches Super AMOLED với độ phân giải 1080 x 2340 pixels.",0.8333333332916666,0.6666666666666666,0.8,0.7908392280072359
OPPO Find X8 có giá bao nhiêu?,"['Giá OPPO Find X8 mới nhất\xa010/2025:\xa0\n\nTên sản phẩm\n\n\t\n\nGiá bán\n\n\t\n\nGiá thu cũ lên đời\n\nOPPO Find X8 16GB 512GB\n\n\t\n\n20.490.000đ\n\n\t\n\n18.490.000đ\n\nVới cấu hình hàng đầu, OPPO X8 được định vị trong phân khúc\xa0OPPO Find\xa0cao cấp, hướng đến những người dùng yêu công nghệ và có yêu cầu cao về hiệu năng. Mức giá của sản phẩm phản ánh rõ vị thế này và cạnh tranh trực tiếp với các flagship khác trên thị trường.'
 'OPPO Find X8 Series có hai\xa0 tùy chọn bao gồm X8 và X8 Pro. Sự đa dạng này đáp ứng tốt các nhu cầu lưu trữ và khả năng đa nhiệm khác nhau của từng khách hàng.\n\nNgoài sự khác biệt về tính năng, các phiên bản điện thoại OPPO còn có nhiều lựa chọn màu sắc để người dùng thể hiện cá tính.\xa0Cùng xem chi tiết bảng so sánh thông số kỹ thuật giữ 2 phiên bản sau đây:\n\nThông số\n\n\t\n\nOPPO Find X8 16GB 512GB\n\n\t\n\nOPPO Find X8 Pro 5G 16GB 512GB\n\nKích thước màn hình\n\n\t\n\n6.59 inches\n\n\t\n\n6.78 inches\n\n\n\n\nCông nghệ màn hình\n\n\t\n\nAMOLED\n\n\t\n\nAMOLED\n\n\n\n\nCamera sau\n\n\t\n\n50MP OIS (Chính) + 50MP (Chân dung Tele) + 50MP (Góc rộng)'
 '1. Giá OPPO Find X8 bao nhiêu?\n2. Bảng so sánh OPPO Find X8 và OPPO Find X8 Pro\n3. Bảng so sánh thông số OPPO Find X8 và OPPO Find X7\n4. Đánh giá điện thoại OPPO Find X8 chi tiết\n4.1. Hiệu năng đỉnh cao từ MediaTek Dimensity 9400\n4.2. Thiết kế siêu mỏng tôn lên vẻ ngoài sang trọng\n4.3. Màn hình AMOLED sắc nét, cuộn lướt siêu mượt mà\n4.4. Pin 5630mAh bền bỉ và sạc nhanh 80W\n4.5. Kết nối toàn diện và tiện ích thông minh\n4.6. AI mới, tính năng Touch to share to iOS đơn giản\n4.7. Kháng bụi, kháng nước IP68/IP69\n5. Trải nghiệm OPPO Find X8 camera sắc nét đáng sở hữu\n5.1. Camera AI chuẩn flagship\n5.2. Camera telephoto\n5.3. Chụp nhanh siêu nét\n5.4. Chế độ chân dung\n5.5. Burst shot cùng khả năng quay video HDR 4K60FPS']",OPPO Find X8 có giá là 20.490.000đ.,Giá OPPO Find X8 là 20.490.000đ.,0.8333333332916666,,1.0,0.819958651599335
OPPO Find X8 có những màu sắc nào?,"['OPPO X8 mang đến các tùy chọn màu sắc thời thượng như đen, xám và hồng, cho phép người dùng thể hiện phong cách cá nhân. Sự trau chuốt trong từng đường nét thiết kế mang lại một tổng thể hài hòa, toát lên vẻ đẹp sang trọng và đẳng cấp. Vẻ ngoài mẫu flagship của\xa0OPPO Find X Series\xa0hứa hẹn\xa0sẽ thu hút mọi ánh nhìn và khẳng định đẳng cấp của người sở hữu.\n\nMàn hình AMOLED sắc nét, cuộn lướt siêu mượt mà'
 'Điện thoại OPPO Find X8 có những màu sắc nào?\n\nĐiện thoại OPPO Find X8 đã được chính thức được ra mắt trên toàn cầu vào ngày 21/11 vừa qua với hai tuỳ chọn màu sắc đối lập là Xám Tinh Tú và Đen Vũ Trụ, Phiên bản Xám Tinh Tú được lấy cảm hứng từ ánh trăng soi chiếu mặt đất giữa bầu trời sao, là biểu tượng của sự thanh lịch, tinh khiết. Trong khi đó, phiên bản màu Đen Vũ Trụ lại là biểu tượng của vẻ đẹp của sắc đêm xa xăm, mang nét tĩnh lặng, huyền bí và vô cùng cuốn hút.\n\n\n\n\nOPPO Find X8 ra mắt khi nào?'
 'Dual nano-SIM hoặc 1 nano-SIM + 1 eSIM\n\n\t\n\n\n\n\nHệ điều hành\n\n\t\n\nColorOS 15, nền tảng Android 15\n\n\t\n\nAndroid 15\n\n\n\n\nĐộ phân giải màn hình\n\n\t\n\n1256 x 2760 pixels\n\n\t\n\n\n\n\nTính năng màn hình\n\n\t\n\nTần số quét: 120Hz, Kính cường lực GG 7i\nĐộ sáng tối đa: 1600 nits\nMàu sắc hiển thị: 1 tỷ màu\n\n\t\n\nTần số quét 120 Hz, 4.500 nits\n\n\n\n\nLoại CPU\n\n\t\n\n8 nhân\n\n\t\n\nBảng so sánh thông số OPPO Find X8 và OPPO Find X7\n\nSo sánh chi tiết thông số kỹ thuật\xa0OPPO Find X8 và OPPO Find X7:\n\nThông số\n\n\t\n\nOPPO Find X8\n\n\t\n\nOPPO Find X7\n\n\n\n\nMàn hình\xa0\n\n\t\n\nAMOLED 6.59 inch\n\n\t\n\n3D AMOLED 6.78 inch\xa0\n\n\n\n\nKính cường lực\n\n\t\n\nCorning® Gorilla® Glass 7i\xa0\n\n\t\n\nKính Corning® Gorilla® Victus® 2\n\n\n\n\nĐộ phân giải\n\n\t\n\n1256 x 2760 pixel (1.5K+)\n\n\t\n\n2780 × 1264 pixel\n\n\n\n\nMàu sắc\n\n\t\n\nXám, Đen']","OPPO Find X8 có hai màu sắc chính là Đen Vũ Trụ và Xám Tinh Tú. Đen Vũ Trụ mang vẻ đẹp của đêm xa xanh, còn Xám Tinh Tú gợi cảm hứng từ ánh trăng soi chiếu mặt đất giữa bầu trời sao.",OPPO Find X8 có hai màu sắc là Xám và Đen.,0.9999999999666667,,1.0,0.7827275053637311
Thông số kỹ thuật nổi bật của OPPO Find X8 là gì?,"['OPPO Find X8 Series có hai\xa0 tùy chọn bao gồm X8 và X8 Pro. Sự đa dạng này đáp ứng tốt các nhu cầu lưu trữ và khả năng đa nhiệm khác nhau của từng khách hàng.\n\nNgoài sự khác biệt về tính năng, các phiên bản điện thoại OPPO còn có nhiều lựa chọn màu sắc để người dùng thể hiện cá tính.\xa0Cùng xem chi tiết bảng so sánh thông số kỹ thuật giữ 2 phiên bản sau đây:\n\nThông số\n\n\t\n\nOPPO Find X8 16GB 512GB\n\n\t\n\nOPPO Find X8 Pro 5G 16GB 512GB\n\nKích thước màn hình\n\n\t\n\n6.59 inches\n\n\t\n\n6.78 inches\n\n\n\n\nCông nghệ màn hình\n\n\t\n\nAMOLED\n\n\t\n\nAMOLED\n\n\n\n\nCamera sau\n\n\t\n\n50MP OIS (Chính) + 50MP (Chân dung Tele) + 50MP (Góc rộng)'
 'Thiết bị nổi bật với khả năng xử lý ánh sáng yếu, tái tạo màu sắc trung thực, và giữ độ chi tiết cao ngay cả khi zoom xa hay trong điều kiện thiếu sáng. OPPO Find X8 được đánh giá là lựa chọn xuất sắc cho ảnh nghệ thuật, đặc biệt vào ban đêm, giúp ghi lại trọn vẹn khoảnh khắc ý nghĩa dịp đặc biệt. Sau đây là 1 số hình ảnh thực tế từ flagship đến từ OPPO:\n\nCác câu hỏi thường gặp khi mua OPPO Find X8\n\nDưới đây chính là tổng hợp các câu hỏi thường gặp khi mua OPPO Find X8 chính hãng có thể bạn quan tâm, cùng xem để chọn cho mình mẫu điện thoại mới ưng ý hơn nhé:'
 'Dual nano-SIM hoặc 1 nano-SIM + 1 eSIM\n\n\t\n\n\n\n\nHệ điều hành\n\n\t\n\nColorOS 15, nền tảng Android 15\n\n\t\n\nAndroid 15\n\n\n\n\nĐộ phân giải màn hình\n\n\t\n\n1256 x 2760 pixels\n\n\t\n\n\n\n\nTính năng màn hình\n\n\t\n\nTần số quét: 120Hz, Kính cường lực GG 7i\nĐộ sáng tối đa: 1600 nits\nMàu sắc hiển thị: 1 tỷ màu\n\n\t\n\nTần số quét 120 Hz, 4.500 nits\n\n\n\n\nLoại CPU\n\n\t\n\n8 nhân\n\n\t\n\nBảng so sánh thông số OPPO Find X8 và OPPO Find X7\n\nSo sánh chi tiết thông số kỹ thuật\xa0OPPO Find X8 và OPPO Find X7:\n\nThông số\n\n\t\n\nOPPO Find X8\n\n\t\n\nOPPO Find X7\n\n\n\n\nMàn hình\xa0\n\n\t\n\nAMOLED 6.59 inch\n\n\t\n\n3D AMOLED 6.78 inch\xa0\n\n\n\n\nKính cường lực\n\n\t\n\nCorning® Gorilla® Glass 7i\xa0\n\n\t\n\nKính Corning® Gorilla® Victus® 2\n\n\n\n\nĐộ phân giải\n\n\t\n\n1256 x 2760 pixel (1.5K+)\n\n\t\n\n2780 × 1264 pixel\n\n\n\n\nMàu sắc\n\n\t\n\nXám, Đen']","OPPO Find X8 nổi bật với các thông số sau:

- Kích thước màn hình là 6.59 inch (AMOLED)
- Camera sau gồm 50MP chính + 50MP góc rộng + 50MP tele, hỗ trợ OIS và khả năng xử lý ánh sáng yếu
- Tần số quét: 120Hz, độ sáng tối đa 4.500 nits, màu sắc hiển thị 1 tỷ màu

OPPO Find X8 Pro có thêm các tính năng như:

- Kích thước màn hình là 6.78 inch (AMOLED)
- Camera sau gồm 50MP chính + 50MP góc rộng + 50MP tele, hỗ trợ OIS và khả năng xử lý ánh sáng yếu
- Tần số quét: 120Hz, độ sáng tối đa 4.500 nits, màu sắc hiển thị 1 tỷ màu

Thông tin này giúp bạn hiểu rõ hơn về các điểm mạnh của hai phiên bản OPPO Find X8.","OPPO Find X8 có pin 5630 mAh, chipset MediaTek Dimensity 9400, RAM 16 GB, bộ nhớ trong 512 GB, camera sau 50MP OIS + 50MP + 50MP, và màn hình AMOLED 6.59 inches với độ phân giải 1256 x 2760 pixels.",0.8333333332916666,,0.7142857142857143,0.7529544632524262
Xiaomi 15 Ultra 5G 16GB 1TB có giá bao nhiêu?,"['Giá thu cũ lên đời\n\nXiaomi 15 Ultra 5G 16GB 1TB\n\n\t\n\n31.990.000đ\n\n\t\n\n30.990.000đ\n\n\n\n\nXiaomi 15 5G 12GB 256GB\n\n\t\n\n20.290.000đ\n\n\t\n\n17.290.000đ\n\n\n\n\nXiaomi 15 Ultra 5G 16GB 512GB\n\n\t\n\n31.990.000đ\n\n\t\n\n27.990.000đ\n\nĐây được xem là mức giá phù hợp với dòng\xa0điện thoại cao cấp của thương hiệu Xiaomi. Mức giá này được cho là hợp lý so với các đối thủ cùng phân khúc, đặc biệt khi xét đến những nâng cấp về cấu hình và tính năng của Xiaomi 15. Hãng đã luôn nổi tiếng với việc mang đến những sản phẩm chất lượng với giá cả phải chăng, và Xiaomi 15 cũng không phải là ngoại lệ.'
 'Chi tiết giá Xiaomi 15 Ultra chính hãng tại CellphoneS tháng\xa010/2025 :\n\nTên sản phẩm\n\n\t\n\nGiá bán\n\n\t\n\nGiá thu cũ lên đời\n\nXiaomi 15 Ultra 5G 16GB 1TB\n\n\t\n\n31.990.000đ\n\n\t\n\n30.990.000đ\n\n\n\n\nXiaomi 15 Ultra 5G 16GB 512GB\n\n\t\n\n31.990.000đ\n\n\t\n\n27.990.000đ\n\n.\n\nGiá điện thoại Xiaomi 15 Ultra chính hãng 16GB 512GB có thể cao nhưng người dùng sẽ nhận được giá trị xứng đáng với số tiền bỏ ra, sản phẩm sẽ đáp ứng nhu cầu từ chơi game cho đến xem phim trên điện thoại. Bạn sẽ có trải nghiệm ấn tượng khi sử dụng sản phẩm trong thời gian dài.\n\nXem nhanh 2 mẫu điện thoại Xiaomi 15T và Xiaomi 15T Pro sắp ra mắt với giá hấp dẫn, đăng ký nhận ưu đãi đến 6tr450.'
 'Hiện tại, Xiaomi 15 Series đang có giá cực tốt tại CellphoneS.\xa0Bên cạnh đó, khi thu cũ lên đời sở hữu mức giá hấp dẫn\n\nTên sản phẩm\n\n\t\n\nGiá bán\n\n\t\n\nGiá thu cũ lên đời\n\nXiaomi 15 Ultra 5G 16GB 1TB\n\n\t\n\n31.990.000đ\n\n\t\n\n30.990.000đ\n\n\n\n\nXiaomi 15 5G 12GB 256GB\n\n\t\n\n20.290.000đ\n\n\t\n\n17.290.000đ\n\n\n\n\nXiaomi 15 Ultra 5G 16GB 512GB\n\n\t\n\n31.990.000đ\n\n\t\n\n27.990.000đ']",Xiaomi 15 Ultra 5G 16GB 1TB có giá là 30.990.000đ.,Giá sản phẩm là 31.990.000đ.,0.9999999999666667,,0.0,0.8315647815366684
Điện thoại Xiaomi 15 Ultra 5G 16GB 1TB phù hợp với ai?,"['Nội dung chính\n\n1. Xiaomi 15 Ultra 5G 1TB - Mở rộng giới hạn sáng tạo\n1.1. Hiệu năng mạnh mẽ, dung lượng lớn vượt trội\n1.2. Trải nghiệm nhiếp ảnh đột phá\n2. Mua Xiaomi 15 Ultra 5G 1TB giá tốt, chính hãng tại CellphoneS\nXiaomi 15 Ultra 5G 1TB - Mở rộng giới hạn sáng tạo\n\nXiaomi 15 Ultra 1TB với hiệu năng mạnh mẽ, bộ nhớ cực lớn sẽ lựa chọn phù hợp cho cả nhu cầu giải trí lẫn công việc. Hệ thống camera Leica chất lượng cao của điện thoại sẽ mở rộng tiềm năng sáng tạo của người dùng.\n\nHiệu năng mạnh mẽ, dung lượng lớn vượt trội'
 'Xiaomi 15 Ultra 1TB còn được trang bị tới 16GB RAM LPDDR5X 8533Mbps với khả năng xử lý đa nhiệm ấn tượng. Phiên bản Xiaomi 15 Series này sở hữu không gian lưu trữ lên tới 1TB. Không chỉ có thể cài đặt ứng dụng, bộ nhớ 1TB này còn hỗ trợ lưu trữ hình ảnh, video chất lượng cao để người dùng thực hiện công việc sáng tạo một cách hiệu quả.\n\nTrải nghiệm nhiếp ảnh đột phá'
 'Giá thu cũ lên đời\n\nXiaomi 15 Ultra 5G 16GB 1TB\n\n\t\n\n31.990.000đ\n\n\t\n\n30.990.000đ\n\n\n\n\nXiaomi 15 5G 12GB 256GB\n\n\t\n\n20.290.000đ\n\n\t\n\n17.290.000đ\n\n\n\n\nXiaomi 15 Ultra 5G 16GB 512GB\n\n\t\n\n31.990.000đ\n\n\t\n\n27.990.000đ\n\nĐây được xem là mức giá phù hợp với dòng\xa0điện thoại cao cấp của thương hiệu Xiaomi. Mức giá này được cho là hợp lý so với các đối thủ cùng phân khúc, đặc biệt khi xét đến những nâng cấp về cấu hình và tính năng của Xiaomi 15. Hãng đã luôn nổi tiếng với việc mang đến những sản phẩm chất lượng với giá cả phải chăng, và Xiaomi 15 cũng không phải là ngoại lệ.']","Xiaomi 15 Ultra 5G 16GB 1TB phù hợp với những người dùng yêu thích trải nghiệm công nghệ cao cấp và có nhu cầu lưu trữ lớn. Nó đáp ứng tốt cả nhu cầu giải trí và công việc, với hiệu năng mạnh mẽ và không gian lưu trữ lên đến 1TB.","Xiaomi 15 Ultra 5G 16GB 1TB phù hợp cho cả nhu cầu giải trí lẫn công việc, đặc biệt là những người có nhu cầu sáng tạo nội dung chuyên nghiệp.",0.9999999999666667,,1.0,0.7549610810987518
Thông số kỹ thuật nổi bật của Xiaomi 15 Ultra 5G 16GB 1TB là gì?,"['Kích thước màn hình: 6.73 inches\n\nĐộ phân giải màn hình: 3200 x 1440 pixel\n\n**Giới thiệu sản phẩm:** Đặc điểm nổi bật của Xiaomi 15 Ultra 5G 16GB 1TB\n\nĐiện thoại Xiaomi 15 Ultra 5G 1TB với chip Snapdragon 8 Elite, 16GB RAM và bộ nhớ 1TB mang tới hiệu năng mạnh mẽ để phục vụ nhu cầu sử dụng nâng cao. Phiên bản Xiaomi 15 Series này sở hữu hệ thống camera Leica thế hệ mới để mở rộng khả năng sáng tạo. Hệ điều hành HyperOS 2 với tính năng AI sẽ giúp việc sử dụng điện thoại được tiện lợi hơn.\n\nNội dung chính'
 'Xiaomi 15 Ultra 1TB còn được trang bị tới 16GB RAM LPDDR5X 8533Mbps với khả năng xử lý đa nhiệm ấn tượng. Phiên bản Xiaomi 15 Series này sở hữu không gian lưu trữ lên tới 1TB. Không chỉ có thể cài đặt ứng dụng, bộ nhớ 1TB này còn hỗ trợ lưu trữ hình ảnh, video chất lượng cao để người dùng thực hiện công việc sáng tạo một cách hiệu quả.\n\nTrải nghiệm nhiếp ảnh đột phá'
 'Hiệu năng mạnh mẽ, dung lượng lớn vượt trội\n\nXiaomi 15 Ultra 5G 1TB được trang bị con chip Snapdragon 8 Elite sở hữu sức mạnh hàng đầu hiện nay. Ngoài khả năng ép xung lên tới 4.32GHz, con chip 3nm này còn có sức mạnh tính toán lên tới 80TOPS. Nhờ đó, hiệu suất công việc trên điện thoại sẽ được cải thiện với các công cụ viết AI, tìm kiếm AI, nhận dạng giọng nói AI,...đi kèm hệ điều hành HyperOS 2.']","Thông số kỹ thuật nổi bật của Xiaomi 15 Ultra 5G 16GB 1TB bao gồm:

- Màn hình kích thước 6.73 inch với độ phân giải 3200 x 1440 pixel.
- Chip Snapdragon 8 Elite, RAM 16GB LPDDR5X 8533Mbps và bộ nhớ 1TB.
- Hệ điều hành HyperOS 2 với khả năng AI giúp sử dụng điện thoại tiện lợi hơn.

Đặc biệt, phiên bản này còn được trang bị con chip Snapdragon 8 Elite mạnh mẽ, RAM cao cấp và dung lượng lưu trữ lớn lên đến 1TB.","Xiaomi 15 Ultra 5G 16GB 1TB được trang bị chip Snapdragon 8 Elite, 16GB RAM, bộ nhớ trong 1TB, hệ thống camera Leica với 4 camera chính, và màn hình AMOLED 6.73 inches với độ phân giải 3200 x 1440 pixel.",0.99999999995,,1.0,0.808671600049567
Samsung Galaxy S23 Ultra 12GB 512GB có giá bao nhiêu?,"['- Samsung Galaxy S23 Ultra 8GB/ 256GB: khoảng 26.990.000 VNĐ.\n- Samsung Galaxy S23 Ultra 12GB/ 512GB: khoảng 31.990.000 VNĐ.\n- Samsung Galaxy S23 Ultra 12GB/ 1TB: khoảng 35.990.000 VNĐ.\n\nSo với các đối thủ cùng tầm giá khác như iPhone 14 Series thì mức giá này của Galaxy S23 Ultra không chênh lệch quá nhiều so với mặt bằng chung của thị trường.\xa0\n\nMua Samsung Galaxy S23 Ultra 12GB 512GB giá hấp dẫn tại CellphoneS\n\nSiêu phẩm\xa0Samsung Galaxy S23 Ultra 12GB 512GB hiện đang được bày bán với mức giá siêu hấp dẫn tại cửa hàng công nghệ CellphoneS. Nhanh tay liên hệ tới số 1800 2097 của CellphoneS để nhận được báo giá tốt cùng nhiều phần quà khuyến mãi khác khi mua Samsung S23 Ultra ngay bạn nhé!\n\nXem thêm'
 'Chi tiết giá bán\xa0S23 Ultra tại CellphoneS vào tháng 10/2025 như sau:\n\nTên sản phẩm\n\n\t\n\nGiá bán\n\n\t\n\nGiá thu cũ lên đời\n\nSamsung Galaxy S23 Ultra 256GB\n\n\t\n\n19.490.000đ\n\n\t\n\n18.990.000đ\n\n\n\n\nSamsung Galaxy S23 Ultra 12GB 1TB\n\n\t\n\n44.990.000đ\n\n\t\n\n44.490.000đ\n\n\n\n\nSamsung Galaxy S23 Ultra 12GB 512GB\n\n\t\n\n22.290.000đ\n\n\t\n\n21.790.000đ\n\nDòng điện thoại Samsung này\xa0đem đến trải nghiệm lý tưởng với màn hình AMOLED 6,8 inch sắc nét cùng camera chính 200MP ấn tượng. Chi phí trở nên dễ tiếp cận hơn nhờ các chương trình trả góp lãi suất 0%. Ngoài ra, nhiều ưu đãi độc quyền chỉ có tại cửa hàng CellphoneS.\n\nĐánh giá S23 Ultra: Hiệu năng, camera, màn hình'
 'Các phiên bản màu sắc mà Samsung đã lựa chọn để khoác lên S23 Ultra trong lần ra mắt vừa rồi là: Tím, kem, xanh và đen. Tất cả các tùy chọn màu này đều toát lên sự sang trọng, lịch lãm nhưng cũng cực kỳ trẻ trung, tươi mới, phù hợp với nhiều đối tượng người dùng.\n\nSamsung Galaxy S23 Ultra sẽ có mức giá bao nhiêu?\n\nVào thời điểm vừa mới được ra mắt, S23 Ultra được đánh giá là có giá thành cao hơn một chút so với người anh em S22 Ultra trước đó. Tuy nhiên, hiện tại thì mức giá thành của S23 Ultra đã có sự biến động. Cụ thể:']",Samsung Galaxy S23 Ultra 12GB 512GB có giá khoảng 22.290.000 VNĐ. Đây là mức giá hấp dẫn so với các đối thủ cùng tầm giá khác trên thị trường.,Samsung Galaxy S23 Ultra 12GB 512GB có giá 22.290.000đ.,0.9999999999666667,,1.0,0.8410977787716453
Điện thoại Samsung Galaxy S23 Ultra có những màu sắc nào?,"['Các phiên bản màu sắc mà Samsung đã lựa chọn để khoác lên S23 Ultra trong lần ra mắt vừa rồi là: Tím, kem, xanh và đen. Tất cả các tùy chọn màu này đều toát lên sự sang trọng, lịch lãm nhưng cũng cực kỳ trẻ trung, tươi mới, phù hợp với nhiều đối tượng người dùng.\n\nSamsung Galaxy S23 Ultra sẽ có mức giá bao nhiêu?\n\nVào thời điểm vừa mới được ra mắt, S23 Ultra được đánh giá là có giá thành cao hơn một chút so với người anh em S22 Ultra trước đó. Tuy nhiên, hiện tại thì mức giá thành của S23 Ultra đã có sự biến động. Cụ thể:'
 'Hiển thị chân thực hơn thông qua tấm nền Dynamic AMOLED 2X cao cấp\n\nBên cạnh các điểm nhấn vượt trội trên thì các thông số hiển thị trên Samsung Galaxy S23 Ultra cũng không hề tầm thường. Máy sở hữu công nghệ màn hình Dynamic AMOLED 2X, độ phân giải 2K và độ sáng lên tới 1750nits.\xa0\n\nNhờ vào những thông số này, màn hình hiển thị trên S23 Ultra mang đến màu sắc rực rỡ và nội dung sắc nét, tạo trải nghiệm tuyệt vời khi chơi game và xem phim.\n\nĐiện thoại Samsung Galaxy S23 Ultra được ra mắt vào thời điểm nào?'
 'Cập nhật thêm những thông tin mới và chính xác nhất về giá\xa0S23 Ultra tại CellphoneS ngay!\n\nSamsung Galaxy S23 Ultra 12GB 512GB tạo nên đột phá mạnh mẽ về mặt hiệu năng khi được trang bị vi xử lý Snapdragon 8 Gen 2 vượt trội cùng 12GB bộ nhớ RAM. Chất lượng hiển thị siêu sắc nét trên S23 Ultra tới từ tầm nền Dynamic AMOLED 2X 120Hz thế hệ mới. Bên cạnh đó, smartphone này còn sở hữu cụm camera cao cấp với độ rõ nét đạt tới 200MP. Viên pin 5000mAh cùng sạc nhanh 45W giúp nâng cao thời lượng sử dụng lên một tầm cao mới.\xa0\n\nNội dung chính']","Samsung Galaxy S23 Ultra có 4 màu sắc khác nhau để bạn lựa chọn:

- Tím
- Kem
- Xanh
- Đen

Các màu này đều mang đến sự sang trọng, lịch lãm nhưng cũng trẻ trung và tươi mới. Đây là những lựa chọn phù hợp với nhiều đối tượng người dùng khác nhau.","Samsung Galaxy S23 Ultra có các màu: Tím, Trắng, Xanh, Đen.",0.0,0.0,1.0,0.7889614373462125
Thông số kỹ thuật nổi bật của Samsung Galaxy S23 Ultra là gì?,"['Dung lượng RAM: 12 GB\n\nHệ điều hành: Android\n\nTính năng màn hình: 120Hz, HDR10+, 1750 nits, Gorilla Glass Victus 2\n\nCông nghệ màn hình: Dynamic AMOLED 2X\n\nKích thước màn hình: 6.8 inches\n\nĐộ phân giải màn hình: 1440 x 3088 pixels (QHD+)\n\n**Giới thiệu sản phẩm:** Đặc điểm nổi bật của Samsung Galaxy S23 Ultra 12GB 512GB\n\nCập nhật thêm những thông tin mới và chính xác nhất về giá\xa0S23 Ultra tại CellphoneS ngay!'
 'Galaxy S23 Ultra vượt trội trong việc lấy nét chính xác và nhanh chóng trong chế độ chụp zoom, khắc phục hoàn toàn các vấn đề về lấy nét chậm, rung lắc và nhòe hình ở những thế hệ trước đó. Ngoài ra, tính năng quay video với độ phân giải 8K ở tốc độ 30FPS cũng đạt chất lượng cao cấp, chuẩn điện ảnh cho người dùng.\n\nCấu hình đột phá khi sở hữu chipset Snapdragon 8 Gen 2 mạnh mẽ\n\nVề mặt hiệu năng, Galaxy S23 Ultra cũng có những điểm nâng cấp hết sức ấn tượng so với các thế hệ Samsung Galaxy S tiền nhiệm. Được trang bị con chip Snapdragon 8 Gen 2 tối ưu riêng cho phân khúc máy Galaxy S Series, S23 Ultra vượt trội hoàn toàn về mặt cấu hình.'
 'Dung lượng RAM: 8 GB\n\nHệ điều hành: Android 13\n\nTính năng màn hình: 120Hz, HDR10+, 1750 nits, Gorilla Glass Victus 2\n\nCông nghệ màn hình: Dynamic AMOLED 2X\n\nKích thước màn hình: 6.8 inches\n\nĐộ phân giải màn hình: 1440 x 3088 pixels (QHD+)\n\n**Giới thiệu sản phẩm:** Đặc điểm nổi bật của Samsung Galaxy S23 Ultra 256GB\n\nSamsung S23 Ultra\xa0gây ấn tượng với màn hình 6.8 inch Dynamic AMOLED 2X QHD+, đem lại một trải nghiệm chân thực với hình ảnh sống động và rõ nét. Camera độ phân giải 200MP, giúp chụp ảnh sắc nét. Hiệu suất được bảo đảm nhờ chip Snap 8 Gen 2 với RAM 8GB.\n\nNội dung chính']","Samsung Galaxy S23 Ultra nổi bật với các thông số kỹ thuật sau:

- RAM 12GB
- Hệ điều hành Android 13
- Màn hình 6.8 inch Dynamic AMOLED 2X QHD+, mang lại trải nghiệm hình ảnh sống động và sắc nét.
- Camera độ phân giải 108MP, hỗ trợ quay video 8K ở tốc độ 30FPS.

Đặc biệt, Galaxy S23 Ultra được trang bị con chip Snapdragon 8 Gen 2 mạnh mẽ, RAM 8GB, cho hiệu suất cao và cấu hình vượt trội so với các thế hệ trước.","Samsung Galaxy S23 Ultra được trang bị pin 5000 mAh, chipset Snapdragon 8 Gen 2, camera chính 200MP, RAM 12GB và bộ nhớ trong 512GB.",0.99999999995,0.8,0.6666666666666666,0.8050139963534356
iPhone 16 Pro Max 512GB có giá bao nhiêu?,"['Giá iPhone 16 Pro Max bao nhiêu tiền 10/2025?  Giá iPhone 16 Pro Max hiện đang ở mức 30.39 triệu đồng cho phiên bản 256GB, là lựa chọn phổ biến với dung lượng lưu trữ đáp ứng tốt cho nhu cầu thông thường. Với những người dùng thường xuyên làm việc với dữ liệu lớn hoặc đam mê chụp ảnh, quay phim, phiên bản 512GB có giá 36.79 triệu đồng sẽ là lựa chọn hợp lý hơn.\xa0 Hiện nay Apple cũng đã cho ra mắt mẫu iPhone 17 Pro với thiết kế nhỏ gọn, màu mới kèm pin trâu. Ngoài dòng Pro Max bạn đang theo dõi, cùng khám phá xem ngay để có nên mua ngay không nhé!  Trong khi đó, phiên bản cao cấp hơn với dung lượng 1TB hiện đang được bán ở mức 42.99 triệu'
 'iPhone 14 Pro Max 512GB giá bao nhiêu?\n\niPhone 14 Pro Max phiên bản 512GB chính hãng VN/A có giá dự đoán khoảng 43.990.000đ tại Việt Nam (giá chưa bao gồm các chương trình khuyến mãi tại CellphoneS). Tuy nhiên, trong đợt mở bán đầu tiên, khi mua hàng tại CellphoneS, khách hàng sẽ nhận được nhiều ưu đãi khủng như ưu đãi thanh toán, ưu đãi lên đời, trừ trực tiếp trên giá bán niêm yết.\n\nTham khảo giá bán\xa0iPhone 14 Pro Max phiên bản 512GB chính hãng VN/A tại đợt mở bán đầu tiên tại CellphoneS dưới đây.\n\n\t\n\nGiá bán\n\n\n\n\niPhone 14 Pro Max 512GB Đen\n\n\t\n\nGiá chỉ từ 36.990.000 đồng\n\n\n\n\niPhone 14 Pro Max 512GB Trắng\n\n\t\n\nGiá chỉ từ\xa036.990.000 đồng\n\n\n\n\niPhone 14 Pro Max 512GB Vàng\n\n\t\n\nGiá chỉ từ\xa036.990.000 đồng\n\n\n\n\niPhone 14 Pro Max\xa0512GB Tím'
 'Điện thoại iPhone 15 Pro Max 512GB giá bao nhiêu?\n\nDo được nâng cấp mạnh về khả năng lưu trữ nên ấn phẩm iPhone mới này của Apple cũng được phân phối tại thị trường Việt với mức giá thành cao hơn so với phiên bản tiêu chuẩn. Cụ thể, iPhone 15 Pro Max bản 512GB đang sở hữu mức giá thành dao động khoảng 39.79 triệu VNĐ đến 40.9 triệu đồng.\n\nNgười dùng cũng có thể chọn iPhone 17 Pro Max mới muốn sở hữu thiết bị với cấu hình mạnh cùng sự hỗ trợ của AI. Bên cạnh đó, với nhiều nâng cấp đáng sở hữu, bạn có thể cùng xem ngay nhé!']",iPhone 16 Pro Max 512GB có giá khoảng 36.79 triệu đồng.,Giá sản phẩm iPhone 16 Pro Max 512GB là 36.990.000đ.,0.9999999999,,1.0,0.8205894659149874
iPhone 16 Pro Max 512GB có những màu sắc nào?,"['thể của thiết bị. iPhone 16 thường 128GB có mấy màu? Màu nào hot? iPhone 16 thường có 5 phiên bản màu lần lượt là Xanh Lưu Ly, Xanh Mòng Két, Hồng, Trắng và Đen. Tuy tổng số màu không đổi so với thế hệ trước như màu sắc lại có sự thay đổi đáng kể. Cụ thể chỉ có duy nhất màu đen là được giữ lại và sự quay trở lại của màu trắng thì iPhone 16 bản tiêu chuẩn này có ba phiên bản màu mới. Cùng với đó, hiện nay một mẫu điện thoại đang sở hữu nhiều ưu điểm tốt như\xa0iPhone 16 Plus hiện cũng đang được quan tâm nhiều trong giai đoạn này, cùng khám phá chi tiết để không bỏ lỡ cơ hội sở hữu'
 '4 màu sắc của iPhone 15 Pro Max lần lượt là: titan tự nhiên, titan trắng, titan đen và titan xanh\n\nTitan Tự nhiên là sự kết hợp giữa màu xám bạc và ánh kim titan, tạo nên cảm giác mạnh mẽ và thời thượng, phù hợp cho những ai yêu thích sự sang trọng.\xa0\n\nTitan Xanh mang đến sự tinh tế với gam màu xanh đậm, đầy thu hút, nổi bật giữa đám đông và thể hiện cá tính mạnh mẽ.\n\nTitan Trắng lại có nét đẹp tối giản và thanh lịch, phù hợp với người yêu thích phong cách tinh tế và hiện đại. Đây là một lựa chọn an toàn và dễ phối đồ, thể hiện sự tinh khiết và sang trọng.'
 '**Giới thiệu sản phẩm:** Đặc điểm nổi bật của iPhone 16 Pro Max 512GB | Chính hãng VN/A\n   iPhone 16 Pro Max phiên bản bộ nhớ trong 512GB có màn hình lớn 6.9 inches chuẩn Super Retina XDR OLED hiển thị vượt trội cùng độ sáng tối đa đến 2000 nit. Máy với thiết kế mới với nút điều khiển camera, nút action cùng với màu titan sa mạc ấn tượng. Phần cứng điện thoại cũng được nâng cấp với chip A18 Pro cũng như camera hỗ trợ chụp zoom quang học 5x.  Nội dung chính  \n        1.  iPhone 16 Pro Max 512GB – Điện thoại cao cấp, bộ nhớ dung lượng cao \n      \n        1.1. Dung lượng lưu trữ 512GB vượt trội\n      \n        1.2. Ba camera hỗ trợ zoom quang 5x']","iPhone 16 Pro Max 512GB có 4 màu sắc chính:

1. Xanh Lưu Ly
2. Xanh Mòng Két
3. Hồng
4. Trắng

Màu đen vẫn được giữ lại, nhưng thêm ba phiên bản mới là Titan tự nhiên, Titan trắng, Titan đen và Titan xanh.

Titan Tự nhiên mang đến vẻ đẹp mạnh mẽ và thời thượng với màu sắc kết hợp giữa xám bạc và ánh kim titan.

Titan Xanh nổi bật với gam màu xanh đậm đầy thu hút, phù hợp cho những ai yêu thích phong cách tinh tế và hiện đại.

Titan Trắng có nét đẹp tối giản và thanh lịch, phù hợp với người yêu thích phong cách tinh khiết và sang trọng.","iPhone 16 Pro Max 512GB có các màu Titan Đen, Titan Trắng, Titan Sa Mạc, Titan Tự Nhiên.",0.3333333333,,0.8,0.8061304628653626
iPhone 16 Pro Max 512GB phù hợp với ai?,"['iPhone 16 Pro Max 512GB – Điện thoại cao cấp, bộ nhớ dung lượng cao  iPhone 16 Pro Max 512GB là điện thoại cao cấp nhất của 2024 với cấu hình vượt trội. Đặc biệt với dung lượng bộ nhớ mở rộng tối ưu cho khả năng lưu trữ. Dung lượng lưu trữ 512GB vượt trội iPhone 16 Pro Max dung lượng 512GB là phiên bản cấu hình mở trọng với dung lượng lưu trữ lớn hơn dành cho người dùng có nhu cầu lưu trữ lớn. Với dung lượng 512GB, điện thoại phù hợp cho người dùng yêu thích quay phim chụp hình với số lượng hình ảnh và video cần lưu trữ lớn.  (Nguồn ảnh: Apple) Ngoài dung lượng, các thông số khác sẽ không có sự'
 'iPhone 16 Pro 512GB - Điện thoại cao cấp, bộ nhớ vượt trội iPhone 16 Pro 512GB là dòng sản phẩm mới ra mắt của Apple trong năm 2024 với nhiều ưu điểm ấn tượng, đáp ứng mọi nhu cầu của người dùng hiện đại. Sản phẩm sở hữu các tính năng cao cấp, từ camera đến màn hình, tạo nên một chiếc smartphone hoàn hảo cho những ai mong muốn trải nghiệm công nghệ tiên tiến. Mẫu điện thoại đang được giảm giá ưu đãi tốt chính là iphone 16 pro max 512gb\xa0với thiết kế màn hình lớn, camera nâng cấp, cùng xem ngay để mua tại CellphoneS giá tốt nhất ngay nhé!  Ống kính chính 48MP với hàng loạt tính năng đẳng cấp  Hệ thống'
 'iPhone 16 Pro Max có những phiên bản GB nào?  Apple giới thiệu iPhone 16 Pro Max với ba phiên bản bộ nhớ trong khác nhau, giúp người dùng dễ dàng lựa chọn theo đúng nhu cầu sử dụng và khả năng tài chính. Các phiên bản lần lượt gồm iPhone16 Pro Max 256 GB, phiên bản 512GB và phiên bản dung lượng lớn 1TB.  Với khách hàng thông thường, phiên bản iPhone16 bản Pro Max 256 GB là lựa chọn lý tưởng bởi mức giá hợp lý cùng dung lượng lưu trữ đủ dùng hàng ngày. Tuy nhiên, những người có nhu cầu cao về lưu trữ hoặc ghi nhớ dữ liệu lớn nên cân nhắc phiên bản 512GB và 1TB để có']","iPhone 16 Pro Max 512GB phù hợp với những người dùng có nhu cầu lưu trữ lớn và yêu thích chụp hình hoặc quay phim. Với dung lượng 512GB, điện thoại này đáp ứng tốt cho việc lưu trữ số lượng lớn hình ảnh và video cần thiết cho các tác vụ như quay phim và chụp ảnh.","iPhone 16 Pro Max 512GB phù hợp cho người dùng có nhu cầu lưu trữ lớn, yêu thích quay phim chụp hình với số lượng hình ảnh và video cần lưu trữ lớn.",0.9999999999666667,,1.0,0.7738020321355202
OPPO Reno13 F 5G có giá bao nhiêu?,"['Bảng giá OPPO Reno 13 5G chính hãng mới nhất:\n\nPhiên bản OPPO Reno13:\xa0giá 15,99 triệu VNĐ\n\nPhiên bản OPPO Reno13 Pro: giá 18,99 triệu\xa0VNĐ\n\nPhiên bản Reno13 F 8 GB + 256 GB: giá 8,99 triệu VNĐ\n\nPhiên bản Reno13 F 5G 12 GB + 256 GB:\xa0giá 10,990 triệu\xa0VNĐ\n\nĐây là lựa chọn hấp dẫn dành cho những ai mong muốn sở hữu một chiếc smartphone hội tụ đầy đủ yếu tố về phong cách và công nghệ, mà vẫn đảm bảo mức giá hợp lý so với các sản phẩm cùng phân khúc.'
 'Điện thoại OPPO Reno12 F 5G giá bao nhiêu?\n\nĐiện thoại sẽ ra mắt tại thị trường Việt Nam với mức giá khởi điểm chỉ khoảng hơn 9 triệu đồng. Đây là một mức giá hợp lý khi xem xét về các nâng cấp và cải tiến về thiết kế và hiệu năng mà thiết bị mang lại.-\n\nVới mức giá này sẽ cho thấy giá trị của sản phẩm sẽ tương ứng với các tính năng khác nhau mà điện thoại đem lại cho khách hàng trong quá trình sử dụng.\n\nMua điện thoại OPPO Reno12 F 5G chính hãng, uy tín tại CellphoneS'
 'Điện thoại OPPO Reno12 5G giá bao nhiêu?\n\nTại thị trường Trung Quốc, OPPO Reno12 5G được cho là sẽ có mức giá bán từ 2699NDT (khoảng 9,5 triệu đồng) cho bản 12GB + 256GB , duy trì sự cạnh tranh như phiên bản trước đó là Reno11 5G. Với mức giá này, sản phẩm dễ dàng tiếp cận được nhiều phân khúc người dùng, từ những người dùng phổ thông đến những người yêu công nghệ.']","OPPO Reno13 F 5G có giá khoảng 10,990 triệu VNĐ.",Giá sản phẩm OPPO Reno13 F 5G là 9.990.000đ.,0.9999999999,,1.0,0.8309213865305702
Điện thoại OPPO Reno13 F 5G phù hợp với ai?,"['OPPO tiếp tục cuộc đua công nghệ với bộ đôi Reno14 F và Reno13 F, mang đến nhiều cải tiến đáng chú ý trong phân khúc tầm trung. Reno14 F nổi bật với hiệu năng ổn định hơn, thiết kế mỏng nhẹ hiện đại và camera AI nâng cấp, trong khi Reno13 F vẫn giữ được sức hút nhờ mức giá dễ tiếp cận và trải nghiệm mượt mà. Vậy đâu là lựa chọn tối ưu cho người dùng công nghệ trẻ yêu thích sự đổi mới?\n\nThông số\n\n\t\n\nOPPO Reno14 F 5G 8GB 256GB\n\n\t\n\nOPPO Reno13 F 5G 12GB 256GB\n\nKích thước màn hình\n\n\t\n\n6.57 inches\n\n\t\n\n6.67 inches\n\n\n\n\nCông nghệ màn hình\n\n\t\n\nAMOLED\n\n\t\n\nAMOLED\n\n\n\n\nCamera sau\n\n\t\n\nChính 50MP OIS, F/1.8\nGóc rộng 8MP, F/2.2\nMarco 2MP, F/2.4'
 'Reno13 5G chống nước tốt không?\n\nOPPO Reno13 5G series nói chung và Oppo Reno13 F 4G nói riêng được trang bị khả năng chống nước với các chuẩn IP66, IP68 và IP69, giúp bảo vệ điện thoại khỏi tác động của nước và bụi bẩn trong nhiều điều kiện khác nhau. Ở điều kiện thử nghiệm, các chuẩn này giúp điện thoại có thể chịu được các yếu tố môi trường như nước phun 80 độ C, ngâm trong nước ở 2m trong khoảng 30 phút (trên thực tế có thể thay đổi).'
 'So sánh OPPO Reno13 F 5G nâng cấp gì so với Reno 12F?\n\nOPPO Reno13F 5Gthuộc dòng\xa0điện thoại OPPO Reno\xa0được cải tiến để có thể đem đến hiệu năng và sức mạnh cùng các tính năng vượt trội hơn cho người dùng. Nếu bạn đã yêu thích thế hệ tiền nhiệm là Reno 12F thì khi lên đời điện thoại mới, bạn sẽ có được những trải nghiệm đầy hứa hẹn.\n\nThông số\n\n\t\n\nOPPO Reno13 F\n\n\t\n\nOPPO Reno 12F\n\n\n\n\nMàn hình\xa0\n\n\t\n\n6.67 inches\n\n\t\n\n6.7 inches\n\n\n\n\nCông nghệ màn hình\n\n\t\n\nAMOLED 120Hz, độ sáng 1200 nits,\xa0\n\nmặt kính Asahi Glass AGC DT-Star 2\n\n\t\n\nAMOLED tần số 120Hz, độ sáng 1200 nits, mặt kính Asahi AGC DT-Star2\n\n\n\n\nĐộ phân giải màn hình\n\n\t\n\n1080 x 2400 pixels\n\n\t\n\n1080 x 2400 pixels']","OPPO Reno13 F 5G phù hợp với những người yêu thích sự đổi mới và muốn trải nghiệm điện thoại có nhiều cải tiến trong phân khúc tầm trung. Nó mang đến hiệu năng ổn định, thiết kế hiện đại và camera AI nâng cấp, đồng thời vẫn giữ được mức giá dễ tiếp cận.","OPPO Reno13 F 5G phù hợp với những người dùng cần một smartphone mạnh mẽ với hiệu năng cao, camera chất lượng và thời lượng pin dài.",0.8333333332916666,1.0,0.8333333333333334,0.5795436449265288
Thông số kỹ thuật nổi bật của OPPO Reno13 F 5G là gì?,"['Cùng với đó, điện thoại còn có khả năng chống bụi, giọt bắn với chuẩn chống nước\xa0IP66, IP68, IP69\xa0để bạn có thể sử dụng an toàn khi gặp phải mưa bất chợt. Bên cạnh đó, điểm nhấn của OPPO Reno13 F còn nằm ở camera sau được đặt trong cụm tròn độc đáo, hoàn thiện kim loại nổi bật.\n\nSo sánh OPPO Reno13 F 5G nâng cấp gì so với Reno 12F?'
 'Kích thước màn hình: 6.67 inches\n\nĐộ phân giải màn hình: 1080 x 2400 pixels (FullHD+)\n\n**Giới thiệu sản phẩm:** Đặc điểm nổi bật của OPPO Reno13 F 5G 12GB 256GB\n\nOPPO Reno13 F\xa0ra mắt người dùng với hàng ngàn ưu điểm nổi bật vào tháng 03/01/2025. Những tính năng mới cùng sức mạnh hiệu năng mạnh mẽ hơn cùng chip Qualcomm Snapdragon 6 Gen1 5G. Liệu giá bán bao nhiêu, cùng khám phá tiếp dưới đây ngay nhé!\n\nNội dung chính'
 'Không\n\n\t\n\nCó\n\n\n\n\nTính năng NFC\n\n\t\n\nCó\n\n\t\n\nCó\xa0\n\n\n\n\nSIM\n\n\t\n\nDual nano-SIM hoặc 1 nano-SIM + 1 khe thẻ nhớ\n\n\t\n\nDual nano-SIM hoặc 1 nano-SIM + 1 khe thẻ nhớ\n\nSo sánh OPPO Reno13 F vs Reno12F?\n\nNgoài các dòng và số liệu thông số, hiện nay trong phân khúc ra mắt cùng thời điểm hiện nay bạn còn có thể chọn mua cho mình mẫu điện thoại OPPO Reno13 F 5G với thiết kế hiện đại, thông số kỹ thuật có phần được săn đón nhiều trong giai đoạn này, cùng ghé CellphoneS\xa0\n\nThông số\tReno13 F\tReno12F\nMàn hình\t6.67 inch AMOLED,\xa01080 x 2400 pixels\t\n\n6.67 AMOLED,\xa01080 x 2400 pixels\n\n\nTần số quét\t120Hz\t120Hz\nHiệu năng\tMediaTek Helio G100 (6nm)\t\n\nQualcomm® KryoTM 685']","OPPO Reno13 F 5G nổi bật với các tính năng sau:

- Màn hình FullHD+ kích thước 6.67 inch AMOLED, đáp ứng nhu cầu giải trí và làm việc tốt.
- Tần số quét lên đến 120Hz cho trải nghiệm hiển thị mượt mà hơn.
- Hiệu năng mạnh mẽ với chip Qualcomm® KryoTM 685, giúp hoạt động ổn định và hiệu quả.

So sánh với Reno12F:
- Màn hình và tần số quét tương tự.
- Tính năng NFC và SIM dual-SIM cũng được trang bị trên cả hai model.","OPPO Reno13 F 5G có pin 5800mAh, chipset Qualcomm Snapdragon 6 Gen1 5G, RAM 12GB, bộ nhớ trong 256GB, màn hình AMOLED 6.67 inches với tần số 120Hz và camera chính 50MP.",0.99999999995,,0.8,0.7900174136035524
Nothing Phone 3A 12GB 256GB có giá bao nhiêu?,"['**Tên sán phẩm:** Nothing Phone 3A 12GB 256GB\n\n**Giá sản phẩm:** 9.690.000đ\n\n**Các màu của sản phẩm:** Xanh dương\n\n**Thông số sản phẩm:** Pin: 5000mAh\n\nChipset: Qualcomm SM7635 Snapdragon 7s Gen 3\n\nThẻ SIM: 2 Nano-SIM\n\nCamera sau: Camera chính: 50MP, F1.88\nCamera góc siêu rộng: 8MP, F2.2\nCamera Tele: 50MP, F2.0\n\nCamera trước: 32MP, F2.2\n\nBộ nhớ trong: 256 GB\n\nCông nghệ NFC: Có\n\nDung lượng RAM: 12 GB\n\nHệ điều hành: Nothing OS 3.1 (Based on Android 15)\n\nTính năng màn hình: 120Hz, NTSC 105%, 387 ppi, 3000nit, 1.07 tỷ màu, DCI-P3 100%, HDR10+\n\nCông nghệ màn hình: AMOLED\n\nKích thước màn hình: 6.77 inches\n\nĐộ phân giải màn hình: 1080 x 2392 pixels\n\n**Giới thiệu sản phẩm:** Đặc điểm nổi bật của Nothing Phone 3A 12GB 256GB'
 'Đây là dòng sản phẩm thứ 4 của hãng, kế nhiệm dòng 1, 2 và 2A. Với chất lượng cao cấp và mức giá hợp lý, phiên bản này tiếp tục được người dùng đón nhận rộng rãi.\n\nĐiện thoại Nothing Phone 3A giá bán bao nhiêu tiền?\n\nĐiện thoại Nothing Phone 3A có giá khởi điểm tại thị trường Ấn Độ là 24,999 Rs (khoảng 7.3 triệu đồng) cho mẫu RAM 8GB 128GB. Các phiên bản dung lượng 8GB 256GB có giá thành từ 26,999 Rs (khoảng 7.9 triệu đồng).\n\nGiá bán trên thuộc phân khúc phổ thông, thích hợp với phần lớn khách hàng ở nước ta. Sản phẩm đã được mở bán chính thức từ ngày 11 tháng 3 năm 2025.'
 'Điện thoại Nothing Phone 2A có giá bao nhiêu?\n\nĐiện thoại Nothing Phone 2A được giới thiệu tại thị trường Châu Âu với mức giá khởi điểm từ EUR (khoảng 8,8 triệu VNĐ) cho phiên bản có dung lượng 128GB và RAM 8GB. Đối với những người dùng muốn có dung lượng lưu trữ và hiệu suất cao hơn, phiên bản 256GB với RAM 12GB có giá cao hơn.\xa0\n\nChi tiết giá bán các phiên bản của\xa0Nothing Phone 2A tại CellphoneS vào 10/2025 như sau:\n\nTên sản phẩm\n\n\t\n\nGiá bán\n\n\t\n\nGiá thu cũ lên đời\n\nNothing Phone 2A 5G 8GB 128GB - Chỉ có tại CellphoneS\n\n\t\n\n6.990.000đ\n\n\t\n\n6.490.000đ\n\n\n\n\nNothing Phone 2A 5G 12GB 256GB - Chỉ có tại CellphoneS\n\n\t\n\n8.190.000đ\n\n\t\n\n7.690.000đ\n\nĐiện thoại Nothing Phone 2A khi nào ra mắt?']",Điện thoại Nothing Phone 3A 12GB 256GB có giá khởi điểm tại thị trường Ấn Độ là 7.3 triệu đồng (9.690.000đ). Giá này phù hợp với phần lớn khách hàng ở Việt Nam và đã được mở bán chính thức từ ngày 11 tháng 3 năm 2025.,Giá sản phẩm là 9.690.000đ.,0.9999999999,,0.75,0.6934474424118177
Nothing Phone 3A 12GB 256GB có những màu sắc nào?,"['**Tên sán phẩm:** Nothing Phone 3A 12GB 256GB\n\n**Giá sản phẩm:** 9.690.000đ\n\n**Các màu của sản phẩm:** Xanh dương\n\n**Thông số sản phẩm:** Pin: 5000mAh\n\nChipset: Qualcomm SM7635 Snapdragon 7s Gen 3\n\nThẻ SIM: 2 Nano-SIM\n\nCamera sau: Camera chính: 50MP, F1.88\nCamera góc siêu rộng: 8MP, F2.2\nCamera Tele: 50MP, F2.0\n\nCamera trước: 32MP, F2.2\n\nBộ nhớ trong: 256 GB\n\nCông nghệ NFC: Có\n\nDung lượng RAM: 12 GB\n\nHệ điều hành: Nothing OS 3.1 (Based on Android 15)\n\nTính năng màn hình: 120Hz, NTSC 105%, 387 ppi, 3000nit, 1.07 tỷ màu, DCI-P3 100%, HDR10+\n\nCông nghệ màn hình: AMOLED\n\nKích thước màn hình: 6.77 inches\n\nĐộ phân giải màn hình: 1080 x 2392 pixels\n\n**Giới thiệu sản phẩm:** Đặc điểm nổi bật của Nothing Phone 3A 12GB 256GB'
 'So với phiên bản Nothing Phone 2A Plus, độ sáng tối đa trên màn hình đã tăng 131% từ 1300 lên 3000 nits. Màn hình còn được cấp chứng nhận HDR10+, mang lại hình ảnh sống động, chân thực.\n\nKhông chỉ sở hữu độ sáng cao hơn, màn hình mà Nothing Phone 3A sở hữu còn có khả năng tái tạo tới 1.07 tỷ màu sắc. Kèm theo đó là độ tương phản lên tới 1.000.000:1 để điện thoại Nothing 3A thể hiện được các gam màu, độ sáng tối một cách sống động, chân thực.'
 'Điểm nhấn nổi bật nhất của Nothing 3A 12GB 256GB chính là thiết kế mặt lưng trong suốt với đèn Glyph độc đáo. Kết hợp cùng chip Snapdragon 7s Gen 3 và màn hình AMOLED 120Hz, chiếc điện thoại Nothing Phone 3A này mang đến trải nghiệm vừa mượt mà vừa khác biệt với phần còn lại.\n\nNothing Phone 3A 12GB 256GB được trang bị viên pin dung lượng lớn 5.000mAh, đủ sức để học tập lẫn giải trí liên tục cả ngày dài. Đặc biệt, công nghệ sạc nhanh 50W giúp thiết bị sạc đầy 100% chỉ trong khoảng chưa đến một giờ theo công bố của nhà sản xuất.']",Sản phẩm Nothing Phone 3A 12GB 256GB có màu sắc là xanh dương.,Sản phẩm có màu xanh dương.,0.9999999999,,1.0,0.7438148938183703
Thông số kỹ thuật nổi bật của Nothing Phone 3A 12GB 256GB là gì?,"['Kích thước màn hình: 6.77 inches\n\nĐộ phân giải màn hình: 1080 x 2392 pixels\n\n**Giới thiệu sản phẩm:** Đặc điểm nổi bật của Nothing Phone 3A 12GB 256GB\n\nNothing Phone 3A 12GB 256GB sở hữu thông số bộ nhớ RAM 12GB, hỗ trợ chinh phục mọi tác vụ từ lướt web đến chiến game nặng. Dung lượng đi kèm 256GB không chỉ phục vụ tốt nhu cầu học tập, làm việc mà còn đáp ứng lưu trữ kho game nặng, video và ảnh.'
 '**Tên sán phẩm:** Nothing Phone 3A 12GB 256GB\n\n**Giá sản phẩm:** 9.690.000đ\n\n**Các màu của sản phẩm:** Xanh dương\n\n**Thông số sản phẩm:** Pin: 5000mAh\n\nChipset: Qualcomm SM7635 Snapdragon 7s Gen 3\n\nThẻ SIM: 2 Nano-SIM\n\nCamera sau: Camera chính: 50MP, F1.88\nCamera góc siêu rộng: 8MP, F2.2\nCamera Tele: 50MP, F2.0\n\nCamera trước: 32MP, F2.2\n\nBộ nhớ trong: 256 GB\n\nCông nghệ NFC: Có\n\nDung lượng RAM: 12 GB\n\nHệ điều hành: Nothing OS 3.1 (Based on Android 15)\n\nTính năng màn hình: 120Hz, NTSC 105%, 387 ppi, 3000nit, 1.07 tỷ màu, DCI-P3 100%, HDR10+\n\nCông nghệ màn hình: AMOLED\n\nKích thước màn hình: 6.77 inches\n\nĐộ phân giải màn hình: 1080 x 2392 pixels\n\n**Giới thiệu sản phẩm:** Đặc điểm nổi bật của Nothing Phone 3A 12GB 256GB'
 'Điểm nhấn nổi bật nhất của Nothing 3A 12GB 256GB chính là thiết kế mặt lưng trong suốt với đèn Glyph độc đáo. Kết hợp cùng chip Snapdragon 7s Gen 3 và màn hình AMOLED 120Hz, chiếc điện thoại Nothing Phone 3A này mang đến trải nghiệm vừa mượt mà vừa khác biệt với phần còn lại.\n\nNothing Phone 3A 12GB 256GB được trang bị viên pin dung lượng lớn 5.000mAh, đủ sức để học tập lẫn giải trí liên tục cả ngày dài. Đặc biệt, công nghệ sạc nhanh 50W giúp thiết bị sạc đầy 100% chỉ trong khoảng chưa đến một giờ theo công bố của nhà sản xuất.']","Nothing Phone 3A 12GB 256GB nổi bật với:

- RAM 12GB cho khả năng xử lý tốt hơn
- Dung lượng lưu trữ 256GB đáp ứng nhu cầu học tập và giải trí
- Pin dung lượng lớn 5000mAh, sạc nhanh 50W
- Camera sau 50MP, góc siêu rộng 8MP, Tele 50MP
- Màn hình AMOLED 120Hz, độ phân giải 1080 x 2392 pixels

Thông số này giúp sản phẩm có khả năng xử lý tốt hơn, lưu trữ lớn và đáp ứng nhu cầu đa dạng của người dùng.","Sản phẩm có pin 5000mAh, chipset Qualcomm SM7635 Snapdragon 7s Gen 3, RAM 12GB, bộ nhớ trong 256GB, màn hình AMOLED 6.77 inches với độ phân giải 1080 x 2392 pixels và tần số quét 120Hz.",0.9999999999666667,,1.0,0.7717287977633536
Redmi 10 5G có giá bao nhiêu?,"['Điện thoại Xiaomi Redmi 10 5G giá bán bao nhiêu tiền, khi nào ra mắt?\n\nXiaomi Redmi 10 5G là chiếc điện thoại sở hữu nhiều tính năng thật sự vượt trội. Tuy nhiên, giá bán Redmi 10 5G khá rẻ khi nằm trong phân khúc dưới 5 triệu đồng. Hiện tại điện thoại đã được chính thức giới thiệu đến với người tiêu dùng.\n\nMua ngay điện thoại Redmi 10 5G chính hãng giá rẻ tại CellphoneS\n\nNếu bạn quan tâm đến mẫu điện thoại thông minh giá rẻ Redmi 10 5G hãy đến với hệ thống bán lẻ CellphoneS. Tại CellphoneS, người dùng có thể hoàn toàn an tâm về chất lượng sản phẩm cũng như giá bán ưu đãi hấp dẫn.\n\nXem thêm'
 'Ngoài ra, Xiaomi Redmi 10 còn được trang bị công nghệ sạc nhanh. Nhờ đó thiết bị có thể rút ngắn thời gian sạc một cách tối đa, giúp bổ sung năng lượng pin một cách nhanh chóng.\n\nĐiện thoại Xiaomi Redmi 10 giá bao nhiêu? Khi nào ra mắt?\n\nLà sản phẩm thuộc phân khúc giá rẻ, Redmi 10 sẽ đến tay người tiêu dùng với mức giá dưới 5 triệu đồng. Trong khi đó, máy sẽ chính thức lên kệ các tại Việt Nam vào những ngày đầu tháng 9 sắp đây.'
 'Redmi 10 5G là chiếc điện thoại được đánh giá là nằm trong phân khúc giá ổn định, có thể nói là rẻ với nhiều tính năng nổi trội được kết hợp. Bên cạnh sự hỗ trợ của 5G, Redmi 10 5G còn được trang bị thêm nhiều đặc điểm về mức dung lượng pin, màn hình, thiết kế vẻ ngoài và khả năng xử lý vô cùng mạnh mẽ.\n\nHiệu năng ổn định với chip MediaTek Dimensity 700']","Redmi 10 5G có giá khoảng 4.9 triệu đồng. Đây là một chiếc điện thoại thuộc phân khúc giá rẻ nhưng vẫn được trang bị nhiều tính năng vượt trội như 5G, sạc nhanh và màn hình Full HD+. Sản phẩm này sẽ chính thức ra mắt vào những ngày đầu tháng 9 sắp tới.",Redmi 10 5G có giá 3.790.000đ.,0.49999999995,,1.0,0.7000120959048021
Redmi 10 5G có những màu sắc nào?,"['Camera 50MP, chụp ảnh sắc nét\n\nĐiện thoại Redmi 10 5G được thiết kế với phần khung được vát phẳng cứng cáp, phù hợp với xu hướng. Mặt lưng còn được thiết kế với những góc bo cong ôm sát mang đến sự thoái mái và cầm chắc tay hơn.\n\nRedmi 10 5G còn mang đến nhiều lựa chọn hơn nhờ vào 3 tuỳ chọn màu sắc xám khoáng bạc, đen và xanh cực quang. Những sắc màu trẻ trung, năng động và bắt kịp với xu hướng người dùng.'
 'Màn hình Xiaomi Redmi 10 5G rộng 6.58 inch và có độ phân giải cao full HD+. Chất lượng hiển thị của máy được đánh giá cao, cả về màu sắc và độ sắc nét của hình ảnh. Đặc biệt, nhờ vào sự hỗ trợ của công nghệ AdaptiveSync mà Redmi 10 5G có thể giúp tiết kiệm điện năng tiêu thụ và giảm làm nóng máy hơn.\n\nPin 5000 mAh, hỗ trợ sạc nhanh công suất lớn'
 'Nhờ cấu hình mạnh mẽ này, Redmi 10 5G có thể hỗ trợ hoàn thành tốt mọi tác vụ kể là việc lướt web, xem phim, kênh giải trí hay chinh phục những tựa game phổ biến.\n\nĐồng thời, công nghệ 5G cũng được trang bị hỗ trợ giúp cho tốc độ kết nối mạng di động của máy được nhanh chóng hơn. Đây cũng là một điểm đặc biệt của Xiaomi, bởi vì hiếm có chiếc smartphone giá rẻ nào được hỗ trợ 5G như Redmi 10 5G.\n\nKèm theo đó hiện nay bạn có thể khám phá thêm ngay tổng hợp các mẫu điện thoại Xiaomi Redmi 10A với thiết kế màu đẹp mắt, camera sắc nét,... Cùng xem ngay nhé!\n\nCamera 50MP, chụp ảnh sắc nét']","Redmi 10 5G có 3 màu sắc chính:

- Xám khoáng bạc
- Đen
- Xanh

Những màu sắc này đều được đánh giá cao về vẻ đẹp và phù hợp với xu hướng người dùng hiện nay.","Redmi 10 5G có các màu Xanh, Bạc, và Xám.",0.9999999999,1.0,0.6666666666666666,0.7715572474272188
Thông số kỹ thuật nổi bật của Redmi 10 5G là gì?,"['Công nghệ màn hình: IPS LCD\n\nKích thước màn hình: 6.58 inches\n\nĐộ phân giải màn hình: 1080 x 2408 pixels\n\n**Giới thiệu sản phẩm:** Đặc điểm nổi bật của Redmi 10 5G 4GB 64GB\n\nRedmi 10 5G được hãng chính thức ra mắt và không ngừng gây sức hút đối với người dùng công nghệ. Sở dĩ được fan công nghệ yêu thích là bởi hãng điện thoại Xiaomi đã khá đầu tư cho Redmi 10 5G từ mặt thiết kế bên ngoài đến cầu hình bên trong, mọi thứ dường như được đầu tư chỉn chu mà không phải hãng cũng có thể làm cho sản phẩm của mình.\n\nNội dung chính'
 '**Tên sán phẩm:** Redmi 10 5G 4GB 64GB\n\n**Giá sản phẩm:** 3.790.000đ\n\n**Các màu của sản phẩm:** Xanh, Bạc, Xám\n\n**Thông số sản phẩm:** Pin: 5000 mAh\n\nChipset: MediaTek Dimensity 700 5G 8 nhân\n\nThẻ SIM: 2 SIM (Nano-SIM)\n\nCamera sau: Camera chính: 50MP, f/1.8\nCamera cảm biến chiều sâu: 2 MP, f/2,4\n\nLoại CPU: 2x2.2 GHz & 6x2.0 GHz\n\nCamera trước: 5 MP, f/2.2\n\nBộ nhớ trong: 64 GB\n\nCông nghệ NFC: Có\n\nDung lượng RAM: 4 GB\n\nHệ điều hành: MIUI 13, Android 12\n\nTính năng màn hình: 90Hz, 1000nits, Công nghệ AdaptiveSync: 30/50/60/90Hz\nKính cường lực Corning® Gorilla®\nMàn hình Sunlight\nChế độ Reading 3.0\n\nCông nghệ màn hình: IPS LCD\n\nKích thước màn hình: 6.58 inches\n\nĐộ phân giải màn hình: 1080 x 2408 pixels'
 'Nhờ cấu hình mạnh mẽ này, Redmi 10 5G có thể hỗ trợ hoàn thành tốt mọi tác vụ kể là việc lướt web, xem phim, kênh giải trí hay chinh phục những tựa game phổ biến.\n\nĐồng thời, công nghệ 5G cũng được trang bị hỗ trợ giúp cho tốc độ kết nối mạng di động của máy được nhanh chóng hơn. Đây cũng là một điểm đặc biệt của Xiaomi, bởi vì hiếm có chiếc smartphone giá rẻ nào được hỗ trợ 5G như Redmi 10 5G.\n\nKèm theo đó hiện nay bạn có thể khám phá thêm ngay tổng hợp các mẫu điện thoại Xiaomi Redmi 10A với thiết kế màu đẹp mắt, camera sắc nét,... Cùng xem ngay nhé!\n\nCamera 50MP, chụp ảnh sắc nét']","Redmi 10 5G nổi bật với các thông số kỹ thuật sau:

- Pin: 5000 mAh
- Chipset: MediaTek Dimensity 700 5G 8 nhân
- Camera sau: 50MP, f/1.8 + 2 MP, f/2.4
- Loại CPU: 2x2.2 GHz & 6x2.0 GHz
- Camera trước: 5 MP, f/2.2
- Bộ nhớ trong: 64 GB
- Công nghệ màn hình: IPS LCD
- Kích thước màn hình: 6.58 inches
- Độ phân giải màn hình: 1080 x 2408 pixels

Các thông số này giúp Redmi 10 5G có thể đáp ứng tốt nhu cầu sử dụng hiện đại, từ việc lướt web, xem phim, chơi game đến trải nghiệm giải trí. Đồng thời, công nghệ 5G cũng được trang bị để tăng tốc độ kết nối mạng di động, tạo nên điểm mạnh riêng biệt của sản phẩm này.","Redmi 10 5G có pin 5000 mAh, chipset MediaTek Dimensity 700 5G 8 nhân, camera sau 50MP, camera trước 5MP, RAM 4GB, bộ nhớ trong 64GB, và màn hình 6.58 inches với độ phân giải 1080 x 2408 pixels.",0.99999999995,,1.0,0.7838993864767679
Samsung Galaxy Z Flip7 có giá bao nhiêu?,"['Điện thoại Samsung Galaxy Z Flip 7 sẽ được lên kệ chính hãng Việt Nam với mức giá niêm yết từ 28.990.000 đồng.\xa0Chi tiết giá bán các phiên bản điện thoại gập\xa0Samsung Galaxy Z Flip 7\xa0tại CellphoneS:\n\nTên sản phẩm\n\n\t\n\nGiá bán\n\n\t\n\nGiá thu cũ lên đời\n\nSamsung Galaxy Z Flip7 12GB 256GB\n\n\t\n\n25.990.000đ\n\n\t\n\n23.490.000đ\n\n\n\n\nSamsung Galaxy Z Flip7 12GB 512GB\n\n\t\n\n29.990.000đ\n\n\t\n\n27.490.000đ\n\nTuy nhiên, giá bán chính thức tại các hệ thống bán lẻ như CellphoneS sẽ có nhiều thay đổi nhờ các chương trình khuyến mãi, quà tặng. Đặc biệt trong giai đoạn pre-order, đây là cơ hội để người dùng có thể sở hữu được Samsung Galaxy Z FLip7 chất lượng với mức giá ưu đãi.\n\nĐánh giá Samsung Galaxy Z Flip 7 có gì mới'
 'Công nghệ màn hình: Dynamic AMOLED 2X\n\nKích thước màn hình: 6.9 inches\n\n**Giới thiệu sản phẩm:** Đặc điểm nổi bật của Samsung Galaxy Z Flip7 12GB 256GB\n\nSamsung Galaxy Z Flip7 12GB 256GB là mẫu điện thoại gập dọc mỏng mới của Samsung. Giá tốt, ưu đãi đến 16.390.000 đồng. Với màn hình chính 6.9 inch FHD+, phụ 4.1 inch super AMOLED, tần số quét 120Hz, vi xử lý Exynos 2500 tiết kiệm điện, camera, dung lượng 4300 mAh - nhanh 25W - sạc không dây 2.0. Hứa hẹn mang đến trải nghiệm di động thông minh, phòng cách và đầy cá tính.\n\nThông tin cập nhật ngày\xa017/10/2025\n\nNội dung chính'
 'Thông tin cập nhật ngày\xa017/10/2025\n\nNội dung chính\n\n1. Samsung Galaxy Z Flip7 giá bao nhiêu?\n2. Đánh giá Samsung Galaxy Z Flip 7 có gì mới\n2.1. Thiết kế tinh gọn: Chạm tay mở trend - gập máy mở cá tính\n2.2. Màn hình phụ 4.1 inch FlexWindow Vô cực\n2.3. Camera chuẩn Ultra trên Z Flip7, tích hợp AI\n2.4. Hiệu năng mạnh mẽ với chip Samsung Exynos 2500\n2.5. Pin Z Flip7 4.300mAh, sạc nhanh 25W – sạc ngược\n2.6. Galaxy Z Flip7 tích hợp Galaxy AI – Trợ lý thông minh\n2.7. Gemini AI thông minh\n3. So sánh Z Flip 7 vs Z Flip 6 và Z Fold 7\n4. Điện thoại Z Flip 7 có mấy màu?\n5. Samsung Galaxy Z Flip7 có mấy phiên bản GB?\n6. Samsung Galaxy Z Flip 7 có chống nước không?\n7. Đánh giá\xa0Samsung Galaxy Z Flip7 từ những người nổi tiếng\n8. Mua Samsung Galaxy Z Flip7 chính hãng, giá tốt tại CellphoneS\nSamsung Galaxy Z Flip7 giá bao nhiêu?']","Samsung Galaxy Z Flip7 có giá niêm yết từ 25.990.000 đồng. Tuy nhiên, bạn sẽ nhận được mức giá ưu đãi lên đến 16.390.000 đồng trong giai đoạn pre-order.",Samsung Galaxy Z Flip7 có giá 29.990.000đ.,0.9999999999666667,,1.0,0.75974720271233
Điện thoại Samsung Galaxy Z Flip7 phù hợp với ai?,"['Samsung còn trang bị cho chiếc Galaxy Z Flip bộ nhớ trong 512GB. Với dung lượng bộ nhớ lớn, điện thoại có đủ không gian để người dùng cài đặt ứng dụng, lưu trữ hình ảnh, video chất lượng cao,...Nhờ vậy, chiếc Z Flip 7 sẽ còn là một lựa chọn rất phù hợp cho những người làm công việc sáng tạo nội dung.\n\n>>> Xem thêm mẫu điện thoại Samsung Galaxy Z Fold 7 12GB 512GB được ra mắt cùng Z Flip sở hữu màn hình to hơn, mỏng hơn cùng hàng loạt tính năng công nghệ mới.\n\nĐặt mua ngay điện thoại Samsung Galaxy Z Flip 7 12GB 512GB giá tốt tại CellphoneS'
 'Nếu Samsung Z Flip7 chinh phục giới trẻ bằng thiết kế thời trang, gập gọn tiện lợi và khả năng selfie linh hoạ. Thì\xa0Samsung Galaxy Z Fold 7\xa0hướng đến người dùng cần một thiết bị mạnh mẽ, đa năng như máy tính bảng thu nhỏ. Cả hai đều được nâng cấp mạnh về hiệu năng, camera, AI và khả năng kháng nước, mang đến trải nghiệm sử dụng cao cấp nhưng vẫn phục vụ hai nhu cầu hoàn toàn khác nhau.\n\nThông số\n\n\t\n\nSamsung Galaxy Z Flip7 12GB 256GB\n\n\t\n\nSamsung Galaxy Z Flip6 12GB 256GB\n\n\t\n\nSamsung Galaxy Z Fold7 12GB 256GB\n\nKích thước màn hình\n\n\t\n\n6.9 inches\n\n\t\n\n6.7 inches\n\n\t\n\n8.0 inches\n\n\n\n\nCông nghệ màn hình\n\n\t\n\nDynamic AMOLED 2X\n\n\t\n\nDynamic AMOLED 2X\n\n\t\n\nDynamic AMOLED 2X\n\n\n\n\nCamera sau\n\n\t\n\n50 MP, F1.8 + 12 MP, F2.2'
 'Samsung Galaxy Z Flip7 có mấy phiên bản GB?\n\nSamsung Galaxy Z Flip 7 sẽ 2 phiên bản bộ nhớ: 12GB/256GB và 12GB/512GB.\xa0Với hai phiên bản cấu hình, máy phù hợp cho hầu hết người dùng cần hiệu năng mạnh và khả năng lưu trữ tốt.\n\nCả hai phiên bản đều sử dụng bộ nhớ chuẩn UFS tốc độ cao, đảm bảo tốc độ đọc ghi nhanh và ổn định. Tuy nhiên, Samsung Galaxy Z Flip7 không hỗ trợ mở rộng qua thẻ nhớ microSD nên việc chọn dung lượng phù hợp là rất quan trọng.\n\nSamsung Galaxy Z Flip 7 có chống nước không?']","Samsung Galaxy Z Flip7 phù hợp với người dùng cần một thiết bị mạnh mẽ và đa năng như máy tính bảng thu nhỏ. Nó có khả năng xử lý tốt, camera sắc nét và AI tiên tiến, giúp bạn dễ dàng tạo ra nội dung sáng tạo. Tuy nhiên, nếu bạn không cần nhiều bộ nhớ hoặc muốn tiết kiệm chi phí, bạn có thể cân nhắc chọn phiên bản 12GB/512GB để giảm giá thành.",Samsung Galaxy Z Flip7 phù hợp cho những người làm công việc sáng tạo nội dung nhờ vào dung lượng bộ nhớ lớn và hiệu năng mạnh mẽ.,0.9999999999666667,,0.5,0.0
Thông số kỹ thuật nổi bật của Samsung Galaxy Z Flip7 là gì?,"['Nếu Samsung Z Flip7 chinh phục giới trẻ bằng thiết kế thời trang, gập gọn tiện lợi và khả năng selfie linh hoạ. Thì\xa0Samsung Galaxy Z Fold 7\xa0hướng đến người dùng cần một thiết bị mạnh mẽ, đa năng như máy tính bảng thu nhỏ. Cả hai đều được nâng cấp mạnh về hiệu năng, camera, AI và khả năng kháng nước, mang đến trải nghiệm sử dụng cao cấp nhưng vẫn phục vụ hai nhu cầu hoàn toàn khác nhau.\n\nThông số\n\n\t\n\nSamsung Galaxy Z Flip7 12GB 256GB\n\n\t\n\nSamsung Galaxy Z Flip6 12GB 256GB\n\n\t\n\nSamsung Galaxy Z Fold7 12GB 256GB\n\nKích thước màn hình\n\n\t\n\n6.9 inches\n\n\t\n\n6.7 inches\n\n\t\n\n8.0 inches\n\n\n\n\nCông nghệ màn hình\n\n\t\n\nDynamic AMOLED 2X\n\n\t\n\nDynamic AMOLED 2X\n\n\t\n\nDynamic AMOLED 2X\n\n\n\n\nCamera sau\n\n\t\n\n50 MP, F1.8 + 12 MP, F2.2'
 'Công nghệ màn hình: Dynamic AMOLED 2X\n\nKích thước màn hình: 6.9 inches\n\n**Giới thiệu sản phẩm:** Đặc điểm nổi bật của Samsung Galaxy Z Flip7 12GB 512GB\n\nĐiện thoại Samsung Galaxy Z Flip 7 12GB 512GB gây ấn tượng với hiệu năng mạnh mẽ nhờ sở hữu con chip Samsung Exynos 2500, 12GB RAM cùng bộ nhớ 512GB. Màn hình phụ 4.1 inch của Z Flip 7 mang lại sự tiện lợi, thoải mái khi sử dụng các tính năng cơ bản mà không cần mở máy. Mẫu điện thoại này còn sử dụng viên pin 4300mAh tích hợp tính năng sạc nhanh, sạc ngược.\n\nNội dung chính'
 'Galaxy Z Flip7 tích hợp Galaxy AI – Trợ lý thông minh\n\nNgoài những điểm nhấn trên, Samsung Galaxy Z Flip 7 còn tích hợp loạt tính năng công nghệ thông minh, nổi bật là Galaxy Ai trên FlexWindow. Đây là tính năng AI mới khác hoàn toàn so với AI trên Z Flip6 trước đó, giúp lịch trình của người sử dụng luôn rõ ràng và chuẩn xác. Nhờ đó người dùng không bỏ lỡ những thông báo và cuộc họp quan trọng. Cụ thể:\n\nNow Bar : Kiểm tra và quản lý thông tin hiển thị trên ứng dụng đang dùng một cách nhanh chóng.\n\nNow Brief : Nhận thông tin theo thói quen và sở thích của người sử dụng']","Samsung Galaxy Z Flip7 nổi bật với:

- 12GB RAM và 512GB bộ nhớ
- Màn hình 6.9 inches Dynamic AMOLED 2X
- Camera sau 50MP + 12MP
- AI trợ lý thông minh Galaxy AI trên FlexWindow

Điểm khác biệt so với Z Flip6:  
- Tính năng Now Brief giúp quản lý lịch trình rõ ràng hơn
- Sử dụng viên pin 4300mAh, tích hợp sạc nhanh và ngược

Thông số này phù hợp cho người dùng cần một thiết bị mạnh mẽ và đa功能性 như máy tính bảng nhỏ gọn.","Samsung Galaxy Z Flip7 có pin 4300mAh, bộ nhớ trong 512GB, RAM 12GB, camera sau 50 MP + 12 MP, và sử dụng chip Samsung Exynos 2500.",0.99999999995,,1.0,0.7810500288677359
Điện thoại OPPO Find N5 có giá bao nhiêu?,"['Hiện tại, CellphoneS đang mở bán\xa0điện thoại\xa0OPPO Find N5\xa0với giá 44.180.000đ,\xa0kèm theo nhiều ưu đãi hấp dẫn dành riêng cho Smember, quà tặng giá trị và các chính sách hỗ trợ độc quyền.\n\nĐiện thoại OPPO Find N5 mua ở đâu chính hãng, giá tốt và nhiều ưu đãi hấp dẫn?'
 'Điện thoại OPPO Find N5 ra mắt khi nào?\n\nOPPO Find N5 đã chính thức ra mắt tại Việt Nam vào ngày 06/04/2025, sau màn trình làng quốc tế vào 20/02/2025. Đây là\xa0dòng flagship\xa0màn hình gập cao cấp mới nhất của OPPO, hứa hẹn mang đến trải nghiệm khác biệt về thiết kế lẫn hiệu năng.\n\nĐiện thoại OPPO Find N5 giá bao nhiêu?\n\nTại Singapore, sản phẩm được bán với giá khoảng 2.499 SGD. Ở thị trường Việt Nam, OPPO Find N5 có giá\xa044.990.000đ\xa0cho bản tiêu chuẩn RAM 12GB + ROM 512GB, tuy nhiên có thể thay đổi\xa0tùy vào chính sách và chương trình khuyến mãi của từng hệ thống phân phối.'
 'Nội dung chính\n\n1. So sánh OPPO Find N5 vs OPPO Find N3\n2. Đánh giá chi tiết OPPO Find N5 - Điện thoại mỏng nhất, mạnh mẽ nhất\n2.1. Hiệu năng mạnh mẽ với Snapdragon 8 Elite và RAM 16GB\n2.2. Bắt trọn mọi khoảnh khắc với camera tích hợp AI\n2.3. Dùng cả ngày không lo gián đoạn với pin lớn\n2.4. Màn hình gập lớn, hiển thị ấn tượng trong mọi điều kiện\n2.5. Thiết kế siêu mỏng ấn tượng, bản lề titan bền bỉ\n3. Điện thoại OPPO Find N5 ra mắt khi nào?\n4. Điện thoại OPPO Find N5 giá bao nhiêu?\n5. Điện thoại OPPO Find N5 mua ở đâu chính hãng, giá tốt và nhiều ưu đãi hấp dẫn?\nSo sánh OPPO Find N5 vs OPPO Find N3']",OPPO Find N5 có giá khoảng 44.990.000đ cho bản tiêu chuẩn RAM 12GB + ROM 512GB. Giá này có thể thay đổi tùy thuộc vào chính sách và chương trình khuyến mãi của từng hệ thống phân phối.,Điện thoại OPPO Find N5 có giá 44.180.000đ.,0.9999999999666667,,1.0,0.0
OPPO Find N5 có những màu sắc nào?,"['Công nghệ màn hình: AMOLED\n\nKích thước màn hình: 8.12 inches\n\nĐộ phân giải màn hình: 2.480 x 2.248 pixels\n\n**Giới thiệu sản phẩm:** Đặc điểm nổi bật của OPPO FIND N5\n\nOPPO Find N5\xa0được trang bị CPU Snapdragon 8 Elite\xa0mạnh nhất trong dòng điện thoại gập, tích hợp AI đến từ Qualcom cho hiệu năng vận hành mạnh mẽ mà vẫn tối ưu năng lượng tiêu hao. Sản phẩm sở hữu viên pin Silicone-carbon\xa0mỏng nhất thế giới, mang lại dung lượng cao 5600mAh. Cụm camera\xa0đảm bảo chất lượng ảnh, video được quay chụp sắc nét với màu sắc chân thực.\n\nNội dung chính'
 'Màn hình gập lớn, hiển thị ấn tượng trong mọi điều kiện\n\nĐiện thoại OPPO Find N5 sở hữu màn hình chính 8.12 inch độ phân giải tần số quét 120Hz và độ sáng tối đa 2100 nits. Lớp kính PET + UTG giúp tăng độ bền và khả năng chống trầy xước, giữ cho màn hình luôn bền đẹp theo thời gian.\n\nMàn hình phụ phía ngoài có kích thước 6.62 inch độ phân giải FHD+, độ sáng cực đại lên tới 2450 nits và được phủ lớp kính Nanocrystal siêu mỏng. Nhờ đó, người dùng có thể sử dụng điện thoại ngoài trời dễ dàng và vẫn đảm bảo cảm giác chạm mượt mà.'
 'OPPO Find N5\xa0ghi dấu ấn với thiết kế tinh tế, màn hình gập bền bỉ và trải nghiệm phần mềm mượt mà, trong khi Find N3 vẫn là một đối thủ đáng gờm với sự ổn định và tối ưu vượt trội. Dù là thế hệ mới hơn, Find N5 không chỉ kế thừa những ưu điểm của Find N3 mà còn mang đến nhiều nâng cấp đáng giá. Hãy cùng so sánh chi tiết để xem liệu điện thoại OPPO này có thực sự xứng đáng trở thành lựa chọn hàng đầu trong phân khúc flagship màn hình gập.\n\nThông số\n\n\t\n\nOPPO FIND N5\n\n\t\n\nOPPO Find N3 16GB 512GB\n\nKích thước màn hình\n\n\t\n\n8.12 inches\n\n\t\n\n7.82 inches\n\n\n\n\nCông nghệ màn hình\n\n\t\n\nAMOLED\n\n\t\n\nOLED\n\n\n\n\nCamera sau']","OPPO Find N5 có màu sắc như sau:

- Màn hình chính (8.12 inch): Đen hoặc trắng
- Màn hình phụ phía ngoài (6.62 inch): Đen hoặc trắng

Bạn có thể chọn màu đen hoặc trắng cho cả hai màn hình để phù hợp với nhiều phong cách và nhu cầu sử dụng khác nhau.",OPPO Find N5 có hai màu sắc là Trắng và Đen.,0.0,,0.0,0.7185583347763606
Thông số kỹ thuật nổi bật của OPPO Find N5 là gì?,"['Công nghệ màn hình: AMOLED\n\nKích thước màn hình: 8.12 inches\n\nĐộ phân giải màn hình: 2.480 x 2.248 pixels\n\n**Giới thiệu sản phẩm:** Đặc điểm nổi bật của OPPO FIND N5\n\nOPPO Find N5\xa0được trang bị CPU Snapdragon 8 Elite\xa0mạnh nhất trong dòng điện thoại gập, tích hợp AI đến từ Qualcom cho hiệu năng vận hành mạnh mẽ mà vẫn tối ưu năng lượng tiêu hao. Sản phẩm sở hữu viên pin Silicone-carbon\xa0mỏng nhất thế giới, mang lại dung lượng cao 5600mAh. Cụm camera\xa0đảm bảo chất lượng ảnh, video được quay chụp sắc nét với màu sắc chân thực.\n\nNội dung chính'
 'Thiết kế siêu mỏng ấn tượng, bản lề titan bền bỉ\n\nOPPO Find N5 là chiếc điện thoại gập mỏng với độ dày chỉ 4.21mm khi mở và 8.93mm khi gập lại. Trọng lượng chỉ khoảng 229g giúp cầm nắm thoải mái trong thời gian dài. Vẻ ngoài tinh tế và sang trọng đến từ vật liệu cao cấp như hợp kim titan in 3D và khung hợp kim nhôm.\n\nCấu trúc bản lề titan được cải tiến giúp giảm 26% độ dày, làm giảm biến dạng tốt hơn 36% so với thế hệ trước và đạt chuẩn kháng nước IPX6/IPX8/IPX9. Đặc biệt, bản lề này còn đạt chứng nhận độ bền và hạn chế nếp gấp từ TÜV Rheinland.'
 'OPPO Find N5\xa0ghi dấu ấn với thiết kế tinh tế, màn hình gập bền bỉ và trải nghiệm phần mềm mượt mà, trong khi Find N3 vẫn là một đối thủ đáng gờm với sự ổn định và tối ưu vượt trội. Dù là thế hệ mới hơn, Find N5 không chỉ kế thừa những ưu điểm của Find N3 mà còn mang đến nhiều nâng cấp đáng giá. Hãy cùng so sánh chi tiết để xem liệu điện thoại OPPO này có thực sự xứng đáng trở thành lựa chọn hàng đầu trong phân khúc flagship màn hình gập.\n\nThông số\n\n\t\n\nOPPO FIND N5\n\n\t\n\nOPPO Find N3 16GB 512GB\n\nKích thước màn hình\n\n\t\n\n8.12 inches\n\n\t\n\n7.82 inches\n\n\n\n\nCông nghệ màn hình\n\n\t\n\nAMOLED\n\n\t\n\nOLED\n\n\n\n\nCamera sau']","OPPO Find N5 nổi bật với các thông số sau:

- Kích thước màn hình 8.12 inches
- Công nghệ màn hình AMOLED
- Cảm biến viên pin Silicone-carbon mỏng nhất thế giới, dung lượng 5600mAh
- Cụm camera chất lượng ảnh và video sắc nét

So sánh với OPPO Find N3 16GB 512GB:

- Kích thước màn hình: 8.12 inches (OPPO Find N5) vs 7.82 inches (OPPO Find N3)
- Công nghệ màn hình: AMOLED (OPPO Find N5) vs OLED (OPPO Find N3)
- Cảm biến viên pin: Silicone-carbon mỏng nhất thế giới (OPPO Find N5) vs không có thông tin cụ thể (OPPO Find N3)

OPPO Find N5 nổi bật với thiết kế tinh tế, màn hình gập bền bỉ và trải nghiệm phần mềm mượt mà. Tuy nhiên, Find N3 vẫn là một đối thủ đáng gờm với sự ổn định và tối ưu vượt trội.","OPPO Find N5 được trang bị pin 5600mAh, chipset Qualcomm Snapdragon® 8 Elite, RAM 16GB, bộ nhớ trong 512GB, và camera sau 50MP + 8MP + 50MP.",0.8333333332916666,0.4,1.0,0.7769874133222716
Samsung Galaxy S24 Ultra có giá bao nhiêu?,"['Samsung Galaxy S24 Ultra có giá bao nhiêu?\n\nSamsung Galaxy S24 Ultra là một chiếc điện thoại cao cấp và có mức giá khá đắt đỏ. Với phiên bản cao cấp là 1TB thì mức giá khởi điểm sẽ rơi vào khoảng 44.49 triệu đồng.\n\nDù giá bán của Samsung Galaxy S24 Ultra 1TB có thể cao, nhưng sản phẩm này được trang bị những cải tiến đáng kể về camera, màn hình và hiệu năng. Với những tính năng và công nghệ hàng đầu, Galaxy S24 Ultra xứng đáng là một chiếc điện thoại cao cấp mà người dùng có thể xem xét.'
 'Samsung Galaxy S24 Ultra cung cấp ba phiên bản cấu hình để đáp ứng nhu cầu đa dạng của người dùng, với mức giá khởi điểm hấp dẫn so với các tính năng cao cấp mà sản phẩm mang lại. Cụ thể:\n\nBảng giá Samsung S24 Ultra mới nhất 10/2025:\n\nTên sản phẩm\n\n\t\n\nGiá bán\n\n\t\n\nGiá thu cũ lên đời\n\nSamsung Galaxy S24 Ultra 12GB 256GB\n\n\t\n\n22.290.000đ\n\n\t\n\n21.290.000đ\n\n\n\n\nSamsung Galaxy S24 Ultra 12GB 512GB\n\n\t\n\n24.290.000đ\n\n\t\n\n23.290.000đ\n\n\n\n\nSamsung Galaxy S24 Ultra 12GB 1TB\n\n\t\n\n44.490.000đ\n\n\t\n\n43.490.000đ'
 'Samsung Galaxy S24 Ultra 12GB 512GB giá bao nhiêu?\n\nBên cạnh thời gian ra mắt thì giá bán điện thoại Samsung Galaxy S24 Ultra cũng là điều được mọi người quan tâm. Là một trong những chiếc smartphone cao cấp, được trang bị nhiều tính năng và công nghệ mới nhất giá bán của điện thoại được đánh giá là khá phù hợp so với những tính năng được trang bị.\xa0\n\nChi tiết giá bán khởi điểm theo từng phiên bản như sau:\n\n- Phiên bản: 12GB/256GB được bán với giá khoảng 33.990.000 đồng\n\n\n- Phiên bản: 12GB/512GB giá bán khoảng 37.490.000 đồng\n\n\n- Phiên bản : S24 Ultra 12GB - 1TB được bán với giá 44.490.000 đồng']","Samsung Galaxy S24 Ultra có giá khoảng 44.490.000 đồng, với phiên bản 1TB. Giá khởi điểm của sản phẩm này cao hơn so với các phiên bản khác nhưng được trang bị nhiều tính năng và công nghệ tiên tiến.",Samsung Galaxy S24 Ultra có giá 44.490.000đ.,0.9999999999666667,,1.0,0.7399073676266976
Samsung Galaxy S24 Ultra phù hợp với ai?,"['Test game Samsung Galaxy S24 Ultra chơi tốt không?\n\nSamsung Galaxy S24 Ultra là lựa chọn hoàn toàn phù hợp cho game thủ nhờ hiệu năng mạnh mẽ từ vi xử lý Snapdragon 8 Gen 3 và GPU Adreno 750. Các tựa game phổ biến như PUBG, Liên Quân, và Call of Duty Mobile đều có thể chạy mượt ở cài đặt đồ họa cao.\xa0\n\nVới những game nặng như Genshin Impact, máy duy trì mức 50 FPS ở cài đặt cao, đảm bảo trải nghiệm chơi game ổn định. Đồng thời, tính năng tản nhiệt tốt và khả năng tối ưu hóa đồ họa ổn định cũng giúp S24 Ultra không bị nóng và giật lag trong thời gian dài.\n\nMua Samsung chính hãng 24 Ultra có ưu đãi gì?'
 'Đánh giá Samsung S24 Ultra 5G chi tiết nên mua\n\nS24 Ultra là một trong những dòng điện thoại Samsung cao cấp hiện nay, hội tụ những công nghệ tiên tiến và thiết kế đẳng cấp. Với khung viền titan bền bỉ, hiệu năng vượt trội từ Snapdragon 8 Gen 3, và các tính năng AI đột phá, đây hứa hẹn sẽ là smartphone lý tưởng cho những người yêu công nghệ.\xa0\n\nThiết kế khung viền Titan chắc chắn\n\nS24 Ultra được trang bị khung viền Titan, một nâng cấp đáng giá so với chất liệu nhôm thường thấy. Titan không chỉ mang lại độ bền vượt trội mà còn giảm trọng lượng tổng thể, giúp thiết bị nhẹ hơn và thoải mái khi sử dụng.'
 'Ngược lại, S24 Plus có thiết kế nhẹ hơn với khung nhôm, màn hình 6.7 inch, camera chính 50MP, và khả năng zoom quang học giới hạn ở mức 3x. Về hiệu năng, S24 Ultra sử dụng vi xử lý Snapdragon 8 Gen 3, S24 Plus sử dụng chip Exynos 2400 cho Galaxy. Về bộ nhớ, máy cung cấp tùy chọn bộ nhớ tối đa 1TB, phù hợp với người dùng chuyên nghiệp.\n\nBên cạnh đó, bạn có thể chọn để xem thêm mẫu điện thoại Samsung S24 Fe cũng là một trong những dòng sản phẩm phù hợp nên chọn để mua bởi sở hữu nhiều nâng cấp đáng kể so với thế hệ trước, cùng khám phá ngay nhé!\n\nS24 Ultra vs S23 Ultra']","Samsung Galaxy S24 Ultra phù hợp với những người yêu thích trải nghiệm game mượt mà và có nhu cầu về hiệu năng mạnh mẽ. Nó đáp ứng tốt các tựa game phổ biến như PUBG, Liên Quân, và Call of Duty Mobile, đồng thời cũng chơi ổn định cho những game nặng như Genshin Impact. Với vi xử lý Snapdragon 8 Gen 3 và GPU Adreno 750, S24 Ultra mang đến trải nghiệm chơi game mượt mà và không bị giật lag trong thời gian dài.",Samsung Galaxy S24 Ultra phù hợp với những người đam mê công nghệ và cần một chiếc smartphone cao cấp với hiệu năng mạnh mẽ và camera chất lượng cao.,0.9999999999666667,,1.0,0.5754696688337221
Thông số kỹ thuật nổi bật của Samsung Galaxy S24 Ultra là gì?,"['Mượt mà mọi tác vụ với Snapdragon 8 Gen 3 for Galaxy\n\nS24 Ultra được thiết kế với mục tiêu mang đến hiệu năng mạnh mẽ và trải nghiệm tuyệt vời cho người dùng. Với bộ vi xử lý Snapdragon 8 Gen 3, cung cấp hiệu suất mạnh mẽ, cho phép bạn chơi game đồ họa cao, xem video chất lượng cao một cách trơn tru.\n\nBên trong, Galaxy S24 Ultra được trang bị chipset Snapdragon 8 Gen 3 for Galaxy, cung cấp sức mạnh xử lý và hiệu năng đáng kinh ngạc. Với dung lượng RAM 12GB và bộ nhớ trong lên đến 1TB, người dùng có đủ không gian lưu trữ và đồng thời trải nghiệm mượt mà khi sử dụng S24 Ultra.\n\nSamsung Galaxy S24 Ultra ra mắt khi nào?'
 'Tính năng màn hình: Độ sáng cao nhất 2,600 nits, 120Hz, Corning® Gorilla® Armor®, 16 triệu màu\n\nCông nghệ màn hình: Dynamic AMOLED 2X\n\nKích thước màn hình: 6.8 inches\n\nĐộ phân giải màn hình: 1440 x 3120 pixels\n\n**Giới thiệu sản phẩm:** Đặc điểm nổi bật của Samsung Galaxy S24 Ultra 12GB 1TB\n\nSamsung Galaxy S24 Ultra 1TB là chiếc smartphone flagship mới của nhà Samsung với màn hình Dynamic AMOLED 2X, mang đến trải nghiệm giải trí đỉnh cao. Máy cũng được trang bị con chip Snapdragon 8 Gen 3 for Galaxy, đi kèm với RAM 12GB và bộ nhớ trong lên tới 1TB. Hệ thống camera của S24 Ultra cũng được nâng cấp đáng kể với camera chính 200MP, mang lại khả năng nhiếp ảnh tuyệt vời.\n\nNội dung chính'
 'Tính năng màn hình: Độ sáng cao nhất 2,600 nits, 120Hz, Corning® Gorilla® Armor®, 16 triệu màu\n\nCông nghệ màn hình: Dynamic AMOLED 2X\n\nKích thước màn hình: 6.8 inches\n\nĐộ phân giải màn hình: 1440 x 3120 pixels\n\n**Giới thiệu sản phẩm:** Đặc điểm nổi bật của Samsung Galaxy S24 Ultra 12GB 256GB\n\nSamsung Galaxy S24 Ultra sở hữu AI thông minh, hiệu năng cực đỉnh cũng đa tính năng cao cấp nhất. Đi kèm với đó là những cải tiến tích cực vượt trội hơn về\xa0camera, vi xử lý, và tích hợp AI toàn diện, đây là sản phẩm không thể bỏ qua cho người yêu công nghệ. Cùng xem giá bán và đánh giá chi tiết nhất dòng điện thoại này xem có nên mua không ngay nhé!\n\nNội dung chính']","Samsung Galaxy S24 Ultra nổi bật với:

- Snapdragon 8 Gen 3 for Galaxy chip cho hiệu suất mạnh mẽ và trải nghiệm mượt mà.
- RAM 12GB và bộ nhớ trong lên đến 1TB, cung cấp không gian lưu trữ lớn và tốc độ sử dụng tốt.
- Màn hình Dynamic AMOLED 2X với độ sáng cao nhất 2,600 nits, 120Hz, Corning Gorilla Armor® và 16 triệu màu.

Đây là sản phẩm flagship của Samsung với nhiều cải tiến vượt trội về camera, vi xử lý và AI.","Samsung Galaxy S24 Ultra được trang bị pin 5.000mAh, chipset Snapdragon 8 Gen 3, RAM 12GB, bộ nhớ trong 1TB, camera chính 200MP, và màn hình Dynamic AMOLED 2X kích thước 6.8 inches với độ phân giải 1440 x 3120 pixels.",0.9999999999666667,0.8333333333333334,1.0,0.7725903969625546
Samsung Galaxy S23 Ultra 12GB 1TB phù hợp với ai?,"['Sau S23 Ultra và S24 Ultra, điện thoại Galaxy S24 Ultra đã chính thức ra mắt với Galaxy AI và chip Snapdragon 8 Elite mạnh mẽ. Tham khảo ngay tại CellphoneS.\n\nSamsung Galaxy S23 Ultra 1TB là mẫu flagship Samsung S cao cấp với bộ nhớ khủng, phù hợp cho những ai cần không gian lưu trữ lớn mà không phải lo lắng về dung lượng. Máy vẫn giữ thiết kế sang trọng, hiệu năng mạnh mẽ và khả năng chụp ảnh ấn tượng, xứng đáng là một trong những lựa chọn hàng đầu cho người dùng Samsung cao cấp.\xa0\n\nNgoài ra, bạn cũng có thể cập nhật thêm những thông tin mới và chính xác nhất về\xa0Samsung Galaxy S23 Ultra\xa0tại CellphoneS ngay!'
 'Một phiên bản điện thoại bạn có thể cần đến chính là Samsung S23 Ultra 1TB hỗ trợ tốt cho quá trình quay chụp và lướt web xem film với bộ nhớ lớn hơn, nếu có nhu cầu bạn có thể khám phá thêm ngay nhé!\n\nMặt lưng máy được bao phủ bởi lớp kính cường lực chống va đập, có vân tay mờ nhẹ để trải nghiệm tốt hơn. Bộ khung nhôm bao bọc quanh máy có tính bền bỉ cao và cực kỳ nhẹ, mang lại điểm nhấn thiết kế với vẻ bóng loáng nổi bật.\n\nHiển thị chân thực hơn thông qua tấm nền Dynamic AMOLED 2X cao cấp'
 'Ngoài ra, bạn cũng có thể cập nhật thêm những thông tin mới và chính xác nhất về\xa0Samsung Galaxy S23 Ultra\xa0tại CellphoneS ngay!\n\nBên cạnh đó, nếu chỉ có nhu cầu sử dụng cơ bản thì phiên bản S23 Ultra 512gb cũng là sản phẩm bạn có thể cân nhắc để sử dụng thêm hiện nay với giá bán rẻ hơn, thiết kế tương tự nhưng có thêm nhiều ưu đãi tiết kiệm hơn, xem ngay nhé!']","Samsung Galaxy S23 Ultra 1TB phù hợp với những người cần không gian lưu trữ lớn mà không phải lo lắng về dung lượng. Đây là mẫu flagship Samsung cao cấp với bộ nhớ khủng, thiết kế sang trọng và hiệu năng mạnh mẽ, đồng thời vẫn giữ được khả năng chụp ảnh ấn tượng.","Samsung Galaxy S23 Ultra 12GB 1TB phù hợp cho những ai cần không gian lưu trữ lớn và yêu cầu hiệu năng mạnh mẽ, đặc biệt là người dùng cao cấp.",0.9999999999666667,,1.0,0.6034031261873499
Thông số kỹ thuật của Samsung Galaxy S23 Ultra 12GB 1TB là gì?,"['**Tên sán phẩm:** Samsung Galaxy S23 Ultra 12GB 1TB\n\n**Giá sản phẩm:** 44.990.000đ\n\n**Các màu của sản phẩm:** Trắng, Đen, Tím, Xanh\n\n**Thông số sản phẩm:** Pin: 5000 mAh\n\nChipset: Snapdragon 8 Gen 2 (4 nm)\n\nThẻ SIM: 2 Nano SIM hoặc 1 Nano + 1 eSIM\n\nCamera sau: Siêu rộng: 12MP F2.2 (Dual Pixel AF)\nChính: 200MP F1.7 OIS ±3° (Super Quad Pixel AF)\nTele 1: 10MP F4.9 (10X, Dual Pixel AF) OIS,\nTele 2: 10MP F2.4 (3X, Dual Pixel AF) OIS Thu phóng chuẩn không gian 100X\n\nLoại CPU: 1x3.36 GHz Cortex-X3 & 2x2.8 GHz Cortex-A715 & 2x2.8 GHz Cortex-A710 & 3x2.0 GHz Cortex-A510\n\nTương thích: Bút S-Pen\n\nCamera trước: 12MP F2.2 (Dual Pixel AF)\n\nBộ nhớ trong: 1 TB\n\nCông nghệ NFC: Có\n\nDung lượng RAM: 12 GB\n\nHệ điều hành: Android\n\nTính năng màn hình: 120Hz, HDR10+, 1750 nits, Gorilla Glass Victus 2\n\nCông nghệ màn hình: Dynamic AMOLED 2X\n\nKích thước màn hình: 6.8 inches'
 'Dung lượng RAM: 12 GB\n\nHệ điều hành: Android\n\nTính năng màn hình: 120Hz, HDR10+, 1750 nits, Gorilla Glass Victus 2\n\nCông nghệ màn hình: Dynamic AMOLED 2X\n\nKích thước màn hình: 6.8 inches\n\nĐộ phân giải màn hình: 1440 x 3088 pixels (QHD+)\n\n**Giới thiệu sản phẩm:** Đặc điểm nổi bật của Samsung Galaxy S23 Ultra 12GB 1TB\n\nSau S23 Ultra và S24 Ultra, điện thoại Galaxy S24 Ultra đã chính thức ra mắt với Galaxy AI và chip Snapdragon 8 Elite mạnh mẽ. Tham khảo ngay tại CellphoneS.'
 'Cập nhật thêm những thông tin mới và chính xác nhất về giá\xa0S23 Ultra tại CellphoneS ngay!\n\nSamsung Galaxy S23 Ultra 12GB 512GB tạo nên đột phá mạnh mẽ về mặt hiệu năng khi được trang bị vi xử lý Snapdragon 8 Gen 2 vượt trội cùng 12GB bộ nhớ RAM. Chất lượng hiển thị siêu sắc nét trên S23 Ultra tới từ tầm nền Dynamic AMOLED 2X 120Hz thế hệ mới. Bên cạnh đó, smartphone này còn sở hữu cụm camera cao cấp với độ rõ nét đạt tới 200MP. Viên pin 5000mAh cùng sạc nhanh 45W giúp nâng cao thời lượng sử dụng lên một tầm cao mới.\xa0\n\nNội dung chính']","Samsung Galaxy S23 Ultra 12GB 1TB có các thông số kỹ thuật sau:

- Pin: 5000 mAh
- Chipset: Snapdragon 8 Gen 2 (4 nm)
- Camera sau:
  - Siêu rộng: 12MP F2.2 (Dual Pixel AF)
  - Chính: 200MP F1.7 OIS ±3° (Super Quad Pixel AF)
  - Tele 1: 10MP F4.9 (10X, Dual Pixel AF) OIS
  - Tele 2: 10MP F2.4 (3X, Dual Pixel AF) OIS Thu phóng chuẩn không gian 100X
- Loại CPU: 1x3.36 GHz Cortex-X3 & 2x2.8 GHz Cortex-A715 & 2x2.8 GHz Cortex-A710 & 3x2.0 GHz Cortex-A510
- Tương thích: Bút S-Pen
- Camera trước: 12MP F2.2 (Dual Pixel AF)
- Bộ nhớ trong: 1 TB
- Công nghệ NFC: Có
- Dung lượng RAM: 12 GB

Thông số này cho thấy điện thoại có cấu hình mạnh mẽ, camera cao cấp và dung lượng lớn để đáp ứng nhu cầu sử dụng hiện đại.","Samsung Galaxy S23 Ultra 12GB 1TB có pin 5000 mAh, chipset Snapdragon 8 Gen 2, camera sau 200MP, bộ nhớ trong 1TB, RAM 12GB, màn hình 6.8 inches với độ phân giải 1440 x 3088 pixels.",0.9999999999666667,1.0,1.0,0.8050143120911613
Giá của Samsung Galaxy S23 Ultra 12GB 1TB là bao nhiêu?,"['- Samsung Galaxy S23 Ultra 8GB/ 256GB: khoảng 26.990.000 VNĐ.\n- Samsung Galaxy S23 Ultra 12GB/ 512GB: khoảng 31.990.000 VNĐ.\n- Samsung Galaxy S23 Ultra 12GB/ 1TB: khoảng 35.990.000 VNĐ.\n\nSo với các đối thủ cùng tầm giá khác như iPhone 14 Series thì mức giá này của Galaxy S23 Ultra không chênh lệch quá nhiều so với mặt bằng chung của thị trường.\xa0\n\nMua Samsung Galaxy S23 Ultra 12GB 512GB giá hấp dẫn tại CellphoneS\n\nSiêu phẩm\xa0Samsung Galaxy S23 Ultra 12GB 512GB hiện đang được bày bán với mức giá siêu hấp dẫn tại cửa hàng công nghệ CellphoneS. Nhanh tay liên hệ tới số 1800 2097 của CellphoneS để nhận được báo giá tốt cùng nhiều phần quà khuyến mãi khác khi mua Samsung S23 Ultra ngay bạn nhé!\n\nXem thêm'
 'Chi tiết giá bán\xa0S23 Ultra tại CellphoneS vào tháng 10/2025 như sau:\n\nTên sản phẩm\n\n\t\n\nGiá bán\n\n\t\n\nGiá thu cũ lên đời\n\nSamsung Galaxy S23 Ultra 256GB\n\n\t\n\n19.490.000đ\n\n\t\n\n18.990.000đ\n\n\n\n\nSamsung Galaxy S23 Ultra 12GB 1TB\n\n\t\n\n44.990.000đ\n\n\t\n\n44.490.000đ\n\n\n\n\nSamsung Galaxy S23 Ultra 12GB 512GB\n\n\t\n\n22.290.000đ\n\n\t\n\n21.790.000đ\n\nDòng điện thoại Samsung này\xa0đem đến trải nghiệm lý tưởng với màn hình AMOLED 6,8 inch sắc nét cùng camera chính 200MP ấn tượng. Chi phí trở nên dễ tiếp cận hơn nhờ các chương trình trả góp lãi suất 0%. Ngoài ra, nhiều ưu đãi độc quyền chỉ có tại cửa hàng CellphoneS.\n\nĐánh giá S23 Ultra: Hiệu năng, camera, màn hình'
 'Samsung Galaxy S24 Ultra 12GB 512GB giá bao nhiêu?\n\nBên cạnh thời gian ra mắt thì giá bán điện thoại Samsung Galaxy S24 Ultra cũng là điều được mọi người quan tâm. Là một trong những chiếc smartphone cao cấp, được trang bị nhiều tính năng và công nghệ mới nhất giá bán của điện thoại được đánh giá là khá phù hợp so với những tính năng được trang bị.\xa0\n\nChi tiết giá bán khởi điểm theo từng phiên bản như sau:\n\n- Phiên bản: 12GB/256GB được bán với giá khoảng 33.990.000 đồng\n\n\n- Phiên bản: 12GB/512GB giá bán khoảng 37.490.000 đồng\n\n\n- Phiên bản : S24 Ultra 12GB - 1TB được bán với giá 44.490.000 đồng']",Giá của Samsung Galaxy S23 Ultra 12GB/512GB là khoảng 22.290.000 VNĐ.,Giá của Samsung Galaxy S23 Ultra 12GB 1TB là 44.990.000đ.,0.99999999995,,1.0,0.7562572932175214
Điện thoại Masstel Fami 8 có giá bao nhiêu?,"['Điện thoại Masstel Fami 8 giá bao nhiêu?\n\nĐiện thoại Masstel Fami 8 hiện được bán ra với mức giá cực kỳ hợp lý chỉ khoảng 550.000 đồng ở thời điểm ở bán. Với tầm giá dưới 600.000 đồng, đây là lựa chọn lý tưởng cho người cao tuổi, học sinh cần điện thoại phụ, hoặc bất kỳ ai đang tìm một chiếc máy nghe gọi cơ bản.'
 'Thuộc dòng điện thoại phổ thông, Masstel Fami 8 vẫn trang bị nhiều tính năng vượt mong đợi như màn hình màu, loa ngoài lớn, bàn phím nhạy và hỗ trợ đọc số bằng giọng nói. Với mức giá rất hợp lý, sản phẩm vẫn đảm bảo chất lượng ổn định, vượt qua kỳ vọng của người dùng trong phân khúc điện thoại phổ thông.\n\nMua ngay điện thoại Masstel Fami 8 giá rẻ tại CellphoneS'
 'Ra mắt đúng lúc và đúng đối tượng, Masstel Fami 8 đã cho thấy sự thấu hiểu tâm lý người lớn tuổi: từ giao diện dễ dùng, bàn phím chữ to đến loa ngoài rõ ràng và có phím SOS. Với một mức giá phải chăng, chiếc điện thoại này rất nhanh đã thu hút được sự yêu thích của số đông khách hàng.\n\nĐiện thoại Masstel Fami 8 giá bao nhiêu?']","Điện thoại Masstel Fami 8 có giá khoảng 550.000 đồng. Đây là lựa chọn lý tưởng cho người cao tuổi, học sinh cần điện thoại phụ hoặc bất kỳ ai đang tìm một chiếc máy nghe gọi cơ bản.",Điện thoại Masstel Fami 8 hiện có giá khoảng 570.000đ.,0.9999999999666667,1.0,1.0,0.809186112947823
Masstel Fami 8 phù hợp với đối tượng nào?,"['Masstel Fami 8 có thiết kế nhỏ gọn, vừa tay với trọng lượng chỉ khoảng 92g, rất phù hợp với người lớn tuổi thường có thói quen mang theo điện thoại trong túi áo hoặc ví nhỏ. Bên cạnh đó, máy còn có kiểu dáng bo tròn ở các góc, giúp cầm nắm thoải mái và giảm nguy cơ rơi vỡ trong quá trình sử dụng hàng ngày.\n\nĐiện thoại Masstel Fami 8 ra mắt khi nào?'
 'Masstel Fami 8 là mẫu điện thoại phổ thông do thương hiệu Masstel phát hành, nổi bật với thiết kế nhỏ gọn, loa ngoài lớn và nhiều tính năng hữu ích. Với thiết kế đơn giản, hiệu năng ổn định và mức giá phải chăng, đây là lựa chọn hợp lý dành cho người lớn tuổi và người dùng phổ thông.\n\nViên pin dung lượng lớn 1400mAh'
 'Mua ngay điện thoại Masstel Fami 8 giá rẻ tại CellphoneS\n\nĐiện thoại Masstel Fami 8 sẽ là cái tên không thể bỏ lỡ nếu khách hàng đang tìm kiếm một chiếc điện thoại bền bỉ cho người lớn tuổi. Tại hệ thống CellphoneS, khách hàng có thể yên tâm mua được sản phẩm nàyvới đầy đủ chính sách bảo hành, hậu mãi uy tín. Dịch vụ giao hàng nhanh cùng loạt ưu đãi sẽ giúp người dùng sở hữu Masstel Fami 8 với giá tốt. Vì vậy, nếu ưng ý chiếc điện thoại này, hãy ghé mua hàng tại CellphoneS để có trải nghiệm tốt nhé!\n\nXem thêm']","Masstel Fami 8 phù hợp với người lớn tuổi và những người dùng phổ thông có nhu cầu sử dụng điện thoại di động. Nó được thiết kế nhỏ gọn, dễ cầm nắm và không gây mỏi tay khi sử dụng lâu dài.",Masstel Fami 8 là lựa chọn hợp lý dành cho người lớn tuổi và người dùng phổ thông.,0.9999999999666667,,,0.6488673441375375
Thông số kỹ thuật của Masstel Fami 8 là gì?,"['**Tên sán phẩm:** Masstel Fami 8 4G\n\n**Giá sản phẩm:** 570.000đ\n\n**Các màu của sản phẩm:** Xanh, Đen\n\n**Thông số sản phẩm:** Pin: 1400 mAh\n\nChipset: UNISOC T107\n\nThẻ SIM: 2 Nano-SIM\n\nBộ nhớ trong: 128 MB\n\nTính năng màn hình: Công nghệ màn hình: QQVGA\n262K màu\n\nKích thước màn hình: 1.77 inches\n\nĐộ phân giải màn hình: 128 x 160 pixels\n\n**Giới thiệu sản phẩm:** Đặc điểm nổi bật của Masstel Fami 8 4G'
 'Kích thước màn hình: 1.77 inches\n\nĐộ phân giải màn hình: 128 x 160 pixels\n\n**Giới thiệu sản phẩm:** Đặc điểm nổi bật của Masstel Fami 8 4G\n\nMasstel Fami 8 có kích thước 115 x 53 x 14.9 mm và trọng lượng chỉ 92g (bao gồm pin). Máy được trang bị màn hình màu 1.77 inch hiển thị rõ ràng, hỗ trợ 2 SIM tiện lợi. Sản phẩm điện thoại Masstel sở hữu viên pin dung lượng 1400mAh, tích hợp loa ngoài công suất lớn (2030 BOX), hỗ trợ đèn pin LED kép, tính năng đọc số bằng giọng nói và phím SOS khẩn cấp. Máy còn hỗ trợ FM không cần tai nghe, ghi âm cuộc gọi, kết nối Bluetooth và thẻ nhớ ngoài tới 128GB.\n\nNội dung chính'
 'Masstel Fami 8 là mẫu điện thoại phổ thông do thương hiệu Masstel phát hành, nổi bật với thiết kế nhỏ gọn, loa ngoài lớn và nhiều tính năng hữu ích. Với thiết kế đơn giản, hiệu năng ổn định và mức giá phải chăng, đây là lựa chọn hợp lý dành cho người lớn tuổi và người dùng phổ thông.\n\nViên pin dung lượng lớn 1400mAh']","Masstel Fami 8 có các thông số kỹ thuật sau:

- Pin: 1400 mAh
- Chipset: UNISOC T107
- Thẻ SIM: 2 Nano-SIM
- Bộ nhớ trong: 128 MB

Đặc điểm nổi bật của Masstel Fami 8 bao gồm:
- Kích thước màn hình: 1.77 inches, độ phân giải 128 x 160 pixels
- Loa ngoài công suất lớn (2030 BOX)
- Đèn pin LED kép
- Tính năng đọc số bằng giọng nói và phím SOS khẩn cấp
- Hỗ trợ FM không cần tai nghe, ghi âm cuộc gọi, kết nối Bluetooth và thẻ nhớ ngoài tới 128GB

Masstel Fami 8 là điện thoại phổ thông với thiết kế nhỏ gọn, hỗ trợ nhiều tính năng tiện ích.","Masstel Fami 8 có pin 1400 mAh, chipset UNISOC T107, hỗ trợ 2 Nano-SIM, bộ nhớ trong 128 MB, màn hình 1.77 inches với độ phân giải 128 x 160 pixels.",0.99999999995,1.0,1.0,0.7808371550025134
Điện thoại Samsung Galaxy S25 Ultra 512GB có giá bao nhiêu?,"['Bảng giá S25 Ultra 5G chính hãng\xa0mới nhất:\n\nTên sản phẩm\n\n\t\n\nGiá bán\n\n\t\n\nGiá thu cũ lên đời\n\nSamsung Galaxy S25 Ultra 12GB 256GB\n\n\t\n\n27.480.000đ\n\n\t\n\n25.980.000đ\n\n\n\n\nSamsung Galaxy S25 Ultra 512GB\n\n\t\n\n29.480.000đ\n\n\t\n\n27.980.000đ\n\n\n\n\nSamsung Galaxy S25 Ultra 1TB\n\n\t\n\n35.490.000đ\n\n\t\n\n33.990.000đ\n\nTại thị trường Việt Nam,\xa0giá Samsung Galaxy S25 Ultra\xa0khởi điểm\xa0từ 33.38 triệu đồng\xa0cho bản\xa012GB/256GB. Mua tại CellphoneS giảm thẳng đến 5 triệu.\n\nĐánh giá S25 Ultra 5G chính hãng mới nhất'
 'Mua ngay điện thoại Samsung Galaxy S25 Ultra 512GB giá tốt với hàng loạt ưu đãi tại CellphoneS\n\nĐiện thoại Samsung Galaxy S25 Ultra 512GB và series Samsung Galaxy S25 nói chung là sản phẩm công nghệ cao cấp đáng đầu tư, hứa hẹn sẽ mang đến trải nghiệm tuyệt vời trong mọi tác vụ. Nếu khách hàng mong muốn được sở hữu chiếc smartphone tân tiến này, hãy đến ngay CellphoneS để nhận được sản phẩm chính hãng với giá S25 Ultra giảm tới 10 triệu tại CellphoneS. Tin vui cho khách hàng, S25 Ultra tại CellphoneS còn đang được áp dụng nhiều ưu đãi hấp dẫn, giúp khách hàng tiết kiệm chi phí khi mua còn được tặng kèm phiếu mua hàng 500k.'
 'Update mới nhất: Mẫu điện thoại được nâng cấp với nhiều tính năng nổi bật,, giá bán giảm đến 10 triệu kèm phiếu mua hàng 500K bạn không nên bỏ qua chính là S25 Ultra chính hãng đang bán tại CellphoneS. Cùng xem ngay nhé!\n\nNội dung chính\n\n1. Điện thoại Samsung Galaxy S25 512GB - Đa nhiệm siêu mượt, thoải mái lưu trữ dữ liệu\n1.1. RAM và bộ nhớ trong dung lượng cao, thoả sức đa nhiệm, lưu trữ\n1.2. Chipset mạnh mẽ, hệ điều hành và giao diện hiện đại, trực quan\n2. Mua điện thoại Samsung Galaxy S25 512GB chính hãng tại CellphoneS\nĐiện thoại Samsung Galaxy S25 512GB - Đa nhiệm siêu mượt, thoải mái lưu trữ dữ liệu']",Điện thoại Samsung Galaxy S25 Ultra 512GB có giá bán là 29.480.000đ tại CellphoneS.,Điện thoại Samsung Galaxy S25 Ultra 512GB có giá 29.480.000đ.,0.9999999999666667,,1.0,0.791557946451278
Điện thoại này có những màu sắc nào?,"['Điện thoại iPhone 14 có mấy màu?\n\nTương tự như các thế hệ series khác, Apple cũng cho ra mắt điện thoại iPhone 14 với nhiều phiên bản màu sắc khác nhau bao gồm Purple (tím), Blue (xanh), RED Product (đỏ) và Midnight (đen), Starlight (trắng). Trong đó, hai màu sắc mới là xanh và tím.\n\nĐiện thoại iPhone 14 màu đen Midnight\n\nMàu đen là màu sắc truyền thống được trang bị trên hầu hết các thương hiệu điện thoại và Apple cũng không ngoại lệ. Sắc đen trung tính nhưng lại rất sang trọng, không lỗi mốt, không kén người dùng có thể thích hợp cho cả người dùng nam và nữ. Điện thoại iPhone 14 màu đen Midnight phù hợp với người dùng tối giản, không quá cầu kỳ.'
 'iPhone 15 Plus có bao nhiêu màu, mua màu nào đẹp?\n\niPhone 15 Plus với thiết kế mặt lưng kính pha màu nhờ đó mang lại bộ sưu tập màu sắc hoàn toàn mới. Cụ thể, máy với 5 phiên bản màu sắc, bao gồm: Đen, Vàng, Xanh lá, Xanh dương và Hồng. Các màu sắc trên 15 Plus đều được hoàn thiện passtel nhẹ nhàng.\n\n(Ảnh: Apple.com)\n\nMàu đen ((Black): Tuy là màu đen quen thuộc nhưng sắc đen trên thiết bị nhẹ nhành hơn mang lại sự tối giản và sang trọng. Đặc biệt màu đen cũng sẽ không bị lỗi thời nhờ đó dễ dàng sử dùng với nhiều đối tượng người dùng, đặc biệt là người dùng yêu thích sự tối giản.'
 'Điện thoại Nubia V60 Design được ZTE giới thiệu với 3 tuỳ chọn màu sắc là Dark Blue, Sunrise Violet và Champagne Gold. Nhờ việc sở hữu đa dạng màu sắc này mà dòng điện thoại giá rẻ của ZTE này sẽ phù hợp để người dùng thuộc mọi giới tính, độ tuổi sử dụng.\n\nGiá điện thoại Nubia V60 Design bao nhiêu?']","Điện thoại iPhone 14 có màu sắc như sau:

- Midnight (đen)
- Purple (tím)
- Blue (xanh)
- RED Product (đỏ)

Một số màu mới là xanh và tím.","Điện thoại Samsung Galaxy S25 Ultra 512GB có các màu: Trắng/bạc, Đen, Xanh dương, Xám.",0.0,,1.0,0.5018528129784973
Thông số kỹ thuật nổi bật của Samsung Galaxy S25 Ultra 512GB là gì?,"['Kích thước màn hình: 6.9 inches\n\nĐộ phân giải màn hình: 3120 x 1440 pixels (Quad HD+)\n\n**Giới thiệu sản phẩm:** Đặc điểm nổi bật của Samsung Galaxy S25 Ultra 512GB\n\nĐiện thoại S25 Ultra bản 512GB trang bị chip xử lý Snapdragon 8 Elite for Galaxy, cụm camera sau 200MP + 50MP + 10MP + 50MP, dung lượng RAM 12GB. Máy có bộ nhớ trong dung lượng 512GB, màn hình Dynamic AMOLED 2X 6.9 inch với độ phân giải QHD+. Máy hỗ trợ kết nối 5G, sở hữu khung viền titan cao cấp.\n\nNội dung chính'
 'Dung lượng lưu trữ rộng rãi\n\nĐiện thoại Samsung Galaxy S25 Ultra 512GB hứa hẹn mang lại trải nghiệm tuyệt vời nhờ sở hữu các thông số cấu hình đầy ấn tượng. Nổi bật trong số đó là dung lượng RAM lớn 12GB, giúp máy xử lý đa nhiệm mượt mà, đặc biệt là khi người dùng sử dụng nhiều phần mềm cùng lúc. Cùng với đó, bộ nhớ trong có dung lượng lên tới 512GB, mở ra không gian rộng rãi đáp ứng nhu cầu lưu trữ cao của khách hàng.\n\nHiệu năng và camera chất lượng'
 '**Tên sán phẩm:** Samsung Galaxy S25 Ultra 512GB\n\n**Giá sản phẩm:** 29.480.000đ\n\n**Các màu của sản phẩm:** Trắng/bạc, Đen, Xanh dương, Xám\n\n**Thông số sản phẩm:** Pin: 5000 mAh\n\nChipset: Snapdragon 8 Elite dành cho Galaxy (3nm)\n\nThẻ SIM: 2 Nano-SIM + eSIM\n\nCamera sau: Camera siêu rộng 50MP\nCamera góc rộng 200 MP\nCamera Tele (5x) 50MP\nCamera Tele (3x) 10MP""\n\nCamera trước: 12 MP\n\nBộ nhớ trong: 512 GB\n\nCông nghệ NFC: Có\n\nDung lượng RAM: 12 GB\n\nHệ điều hành: Android 15\n\nTính năng màn hình: 120Hz\n2600 nits\nCorning® Gorilla® Armor 2\n\nCông nghệ màn hình: Dynamic AMOLED 2X\n\nKích thước màn hình: 6.9 inches\n\nĐộ phân giải màn hình: 3120 x 1440 pixels (Quad HD+)\n\n**Giới thiệu sản phẩm:** Đặc điểm nổi bật của Samsung Galaxy S25 Ultra 512GB']","Samsung Galaxy S25 Ultra 512GB nổi bật với các thông số sau:

- Dung lượng RAM lớn lên đến 12GB, giúp máy xử lý đa nhiệm mượt mà.
- Bộ nhớ trong có dung lượng lên tới 512GB, mở ra không gian rộng rãi cho lưu trữ.
- Chip Snapdragon 8 Elite dành cho Galaxy (3nm), cung cấp hiệu năng mạnh mẽ.
- Camera sau gồm 50MP siêu rộng, 200MP góc rộng, và 50MP Tele (5x) và 10MP Tele (3x).
- Camera trước có độ phân giải 12MP.

Màn hình của máy sử dụng công nghệ Dynamic AMOLED 2X với kích thước 6.9 inches và độ phân giải Quad HD+. Màn hình còn được trang bị tính năng 120Hz, 2600 nits, và Corning Gorilla Armor 2 chống va đập mạnh.

Thông số này cho thấy Samsung Galaxy S25 Ultra 512GB có cấu hình mạnh mẽ và khả năng lưu trữ lớn, phù hợp với những người dùng yêu thích hiệu năng cao và không gian lưu trữ rộng rãi.","Samsung Galaxy S25 Ultra 512GB có pin 5000 mAh, chipset Snapdragon 8 Elite, camera sau 200MP + 50MP + 10MP + 50MP, camera trước 12MP, RAM 12GB, bộ nhớ trong 512GB, màn hình 6.9 inches với độ phân giải 3120 x 1440 pixels.",0.9999999999666667,,1.0,0.801041845870753
Điện thoại OPPO A18 có giá bao nhiêu?,"['Oppo A18 có giá bán bao nhiêu?\n\nVì được ra mắt trước tại Ấn độ nên giá bán dự kiến của Oppo A18 nằm ở mức khởi điểm khoảng từ 9.990 Rupee tương đương khoảng 2.9 triệu đồng. Đây sẽ là mức giá khá rẻ nhưng lại có khả năng cạnh tranh cao với các sản phẩm cùng phân khúc khác hiện nay. Tại thị trường Việt Nam, sản phẩm có giá bán chỉ từ 3.990.000 đồng (lưu ý giá bán có thể thay đổi tại thời điểm khác nhau và chương trình khuyến mãi).\n\nOppo A18 có chống nước không?'
 'Mua ngay Oppo A18 giá rẻ, chất lượng tại CellphoneS\n\nCó thể thấy, OPPO A18 là chiếc điện thoại đáng để sở hữu trong phân khúc giá dưới 5 triệu. Do đó, bạn hãy nhanh tay đến với CellphoneS để trải nghiệm và mua ngay sản phẩm này với chất lượng uy tín cùng hàng loạt các ưu đãi đi kèm nhé!\n\nXem thêm'
 '- Âm lượng có thể tăng đến 300%, thoải mái thưởng thức âm nhạc trong môi trường có tạp âm;\n\n-...\xa0\n\nĐánh giá điện thoại Oppo A18 - Đa nhiệm mượt, thời lượng dùng pin lâu\n\nOPPO A18 là chiếc điện thoại giá rẻ, cấu hình ổn với chip Mediatek Helio G85, có tiến trình đến 12nm, dung lượng RAM 4GB và bộ nhớ trong 128GB. Máy có trang bị màn hình 6.56 inches cùng viên pin 5000mAh. Bộ 2 camera sau 8MP và camera 2MP cùng camera selfie 5MP, cho chất lượng chụp ảnh sắc nét.\n\nTrang bị chip Mediatek Helio G85, xử lý mượt mà']",Điện thoại OPPO A18 có giá khoảng 3.990.000 đồng tại thị trường Việt Nam. Giá này có thể thay đổi tùy thuộc vào thời điểm và chương trình khuyến mãi hiện hành.,Điện thoại OPPO A18 có giá 3.190.000đ.,0.0,,1.0,0.0
OPPO A18 có những màu sắc nào?,"['Mặt lưng của máy cũng vô cùng nổi bật với cách đặt cụm camera mới lạ, tạo được điểm nhấn mỗi khi nhìn vào. Đồng thời, điện thoại cũng đem đến nhiều chọn lựa màu sắc năng động, phù hợp với giới trẻ hiện đại.\xa0Hai phiên bản màu sắc xanh và đen ấn tượng: mặt lưng phiên bản màu xanh có thể thay đổi theo cường độ ánh sáng và góc độ khác nhau, bên cạnh đó là màu đen cổ điển sang trọng. Ngoài ra, người dùng dễ dàng mở khoá nhanh chóng nhưng bảo mật với thiết kế cảm ứng vân tay cạnh bên.\xa0\n\nChất lượng bền bỉ'
 'Kích thước màn hình: 6.56 inches\n\nĐộ phân giải màn hình: 720 x 1612 (HD+)\n\n**Giới thiệu sản phẩm:** Đặc điểm nổi bật của OPPO A18 4GB 128GB\n\nOppo A18 là chiếc\xa0điện thoại OPPO\xa0mới với cấu hình đa nhiệm mạnh mẽ với chipset\xa0Mediatek Helio G85, RAM 4GB, ROM 128GB và có thể mở rộng. Thêm vào đó là dung lượng pin 5.000mAh cho thời gian sử dụng lên đến ngày dài, màn hình 6.56 inch với tần số quét 90Hz cho khả năng hiển thị mượt mà, sống động. Phiên bản màu sắc bao gồm: xanh và đen sang trọng, thanh lịch, phù hợp với nhiều đối tượng khác nhau. Hãy cùng CellphoneS tìm hiểu kỹ hơn về máy nhé!\n\nNội dung chính'
 'Điện thoại Oppo A18 có nhiều tính năng mới và cải tiến so với thế hệ trước. Xem ngay sản phẩm có gì khác biệt về thiết kế, hiệu năng hay camera so với Oppo A17 qua bảng thông số chi tiết sau đây nhé!\n\nThông số\n\n\t\n\nOppo A18\n\n\t\n\nOppo A17\n\n\n\n\nMàn hình\xa0\n\n\t\n\nLCD 6.56 inch\n\n\t\n\nLCD 6.56 inch\n\n\n\n\nĐộ phân giải\n\n\t\n\n\nHD+ (1612x720)\n\n\t\n\n\nHD+ (1612×720)\n\n\n\n\nMàu sắc\n\n\t\n\nXanh, Đen\n\n\t\n\nĐen, Xanh\n\n\n\n\nChip\n\n\t\n\n\nMediaTek Helio G85\n\n\t\n\n\nMediaTek Helio G35\n\n\n\n\nRAM\n\n\t\n\n4GB\n\n\t\n\n4GB\n\n\n\n\nBộ nhớ trong\n\n\t\n\n128GB\n\n\t\n\n64GB\n\n\n\n\nCamera sau\n\n\t\n\n8MP+2MP\n\n\t\n\n50MP+0.3MP\n\n\n\n\nCamera trước\n\n\t\n\n5MP\n\n\t\n\n5MP\n\n\n\n\nDung lượng pin\n\n\t\n\n5000mAh\n\n\t\n\n5000mAh\n\n\n\n\nCổng sạc\n\n\t\n\nUSB Type-C\n\n\t\n\nUSB Type-C']","OPPO A18 có hai phiên bản màu sắc nổi bật là xanh và đen. Mặt lưng của phiên bản màu xanh có thể thay đổi theo cường độ ánh sáng và góc độ khác nhau, tạo nên vẻ đẹp độc đáo. Màn hình của máy cũng được thiết kế với tần số quét 90Hz, giúp hiển thị mượt mà hơn so với các dòng điện thoại trước đó.",OPPO A18 có hai màu sắc là xanh dương và đen.,0.9999999999666667,,0.8,0.7476004123182554
Thông số kỹ thuật nổi bật của OPPO A18 là gì?,"['Hiệu năng tốt, hỗ trợ quay chụp với độ chi tiết cao\n\nĐiện thoại OPPO A18 được trang bị phiên bản chip Helio G85 của MediaTek, sở hữu hiệu năng mạnh mẽ cùng khả năng tiết kiệm điện. Con chip 8 nhân này khi kết hợp với 4GB RAM sẽ cung cấp sức mạnh đủ để phục vụ tốt các nhu cầu đa nhiệm, giải trí. Bộ nhớ 64GB dù không quá lớn nhưng vẫn đảm bảo việc cài đặt ứng dụng giải trí được thoải mái hơn.'
 'Điện thoại Oppo A18 có nhiều tính năng mới và cải tiến so với thế hệ trước. Xem ngay sản phẩm có gì khác biệt về thiết kế, hiệu năng hay camera so với Oppo A17 qua bảng thông số chi tiết sau đây nhé!\n\nThông số\n\n\t\n\nOppo A18\n\n\t\n\nOppo A17\n\n\n\n\nMàn hình\xa0\n\n\t\n\nLCD 6.56 inch\n\n\t\n\nLCD 6.56 inch\n\n\n\n\nĐộ phân giải\n\n\t\n\n\nHD+ (1612x720)\n\n\t\n\n\nHD+ (1612×720)\n\n\n\n\nMàu sắc\n\n\t\n\nXanh, Đen\n\n\t\n\nĐen, Xanh\n\n\n\n\nChip\n\n\t\n\n\nMediaTek Helio G85\n\n\t\n\n\nMediaTek Helio G35\n\n\n\n\nRAM\n\n\t\n\n4GB\n\n\t\n\n4GB\n\n\n\n\nBộ nhớ trong\n\n\t\n\n128GB\n\n\t\n\n64GB\n\n\n\n\nCamera sau\n\n\t\n\n8MP+2MP\n\n\t\n\n50MP+0.3MP\n\n\n\n\nCamera trước\n\n\t\n\n5MP\n\n\t\n\n5MP\n\n\n\n\nDung lượng pin\n\n\t\n\n5000mAh\n\n\t\n\n5000mAh\n\n\n\n\nCổng sạc\n\n\t\n\nUSB Type-C\n\n\t\n\nUSB Type-C'
 'Đi kèm với đó là dung lượng 4GB RAM và bộ nhớ ROM 128GB. Từ đó, điện thoại có khả năng đa nhiệm hiệu quả cùng một không gian lưu trữ vừa đủ cho những bộ album ảnh chụp hay tải về các ứng dụng, đáp ứng nhu cầu của người dùng.\xa0Có thể mở rộng RAM thông qua phần mềm lên đến 4GB, mở rộng lên đến 1TB thông qua thẻ MicroSD. Ngoài ra, chế độ siêu âm lượng trên Oppo A18 còn giúp âm thanh tăng vượt trội lên đến 300%, giúp bạn đắm chìm trong thế giới âm nhạc của riêng mình.\n\nCamera chính 8MP, chất lượng chụp ổn định']","Thông số kỹ thuật nổi bật của OPPO A18 bao gồm:

- Chip Helio G85 của MediaTek với 4GB RAM và 128GB bộ nhớ trong.
- Camera sau 8MP + 2MP, camera trước 5MP.
- Dung lượng pin 5000mAh, hỗ trợ sạc nhanh USB Type-C.
- Có khả năng mở rộng RAM lên đến 4GB thông qua phần mềm và thẻ MicroSD lên đến 1TB.

Đây là những điểm nổi bật giúp OPPO A18 đáp ứng tốt nhu cầu đa nhiệm và lưu trữ dữ liệu của người dùng.","OPPO A18 được trang bị pin 5000mAh, chipset MediaTek Helio G85 8 nhân, RAM 4GB, bộ nhớ trong 128GB, màn hình 6.56 inches với độ phân giải HD+ (720 x 1612) và camera chính 8 MP.",0.9999999999666667,,0.6,0.7939867488327729
Điện thoại OPPO A3X 6GB 128GB có giá bao nhiêu?,"['**Tên sán phẩm:** OPPO A3X 6GB 128GB\n\n**Giá sản phẩm:** 4.210.000đ\n\n**Các màu của sản phẩm:** Xanh, Đỏ\n\n**Thông số sản phẩm:** Pin: 5100mAh\n\nChipset: Qualcomm® Snapdragon® 6s 4G Gen1\n\nThẻ SIM: 2 Nano-SIM\n\nCamera sau: 8MP; f/2; FOV 78°\n\nLoại CPU: 8 nhân\n\nCamera trước: 5MP; f/2.2,\n\nBộ nhớ trong: 128 GB\n\nCông nghệ NFC: Không\n\nDung lượng RAM: 6 GB\n\nHệ điều hành: ColorOS 14.0\n\nTính năng màn hình: Tỉ lệ màn hình 89.9%, 90Hz\n\nCông nghệ màn hình: LCD\n\nKích thước màn hình: 6.67 inches\n\nĐộ phân giải màn hình: 720 x 1604 (HD+)\n\n**Giới thiệu sản phẩm:** Đặc điểm nổi bật của OPPO A3X 6GB 128GB'
 'Điểm nhấn nổi bật của OPPO A3 chính là cụm camera vuông, tạo nên sự khác biệt và cá tính cho thiết bị. Cụm camera được bố trí hợp lý, không quá lồi ra ngoài, giữ được sự cân đối và hài hòa cho mặt lưng của mẫu smartphone dòng A.\n\nGiá điện thoại OPPO A3 bao nhiêu?\n\nOPPO A3 tại thị trường Việt Nam có giá thời điểm mở bán khoảng 4.990.000đ cho RAM 6GB + ROM 128GB và 6.490.000đ cho bản RAM 8GB + ROM 256GB. Lưu ý giá có thể thay đổi tuỳ thuộc vào chính sách ưu đãi ở từng thời điểm khác nhau.'
 'Nên mua điện thoại OPPO A3X 6GB 128GB chính hãng giá rẻ ở đâu?\n\nKhách hàng có thể tìm mua OPPO A3X 6GB 128GB chính hãng tại hệ thống CellphoneS – chuỗi bán lẻ thiết bị công nghệ uy tín hàng đầu Việt Nam. Tại đây, toàn bộ mặt hàng đều chuẩn chính hãng, có chế độ bảo hành theo quy định. CellphoneS thường xuyên có ưu đãi hấp dẫn, hỗ trợ trả góp 0% và chương trình thu cũ đổi mới tiết kiệm chi phí. Đội ngũ nhân viên chuyên nghiệp sẽ tư vấn sản phẩm phù hợp với nhu cầu, ngân sách của người dùng.\xa0\n\nXem thêm']",Điện thoại OPPO A3X 6GB 128GB có giá khoảng 4.210.000đ. Giá này bao gồm cả RAM 6GB và ROM 128GB.,Điện thoại OPPO A3X 6GB 128GB có giá 4.210.000đ.,0.8333333332916666,,1.0,0.8097224728818734
Điện thoại OPPO A3X 6GB 128GB có những màu sắc nào?,"['OPPO A3X 6GB 128GB là mẫu smartphone tầm trung nổi bật nhờ sự cân bằng giữa thiết kế, hiệu năng và tính năng tiện ích. Sản phẩm điện thoại OPPO A này đáp ứng tốt nhu cầu giải trí, làm việc và liên lạc của người tiêu dùng hiện đại.\n\nThiết kế sang trọng, độ bền bỉ cao\n\nPhiên bản A3X của OPPO gây ấn tượng với ngoại hình thanh thoát, các đường nét tinh tế cùng tùy chọn màu Đỏ Tinh Vân và Xanh Đại Dương trẻ trung. Máy đạt tiêu chuẩn quân đội về khả năng kháng va đập, giảm sốc, kết hợp kính cường lực kép giúp hạn chế trầy xước hiệu quả.'
 '**Tên sán phẩm:** OPPO A3X 6GB 128GB\n\n**Giá sản phẩm:** 4.210.000đ\n\n**Các màu của sản phẩm:** Xanh, Đỏ\n\n**Thông số sản phẩm:** Pin: 5100mAh\n\nChipset: Qualcomm® Snapdragon® 6s 4G Gen1\n\nThẻ SIM: 2 Nano-SIM\n\nCamera sau: 8MP; f/2; FOV 78°\n\nLoại CPU: 8 nhân\n\nCamera trước: 5MP; f/2.2,\n\nBộ nhớ trong: 128 GB\n\nCông nghệ NFC: Không\n\nDung lượng RAM: 6 GB\n\nHệ điều hành: ColorOS 14.0\n\nTính năng màn hình: Tỉ lệ màn hình 89.9%, 90Hz\n\nCông nghệ màn hình: LCD\n\nKích thước màn hình: 6.67 inches\n\nĐộ phân giải màn hình: 720 x 1604 (HD+)\n\n**Giới thiệu sản phẩm:** Đặc điểm nổi bật của OPPO A3X 6GB 128GB'
 'Kích thước màn hình: 6.67 inches\n\nĐộ phân giải màn hình: 720 x 1604 (HD+)\n\n**Giới thiệu sản phẩm:** Đặc điểm nổi bật của OPPO A3X 6GB 128GB\n\n\xa0OPPO A3X 6GB 128GB mang đến trải nghiệm bền bỉ, mượt mà với thiết kế đạt chuẩn quân đội, pin 5100 mAh và sạc nhanh 45W tiện lợi cho người sử dụng. Thiết bị sở hữu màn hình LCD 6.67 inch cùng độ sáng 1000 nits, cho phép hiển thị rõ ràng ngay cả khi đang ở ngoài trời. Kèm theo đó là chuẩn kháng nước bền bỉ, giúp máy phù hợp với nhiều nhu cầu sử dụng hàng ngày.\n\nNội dung chính']",OPPO A3X 6GB 128GB có màu sắc là Xanh và Đỏ.,Điện thoại OPPO A3X 6GB 128GB có hai màu sắc là Xanh và Đỏ.,0.99999999995,,1.0,0.7759270030590718
Thông số kỹ thuật nổi bật của OPPO A3X 6GB 128GB là gì?,"['Khung máy mỏng chỉ 7.68 mm, trọng lượng 186 g mang lại cảm giác cầm nắm thoải mái. Đặc biệt, tính năng kháng đa chất lỏng và công nghệ Cảm Ứng Kháng Nước giúp người dùng yên tâm thao tác ngay cả khi tay ướt. Tuy nhiên, hãng không khuyến khích người dùng sử dụng thiết bị trong môi trường hơi nước hoặc hóa chất mạnh, làm giảm tuổi thọ của máy.\n\nMàn hình rõ nét, tần số quét mượt mà'
 'Kích thước màn hình: 6.67 inches\n\nĐộ phân giải màn hình: 720 x 1604 (HD+)\n\n**Giới thiệu sản phẩm:** Đặc điểm nổi bật của OPPO A3X 6GB 128GB\n\n\xa0OPPO A3X 6GB 128GB mang đến trải nghiệm bền bỉ, mượt mà với thiết kế đạt chuẩn quân đội, pin 5100 mAh và sạc nhanh 45W tiện lợi cho người sử dụng. Thiết bị sở hữu màn hình LCD 6.67 inch cùng độ sáng 1000 nits, cho phép hiển thị rõ ràng ngay cả khi đang ở ngoài trời. Kèm theo đó là chuẩn kháng nước bền bỉ, giúp máy phù hợp với nhiều nhu cầu sử dụng hàng ngày.\n\nNội dung chính'
 '**Tên sán phẩm:** OPPO A3X 6GB 128GB\n\n**Giá sản phẩm:** 4.210.000đ\n\n**Các màu của sản phẩm:** Xanh, Đỏ\n\n**Thông số sản phẩm:** Pin: 5100mAh\n\nChipset: Qualcomm® Snapdragon® 6s 4G Gen1\n\nThẻ SIM: 2 Nano-SIM\n\nCamera sau: 8MP; f/2; FOV 78°\n\nLoại CPU: 8 nhân\n\nCamera trước: 5MP; f/2.2,\n\nBộ nhớ trong: 128 GB\n\nCông nghệ NFC: Không\n\nDung lượng RAM: 6 GB\n\nHệ điều hành: ColorOS 14.0\n\nTính năng màn hình: Tỉ lệ màn hình 89.9%, 90Hz\n\nCông nghệ màn hình: LCD\n\nKích thước màn hình: 6.67 inches\n\nĐộ phân giải màn hình: 720 x 1604 (HD+)\n\n**Giới thiệu sản phẩm:** Đặc điểm nổi bật của OPPO A3X 6GB 128GB']","OPPO A3X 6GB 128GB có các thông số kỹ thuật nổi bật như:

- Pin: 5100mAh
- Chipset: Qualcomm® Snapdragon® 6s 4G Gen1
- Camera sau: 8MP; f/2; FOV 78°
- Bộ nhớ trong: 128 GB
- Kích thước màn hình: 6.67 inches
- Độ phân giải màn hình: 720 x 1604 (HD+)
- Tỷ lệ màn hình: 89.9%
- Công nghệ màn hình: LCD

Đây là những thông số chính giúp OPPO A3X 6GB 128GB có khả năng sử dụng tốt và đáp ứng nhu cầu của người dùng hàng ngày.","OPPO A3X 6GB 128GB có pin 5100mAh, chipset Qualcomm® Snapdragon® 6s 4G Gen1, RAM 6GB, bộ nhớ trong 128GB, màn hình LCD 6.67 inches với độ phân giải 720 x 1604 (HD+), và camera sau 8MP.",0.5833333333041666,,1.0,0.7881853445900342
ZTE Nubia Z60S Pro 16GB 512GB có giá bao nhiêu?,"['**Tên sán phẩm:** ZTE Nubia Z60S Pro 16GB 512GB\n\n**Giá sản phẩm:** 11.990.000đ\n\n**Các màu của sản phẩm:** Đen, Xanh, Trắng\n\n**Thông số sản phẩm:** Pin: 5100 mAh\n\nChipset: Snapdragon 8 Gen 2 (4 nm)\n\nThẻ SIM: 2 Nano-SIM\n\nCamera sau: Camera chính: 50MP, f/1.56\nCamera Tele: 8MP, f/2.4\nCamera góc siêu rộng: 50MP\n\nCamera trước: 16MP, f/2.45\n\nBộ nhớ trong: 512 GB\n\nCông nghệ NFC: Có\n\nDung lượng RAM: 16 GB\n\nHệ điều hành: Android 14\n\nTính năng màn hình: Tần số quét 120 Hz, 1200 nits, 452PPI, 100% DCI-P3, 1,07 tỷ màu sắc\n\nCông nghệ màn hình: AMOLED\n\nKích thước màn hình: 6.78 inches\n\nĐộ phân giải màn hình: 2160 x 1440 pixels\n\n**Giới thiệu sản phẩm:** Đặc điểm nổi bật của ZTE Nubia Z60S Pro 16GB 512GB'
 'ZTE nubia Z60S Pro có giá bán bao nhiêu?\n\nMức giá khởi điểm của điện thoại ZTE nubia Z60S Pro khoảng 10 triệu đồng cho phiên bản 8GB RAM + 256GB bộ nhớ trong. Nếu cần dung lượng lớn hơn, người dùng có thể lựa chọn phiên bản 12GB + 256GB với giá khoảng 11 triệu đồng.\n\nNgoài ra, ZTE nubia Z60S Pro còn có phiên bản cao cấp 16GB + 1TB, dành cho những ai cần không gian lưu trữ rộng rãi, với mức giá chưa đến 15 triệu đồng. Với nhiều tùy chọn cấu hình, sản phẩm phù hợp với cả người dùng phổ thông lẫn những ai yêu thích công nghệ.\n\nĐăng ký nhận thông tin về hàng điện thoại ZTE nubia Z60S Pro chính hãng tại CellphoneS'
 '**Tên sán phẩm:** ZTE Nubia Z60S Pro 16GB 1TB\n\n**Giá sản phẩm:** 13.990.000đ\n\n**Các màu của sản phẩm:** Đen\n\n**Thông số sản phẩm:** Pin: 5100 mAh\n\nChipset: Snapdragon 8 Gen 2 (4 nm)\n\nThẻ SIM: 2 Nano-SIM\n\nCamera sau: Camera chính: 50MP, f/1.56\nCamera Tele: 8MP, f/2.4\nCamera góc siêu rộng: 50MP\n\nCamera trước: 16MP, f/2.45\n\nBộ nhớ trong: 1 TB\n\nCông nghệ NFC: Có\n\nDung lượng RAM: 16 GB\n\nHệ điều hành: Android 14\n\nTính năng màn hình: Tần số quét 120 Hz, 1200 nits, 452PPI, 100% DCI-P3, 1,07 tỷ màu sắc\n\nCông nghệ màn hình: AMOLED\n\nKích thước màn hình: 6.78 inches\n\nĐộ phân giải màn hình: 2160 x 1440 pixels\n\n**Giới thiệu sản phẩm:** Đặc điểm nổi bật của ZTE Nubia Z60S Pro 16GB 1TB']",ZTE Nubia Z60S Pro 16GB 512GB có giá khoảng 11.990.000đ.,Giá sản phẩm là 11.990.000đ.,0.9999999999,,1.0,0.8309160015216492
ZTE Nubia Z60S Pro 16GB 512GB có những màu sắc nào?,"['**Tên sán phẩm:** ZTE Nubia Z60S Pro 16GB 512GB\n\n**Giá sản phẩm:** 11.990.000đ\n\n**Các màu của sản phẩm:** Đen, Xanh, Trắng\n\n**Thông số sản phẩm:** Pin: 5100 mAh\n\nChipset: Snapdragon 8 Gen 2 (4 nm)\n\nThẻ SIM: 2 Nano-SIM\n\nCamera sau: Camera chính: 50MP, f/1.56\nCamera Tele: 8MP, f/2.4\nCamera góc siêu rộng: 50MP\n\nCamera trước: 16MP, f/2.45\n\nBộ nhớ trong: 512 GB\n\nCông nghệ NFC: Có\n\nDung lượng RAM: 16 GB\n\nHệ điều hành: Android 14\n\nTính năng màn hình: Tần số quét 120 Hz, 1200 nits, 452PPI, 100% DCI-P3, 1,07 tỷ màu sắc\n\nCông nghệ màn hình: AMOLED\n\nKích thước màn hình: 6.78 inches\n\nĐộ phân giải màn hình: 2160 x 1440 pixels\n\n**Giới thiệu sản phẩm:** Đặc điểm nổi bật của ZTE Nubia Z60S Pro 16GB 512GB'
 '**Tên sán phẩm:** ZTE Nubia Z60S Pro 16GB 1TB\n\n**Giá sản phẩm:** 13.990.000đ\n\n**Các màu của sản phẩm:** Đen\n\n**Thông số sản phẩm:** Pin: 5100 mAh\n\nChipset: Snapdragon 8 Gen 2 (4 nm)\n\nThẻ SIM: 2 Nano-SIM\n\nCamera sau: Camera chính: 50MP, f/1.56\nCamera Tele: 8MP, f/2.4\nCamera góc siêu rộng: 50MP\n\nCamera trước: 16MP, f/2.45\n\nBộ nhớ trong: 1 TB\n\nCông nghệ NFC: Có\n\nDung lượng RAM: 16 GB\n\nHệ điều hành: Android 14\n\nTính năng màn hình: Tần số quét 120 Hz, 1200 nits, 452PPI, 100% DCI-P3, 1,07 tỷ màu sắc\n\nCông nghệ màn hình: AMOLED\n\nKích thước màn hình: 6.78 inches\n\nĐộ phân giải màn hình: 2160 x 1440 pixels\n\n**Giới thiệu sản phẩm:** Đặc điểm nổi bật của ZTE Nubia Z60S Pro 16GB 1TB'
 'Điện thoại Nubia V60 Design được ZTE giới thiệu với 3 tuỳ chọn màu sắc là Dark Blue, Sunrise Violet và Champagne Gold. Nhờ việc sở hữu đa dạng màu sắc này mà dòng điện thoại giá rẻ của ZTE này sẽ phù hợp để người dùng thuộc mọi giới tính, độ tuổi sử dụng.\n\nGiá điện thoại Nubia V60 Design bao nhiêu?']",ZTE Nubia Z60S Pro 16GB 512GB có màu sắc là Đen và Xanh.,"Sản phẩm có các màu Đen, Xanh, và Trắng.",0.9999999999,,0.5,0.7950130419901188
ZTE Nubia Z60S Pro 16GB 512GB phù hợp với ai?,"['Kích thước màn hình: 6.78 inches\n\nĐộ phân giải màn hình: 2160 x 1440 pixels\n\n**Giới thiệu sản phẩm:** Đặc điểm nổi bật của ZTE Nubia Z60S Pro 16GB 512GB\n\nĐiện thoại Nubia Z60S Pro 16GB 512GB có dung lượng lớn, phù hợp cho những ai cần lưu trữ nhiều dữ liệu, ứng dụng, hay nội dung số mà không lo đầy bộ nhớ. Với 512GB, máy dễ dàng lưu game nặng, video dài, hay hàng ngàn ảnh chất lượng cao. Việc lựa chọn Nubia Z60S Pro 16GB 512GB còn là giải pháp tốt cho ai cần một thiết bị lưu trữ ổn định và lâu dài.'
 'Kích thước màn hình: 6.78 inches\n\nĐộ phân giải màn hình: 2160 x 1440 pixels\n\n**Giới thiệu sản phẩm:** Đặc điểm nổi bật của ZTE Nubia Z60S Pro 16GB 1TB\n\nĐiện thoại Nubia Z60S Pro 16GB 1TB là lựa chọn đột phá dành cho các người dùng yêu thích hiệu năng cực mạnh và không gian lưu trữ khổng lồ. Với RAM 16GB và bộ nhớ trong lên đến 1TB, chiếc máy này cho phép người dùng thoải mái chơi game, chỉnh sửa video 4K. Đồng thời, điện thoại cũng có thể lưu trữ hàng ngàn tập tin mà không lo thiếu dung lượng.'
 'Cấu hình của điện thoại Nubia Z60S Pro này mạnh mẽ với chip Snapdragon 8 Gen 2 và GPU Adreno 740. Máy còn hỗ trợ quay phim 8K và chụp ảnh rõ nét nhờ cảm biến 50MP. Ngoài ra, người mua còn có được mức giá tốt và ưu đãi hấp dẫn khi mua Nubia Z60S Pro 16GB 512GB tại CellphoneS.']","ZTE Nubia Z60S Pro 16GB 512GB phù hợp với những người cần lưu trữ nhiều dữ liệu, ứng dụng hoặc nội dung số mà không lo đầy bộ nhớ. Nó cũng là lựa chọn tốt cho người dùng yêu thích hiệu năng mạnh mẽ và có nhu cầu lưu trữ lớn.","Máy phù hợp cho những ai cần lưu trữ nhiều dữ liệu, ứng dụng, hay nội dung số mà không lo đầy bộ nhớ.",0.9999999999666667,,0.5,0.7505439875554054
realme C51 3GB 64GB có giá bao nhiêu?,"['**Tên sán phẩm:** realme C51 3GB 64GB\n\n**Giá sản phẩm:** 2.090.000đ\n\n**Các màu của sản phẩm:** Đen, Xanh\n\n**Thông số sản phẩm:** Pin: 5000mAh\n\nChipset: Unisoc UNISOC T612\n\nThẻ SIM: 2 SIM (Nano-SIM)\n\nCamera sau: Chính 50 MP & Phụ 0.3 MP\n\nLoại CPU: 12nm process, Octa-core, Up to 1.82GHz\n\nCamera trước: 5M, f/2.22\n\nBộ nhớ trong: 64 GB\n\nCông nghệ NFC: Không\n\nDung lượng RAM: 3 GB\n\nHệ điều hành: realme UI T Edition - Android 13\n\nTính năng màn hình: 16.7 triệu màu, độ sáng tối đa 560nits\n\nCông nghệ màn hình: IPS LCD\n\nKích thước màn hình: 6.74 inches\n\nĐộ phân giải màn hình: 720 x 1600 pixel\n\n**Giới thiệu sản phẩm:** Đặc điểm nổi bật của realme C51 3GB 64GB'
 'realme c51 giá bao nhiêu?\n\nGiá\xa0realme C51 128gb thường được rất nhiều người dùng quan tâm và tìm kiếm. Hiện nay theo tin đồn thì\xa0được dự kiến có khoảng 10.999 Rupee tại thị trường Ấn Độ. Tuy nhiên, khi về thị trường Việt Nam với việc thêm các chi phí như thuế, phí vận chuyển thì C51 realme sẽ rơi vào khoảng 3.99 triệu đồng.\n\nVới mức phân khúc điện thoại C51 sẽ cạnh tranh trực tiếp với các sản phẩm tầm trung khác như\xa0Samsung Galaxy M14,\xa0Infinix Note 30,\xa0Tecno POVA 5,\xa0Xiaomi Redmi Note 12...'
 'Điện thoại realme C51 6GB 256GB giá bao nhiêu tiền?\n\nỞ phiên bản cấu hình chuẩn 4GB RAM và 128GB bộ nhớ trong, điện thoại được bán với giá bán 3.29 triệu đồng. Do đó trên phiên bản cấu hình nâng câp với 6GB dung lượng RAM và 256GB dung lượng bộ nhớ trong sẽ có giá bán lớn hơn đôi chút, chênh lệch khoảng vài trăm ngàn đồng.\n\nBên cạnh 2 phiên bản trên, realme C51 còn phiên bản với dung lượng RAM 3GB và 36GB dung lượng cho người dùng lựa chọn với giá bán chỉ khoảng gần 2.8 triệu đồng.\n\nMua ngay điện thoại realme C51 6GB 256GB chính hãng – giá ưu đãi tại CellphoneS']",Điện thoại realme C51 3GB 64GB có giá khoảng 2.090.000 đồng.,Giá sản phẩm realme C51 3GB 64GB là 2.090.000đ.,0.8333333332916666,,1.0,0.8019821240121984
realme C51 3GB 64GB phù hợp với ai?,"['realme C51 3GB 64GB không chỉ sở hữu một vẻ ngoài bắt mắt mà còn ấn tượng với hiệu năng ổn định. Sản phẩm điện thoại realme này phù hợp với nhu cầu cơ bản như duyệt web, sử dụng ứng dụng truyền thông xã hội và giải trí nhẹ nhàng, mang lại trải nghiệm người dùng mượt mà.\n\nHiệu năng xử lý ấn tượng, đáp ứng mượt mà các yêu cầu cơ bản'
 'Mua điện thoại realme C51 3GB 64GB chính hãng tại CellphoneS\n\nVới nhiều hiệu năng xử lý cùng các thông số bộ nhớ ấn tượng trên, nếu bạn tìm kiếm một chiếc điện thoại chất lượng với mức giá phải chăng, thì realme C51 3GB 64GB sẽ là lựa chọn không nên bỏ qua. Bạn có thể chọn mua sản phẩm này tại CellphoneS với mức giá thành cực kỳ hấp dẫn. Đến với CellphoneS, bạn sẽ được trải nghiệm dịch vụ tư vấn chuyên nghiệp và hỗ trợ sau bán hàng tận tâm. Kết nối thêm tới cửa hàng qua hotline 1800 2097 để được tư vấn thêm về dòng máy realme này bạn nhé!\xa0\n\nXem thêm'
 'Hiệu năng xử lý ấn tượng, đáp ứng mượt mà các yêu cầu cơ bản\n\nrealme C51 3GB 64GB được trang bị chip Unisoc Tiger T612, mang lại khả năng xử lý tốt cho các tác vụ cơ bản. Điện thoại này có thể chạy mượt mà các ứng dụng nhẹ, đáp ứng nhu cầu hàng ngày của người dùng. Tuy nhiên, trong trường hợp sử dụng nhiều ứng dụng cùng lúc hoặc các tác vụ nặng, máy có thể sẽ gặp phải một chút giật lag trong khi trải nghiệm.\n\nĐa nhiệm, lưu trữ dữ liệu ổn định với thông số bộ nhớ cao']","realme C51 3GB 64GB phù hợp với người dùng cần một điện thoại cơ bản và mượt mà cho các tác vụ hàng ngày. Nó đáp ứng nhu cầu duyệt web, sử dụng ứng dụng xã hội và giải trí nhẹ nhàng. Tuy nhiên, nếu bạn thường xuyên sử dụng nhiều ứng dụng cùng lúc hoặc làm việc với các tác vụ nặng, nó có thể không phù hợp vì có thể gặp phải một chút giật lag.","realme C51 3GB 64GB phù hợp với nhu cầu cơ bản như duyệt web, sử dụng ứng dụng truyền thông xã hội và giải trí nhẹ nhàng.",0.9999999999666667,,1.0,0.7355957920792294
Thông số kỹ thuật của realme C51 3GB 64GB là gì?,"['Kích thước màn hình: 6.74 inches\n\nĐộ phân giải màn hình: 720 x 1600 pixel\n\n**Giới thiệu sản phẩm:** Đặc điểm nổi bật của realme C51 3GB 64GB\n\nrealme C51 3GB 64GB mang tới trải nghiệm đa nhiệm mượt mà cùng không gian lưu trữ ổn định khi sở hữu thông số bộ nhớ đạt 3GB RAM và 64GB bộ nhớ trong. Đi kèm theo đó là khả năng xử lý ấn tượng đến từ chipset hiện đại Unisoc UNISOC T612. Ngoài các thông số về cấu hình thì realme C51 cũng sở hữu cụm máy ảnh với cảm biến chính đạt tới 50MP, cung cấp chất lượng quay chụp siêu thực.\n\nNội dung chính'
 'Đa nhiệm, lưu trữ dữ liệu ổn định với thông số bộ nhớ cao\n\nĐi kèm với mức hiệu suất ổn định này là các thông số bộ nhớ cũng không kém phần ấn tượng trên realme C51. Theo đó, máy sẽ được trang bị mức dung lượng điện thoại realme C51 với RAM 3GB và bộ nhớ trong 64GB. Dù không quá khủng so với các thế hệ smartphone cao cấp hàng đầu hiện nay nhưng bấy nhiêu thôi cũng đã đủ để realme C51 cung cấp không gian rộng lớn để lưu trữ dữ liệu và đảm bảo khả năng đa nhiệm tốt.'
 'Quay chụp rõ nét với cụm camera hiện đại\n\nVề khả năng quay chụp, realme C51 3GB 64GB nổi bật với camera chính 50 MP, mang lại hình ảnh sắc nét và chi tiết. Kết hợp với đó là camera phụ 0.3 MP hỗ trợ xóa phông, giúp máy tạo ra những bức ảnh chân dung với hiệu ứng nền mờ đẹp mắt. Ngoài ra, máy còn tích hợp các chế độ chụp độc đáo như Night Mode và Pro Mode, cho phép người dùng sáng tạo với mọi bức ảnh.\n\nCùng khám phá ngay điện thoại\xa0realme C51 6gb 256gb có gì nổi bật hơn so với các phân khúc điện thoại realme C51 hiện nay ngay!\n\nMua điện thoại realme C51 3GB 64GB chính hãng tại CellphoneS']","Thông số kỹ thuật của realme C51 3GB 64GB bao gồm:

- RAM: 3GB
- Bộ nhớ trong: 64GB

Đây là một thiết bị có cấu hình ổn định với mức RAM cao, đảm bảo khả năng đa nhiệm tốt và không gian lưu trữ lớn cho dữ liệu.","realme C51 3GB 64GB có pin 5000mAh, chipset Unisoc T612, RAM 3GB, bộ nhớ trong 64GB, camera sau 50 MP và camera trước 5 MP, màn hình 6.74 inches với độ phân giải 720 x 1600 pixel.",0.9999999999,0.7142857142857143,1.0,0.7814004679083691
Sản phẩm HONOR 400 5G 12GB 512GB có giá bao nhiêu?,"['**Tên sán phẩm:** HONOR 400 5G 12GB 512GB\n\n**Giá sản phẩm:** 12.990.000đ\n\n**Các màu của sản phẩm:** Đen, Vàng\n\n**Thông số sản phẩm:** Pin: 6000mAh, HONOR 80W SuperCharge\n\nChipset: Snapdragon 7 Gen 3\n\nThẻ SIM: 2 SIM (Nano-SIM)\n\nCamera sau: Camera chính AI 200MP (f/1.9, OIS) + 12MP Camera Góc Siêu Rộng (f/2.2)\n\nLoại CPU: 8 lõi\n\nCamera trước: 50MP (khẩu độ f/2.0)\n\nBộ nhớ trong: 512 GB\n\nCông nghệ NFC: Có\n\nDung lượng RAM: 12 GB\n\nHệ điều hành: MagicOS 9.0 (Dựa trên Android 15)\n\nTính năng màn hình: 2736*1264 Pixels\n1,07 tỷ màu\n\nCông nghệ màn hình: AMOLED\n\nKích thước màn hình: 6.55 inches\n\n**Giới thiệu sản phẩm:** Đặc điểm nổi bật của HONOR 400 5G 12GB 512GB'
 '**Tên sán phẩm:** HONOR 400 5G 12GB 256GB\n\n**Giá sản phẩm:** 11.990.000đ\n\n**Các màu của sản phẩm:** Vàng\n\n**Thông số sản phẩm:** Pin: 6000mAh, HONOR 80W SuperCharge\n\nChipset: Snapdragon 7 Gen 3\n\nThẻ SIM: 2 SIM (Nano-SIM)\n\nCamera sau: Camera chính AI 200MP (f/1.9, OIS) + 12MP Camera Góc Siêu Rộng (f/2.2)\n\nLoại CPU: 8 lõi\n\nCamera trước: 50MP (khẩu độ f/2.0)\n\nBộ nhớ trong: 256 GB\n\nCông nghệ NFC: Có\n\nDung lượng RAM: 12 GB\n\nHệ điều hành: MagicOS 9.0 (Dựa trên Android 15)\n\nTính năng màn hình: 2736*1264 Pixels\n1,07 tỷ màu\n\nCông nghệ màn hình: AMOLED\n\nKích thước màn hình: 6.55 inches\n\n**Giới thiệu sản phẩm:** Đặc điểm nổi bật của HONOR 400 5G 12GB 256GB'
 'Tên sản phẩm\n\n\t\n\nGiá bán\n\n\t\n\nGiá thu cũ lên đời\n\nHONOR 400 5G 12GB 256GB\n\n\t\n\n11.990.000đ\n\n\t\n\n9.990.000đ\n\nĐây là mẫu điện thoại dành cho nhân viên văn phòng, sinh viên hoặc người làm việc sáng tạo cần một thiết bị có kết nối 5G để phục vụ công việc trực tuyến mượt mà. Bên cạnh đó, sản phẩm cũng đáng cân nhắc cho người dùng muốn bước lên trải nghiệm smartphone cao hơn trong tầm giá hợp lý.\n\nMua điện thoại Honor 400 5G giá tốt tại CellphoneS']",Sản phẩm HONOR 400 5G 12GB 512GB có giá là 12.990.000đ.,Sản phẩm HONOR 400 5G 12GB 512GB có giá 12.990.000đ.,0.9999999999,,1.0,0.8122303902573589
HONOR 400 5G 12GB 512GB phù hợp với ai?,"['Với mức giá này, sản phẩm phù hợp với đối tượng người dùng trẻ, yêu thích công nghệ, game thủ, cũng như những ai muốn đầu tư vào nhiếp ảnh di động. Không chỉ dừng lại ở hiệu năng, HONOR còn tập trung vào thiết kế sang trọng và tính năng thông minh, khiến chiếc máy trở thành lựa chọn xứng đáng trong phân khúc.\n\nMua ngay điện thoại HONOR 400 Pro 5G chính hãng với loạt ưu đãi lớn tại CellphoneS'
 'Tên sản phẩm\n\n\t\n\nGiá bán\n\n\t\n\nGiá thu cũ lên đời\n\nHONOR 400 5G 12GB 256GB\n\n\t\n\n11.990.000đ\n\n\t\n\n9.990.000đ\n\nĐây là mẫu điện thoại dành cho nhân viên văn phòng, sinh viên hoặc người làm việc sáng tạo cần một thiết bị có kết nối 5G để phục vụ công việc trực tuyến mượt mà. Bên cạnh đó, sản phẩm cũng đáng cân nhắc cho người dùng muốn bước lên trải nghiệm smartphone cao hơn trong tầm giá hợp lý.\n\nMua điện thoại Honor 400 5G giá tốt tại CellphoneS'
 'Điện thoại HONOR 400 Pro 5G là mẫu smartphone cao cấp mới đến từ HONOR, nổi bật với cấu hình mạnh mẽ, camera khủng và thiết kế sang trọng. Chiếc smartphone thời thượng này hứa hẹn mang lại trải nghiệm toàn diện, từ hiệu năng, nhiếp ảnh cho đến tính thẩm mỹ.\n\nHiệu năng tốt với CPU mạnh mẽ\n\nĐiện thoại HONOR 400 Pro 5G được trang bị vi xử lý Snapdragon 8 Gen 3 – con chip đầu bảng của Qualcomm, đảm bảo sức mạnh xử lý vượt trội cho mọi tác vụ phức tạp. Kết hợp cùng RAM 12GB và bộ nhớ trong 512GB, máy có khả năng chạy đa nhiệm mượt mà, lưu trữ hàng ngàn bức ảnh, video, ứng dụng mà không lo đầy bộ nhớ.']","HONOR 400 5G 12GB 512GB phù hợp với những người dùng yêu thích công nghệ và game thủ. Nó cũng rất lý tưởng cho các nhân viên văn phòng, sinh viên hoặc những người làm việc sáng tạo cần một thiết bị có kết nối 5G để phục vụ công việc trực tuyến mượt mà.","HONOR 400 5G 12GB 512GB phù hợp với những người cần một chiếc điện thoại mạnh mẽ với hiệu suất cao, đặc biệt là những người yêu thích chụp ảnh nhờ camera chính 200MP.",0.8333333332916666,,1.0,0.664505756092291
Thông số kỹ thuật của HONOR 400 5G 12GB 512GB là gì?,"['**Tên sán phẩm:** HONOR 400 Pro 5G 12GB 512GB\n\n**Giá sản phẩm:** Liên hệ để báo giá\n\n**Các màu của sản phẩm:** Xám, Đen\n\n**Thông số sản phẩm:** Pin: 6000 mAh\n\nChipset: Snapdragon 8 Gen 3\n\nThẻ SIM: 2 Nano SIM hoặc 1 Nano + 1 eSIM\n\nCamera sau: 200MP (f/1.9, OIS) + 50MP Tele (f/2.4, OIS) + 12MP Góc siêu rộng (f/2.2), zoom số 50x\n\nLoại CPU: 8 nhân\n\nCamera trước: 50MP (f/2.0)\n\nBộ nhớ trong: 512 GB\n\nCông nghệ NFC: Có\n\nDung lượng RAM: 12 GB\n\nHệ điều hành: MagicOS 9.0 (Android 15)\n\nTính năng màn hình: 1.07 tỷ màu\n\nCông nghệ màn hình: AMOLED\n\nKích thước màn hình: 6.7 inches\n\nĐộ phân giải màn hình: 2800 x 1280 pixels\n\n**Giới thiệu sản phẩm:** Đặc điểm nổi bật của HONOR 400 Pro 5G 12GB 512GB'
 '**Tên sán phẩm:** HONOR 400 5G 12GB 512GB\n\n**Giá sản phẩm:** 12.990.000đ\n\n**Các màu của sản phẩm:** Đen, Vàng\n\n**Thông số sản phẩm:** Pin: 6000mAh, HONOR 80W SuperCharge\n\nChipset: Snapdragon 7 Gen 3\n\nThẻ SIM: 2 SIM (Nano-SIM)\n\nCamera sau: Camera chính AI 200MP (f/1.9, OIS) + 12MP Camera Góc Siêu Rộng (f/2.2)\n\nLoại CPU: 8 lõi\n\nCamera trước: 50MP (khẩu độ f/2.0)\n\nBộ nhớ trong: 512 GB\n\nCông nghệ NFC: Có\n\nDung lượng RAM: 12 GB\n\nHệ điều hành: MagicOS 9.0 (Dựa trên Android 15)\n\nTính năng màn hình: 2736*1264 Pixels\n1,07 tỷ màu\n\nCông nghệ màn hình: AMOLED\n\nKích thước màn hình: 6.55 inches\n\n**Giới thiệu sản phẩm:** Đặc điểm nổi bật của HONOR 400 5G 12GB 512GB'
 '**Tên sán phẩm:** HONOR 400 5G 12GB 256GB\n\n**Giá sản phẩm:** 11.990.000đ\n\n**Các màu của sản phẩm:** Vàng\n\n**Thông số sản phẩm:** Pin: 6000mAh, HONOR 80W SuperCharge\n\nChipset: Snapdragon 7 Gen 3\n\nThẻ SIM: 2 SIM (Nano-SIM)\n\nCamera sau: Camera chính AI 200MP (f/1.9, OIS) + 12MP Camera Góc Siêu Rộng (f/2.2)\n\nLoại CPU: 8 lõi\n\nCamera trước: 50MP (khẩu độ f/2.0)\n\nBộ nhớ trong: 256 GB\n\nCông nghệ NFC: Có\n\nDung lượng RAM: 12 GB\n\nHệ điều hành: MagicOS 9.0 (Dựa trên Android 15)\n\nTính năng màn hình: 2736*1264 Pixels\n1,07 tỷ màu\n\nCông nghệ màn hình: AMOLED\n\nKích thước màn hình: 6.55 inches\n\n**Giới thiệu sản phẩm:** Đặc điểm nổi bật của HONOR 400 5G 12GB 256GB']","Thông số kỹ thuật của HONOR 400 5G 12GB 512GB bao gồm:

- Pin: 6000mAh
- Chipset: Snapdragon 7 Gen 3
- Thẻ SIM: 2 SIM (Nano-SIM)
- Camera sau: 200MP + 50MP Tele + 12MP Góc siêu rộng, zoom số 50x
- Loại CPU: 8 lõi
- Camera trước: 50MP
- Bộ nhớ trong: 512 GB
- Công nghệ NFC: Có
- Dung lượng RAM: 12 GB
- Hệ điều hành: MagicOS 9.0 (Android 15)
- Tính năng màn hình: AMOLED, 1.07 tỷ màu, 6.7 inches, 2800 x 1280 pixels

Giá sản phẩm là 12.990.000đ.","HONOR 400 5G 12GB 512GB có pin 6000mAh, chipset Snapdragon 7 Gen 3, RAM 12GB, bộ nhớ trong 512GB, camera sau 200MP + 12MP, camera trước 50MP, màn hình AMOLED 6.55 inches với độ phân giải 2736*1264 Pixels.",0.99999999995,1.0,0.9166666666666666,0.780275171450747
Samsung Galaxy Z Fold 6 có giá bao nhiêu?,"['Samsung Galaxy Z Fold 6 1TB giá bao nhiêu tiền?\n\nSamsung Galaxy Z Fold 6 1TB, với nhiều cải tiến về thiết kế, công nghệ và dung lượng lưu trữ, dự kiến sẽ có mức giá không hề rẻ. Dựa trên mức giá của phiên bản tiền nhiệm, giá bán của Z Fold 6 sẽ nằm trong khoảng từ 59,990,000 VNĐ đến 65,990,000 VNĐ, tùy thuộc vào từng phiên bản và nơi bán. Tuy nhiên, mức giá này vẫn chỉ là dự kiến, giá cụ thể sẽ được Samsung chính thức công bố vào thời điểm ra mắt sản phẩm.\n\nNgoài ra, bạn có thể chọn xem thêm ngay mẫu tiền nhiệm như\xa0Samsung Z Fold 5\xa0chính hãng. Cùng săn sale mua điện thoại giá rẻ tại CellphoneS ngay!\n\nMua Samsung Galaxy Z Fold 6 1TB chính hãng tại CellphoneS'
 'Nội dung chính\n\n1. Samsung Z Fold 6 giá bao nhiêu?\n2. Đánh giá Z Fold 6 chính hãng sau thời gian sử dụng\n2.1. Điểm Antutu trên máy\n2.2. Test game Fold 6\n2.3. Thiết kế gấp gọn sang trọng\n2.4. Snapdragon 8 Gen 3 mạnh mẽ\n2.5. Pin lớn, dùng hơn 12 tiếng\n2.6. Trang bị AI đầy đủ\n2.7. Camera Z Fold 6 quay chụp ấn tượng\n3. Các câu hỏi thường gặp khi mua Samsung Z Fold 6\n3.1. Samsung Z Fold 6 có mấy màu?\n3.2. Samsung Z Fold 6 cũ giá bao nhiêu?\n3.3. Samsung Z Fold 6 khi nào ra mắt?\nSamsung Z Fold 6 giá bao nhiêu?\n\nGiá Samsung Galaxy Z Fold 6 tại hệ thống cửa hàng CellphoneS hiện nay có mức giá bán mẫu flagship được phân theo 3 phiên bản 256GB - 512GB - 1TB:\n\nTên sản phẩm\n\n\t\n\nGiá bán\n\n\t\n\nGiá thu cũ lên đời\n\nSamsung Galaxy Z Fold 6 12GB 256GB\n\n\t\n\n31.790.000đ\n\n\t\n\n30.790.000đ'
 'Tên sản phẩm\n\n\t\n\nGiá bán\n\n\t\n\nGiá thu cũ lên đời\n\nSamsung Galaxy Z Fold 6 12GB 256GB\n\n\t\n\n31.790.000đ\n\n\t\n\n30.790.000đ\n\n\n\n\nSamsung Galaxy Z Fold6 12GB 512GB\n\n\t\n\n34.900.000đ\n\n\t\n\n33.900.000đ\n\n\n\n\nSamsung Galaxy Z Fold6 12GB 1TB\n\n\t\n\n45.490.000đ\n\n\t\n\n44.490.000đ\n\nGiá chưa bao gồm các chiết khấu, khuyến mãi hay giá thu cũ đổi mới,…. Khách hàng có thể liên hệ CellphoneS hoặc đến cửa hàng để sở hữu ngay mẫu flagship đang siêu hot này từ nhà Samsung ngay nhé!\n\nĐánh giá Z Fold 6 chính hãng sau thời gian sử dụng\n\nSamsung Z Fold 6 được nhiều người dùng khá mong chờ, đặc biệt là khi mẫu flagship này còn được trang bị AI. Sau một thời gian sử dụng, CellphoneS đưa ra một số đánh giáđể khách hàng tham khảo về mẫu flagship đình đám này.']","Samsung Galaxy Z Fold 6 có giá từ 45.490.000 VNĐ đến 65.990.000 VNĐ tùy thuộc vào phiên bản và nơi bán. Giá dự kiến sẽ nằm trong khoảng từ 59,990,000 VNĐ đến 65,990,000 VNĐ.",Giá của Samsung Galaxy Z Fold 6 12GB 256GB là 31.790.000đ.,0.5833333333041666,,0.5,0.8273207798687494
Samsung Galaxy Z Fold 6 có mấy màu sắc?,"['Ngoài ra các màu sắc trên Samsung Galaxy\xa0Z Fold 6 cũng vô cùng thời thượng với 3 phiên bản màu Xám Metal, Hồng Rose cùng Xanh Navy. Phần bản lề của Fold 6 cũng được cải tiến để tăng độ mượt và độ bền gập mở. Ngoài ra với chuẩn IP48, điện thoại sẽ chống bụi nước nhẹ, tăng độ bền.\n\nSnapdragon 8 Gen 3 mạnh mẽ\n\ncó sức mạnh được cung cấp từ con chip “Rồng” Snapdragon 8 thế hệ thứ 3 mạnh mẽ. Dòng chip for Galaxy độc quyền đáp ứng mọi nhu cầu. Bên cạnh đó, dòng chip cao cấp từ Qualcomm sẽ đảm bảo hiệu năng được duy trì lâu dài.'
 'Bên cạnh đó, nếu người dùng yêu thích các màu sắc cơ bản là Trắng và Đen thì ở phiên bản 12GB – 256GB, Z Fold 6 cũng được bổ sung 2 phiên bản màu này. Tuy nhiên màu Đen, Trắng chưa có ở các phiên bản khác của smartphone.\n\nMột dòng sản phẩm tiền nhiệm đã ra mắt trước đó bạn có thể xem thêm chính làm Samsung Z Fold 5 chính hãng được bày bán tại CellphoneS với đa dạng màu sắc và tình trạng máy khác nhau. Cùng khám phá ngay nhé!\n\nSamsung Z Fold 6 cũ giá bao nhiêu?'
 'Lô hàng đầu tiên của ZFlip 6 đã đến tay người tiêu dùng từ 26/7/2024 thông qua các hệ thống bán lẻ hàng đầu như CellphoneS, mang đến nhiều ưu đãi đặt trước hấp dẫn. Với sự kiện ra mắt hoành tráng, Samsung tiếp tục khẳng định vị thế của mình trong thị trường smartphone gập cao cấp.\n\nĐiện thoại Samsung Z Flip6 có mấy màu? Màu nào đẹp nhất?\n\nSamsung Galaxy Z Flip6 ra mắt với 7 màu sắc phong phú gồm Đào Blossom, Trắng Classic, Đen Crafted, Xanh Maya, Xám Metal, Vàng Solar và Xanh Mint. Mỗi phiên bản màu mang phong cách riêng, từ sang trọng đến trẻ trung, đáp ứng sở thích của nhiều nhóm người dùng.']","Samsung Galaxy Z Fold 6 có 7 màu sắc phong phú:

1. Đào Blossom
2. Trắng Classic
3. Đen Crafted
4. Xanh Maya
5. Xám Metal
6. Vàng Solar
7. Xanh Mint

Màu Xám Metal và Xanh Mint được bổ sung vào phiên bản 12GB - 256GB của Z Fold 6, nhưng màu Đen và Trắng chưa có sẵn trong các phiên bản khác.

Nếu bạn thích màu sắc cơ bản như Trắng và Đen, bạn sẽ tìm thấy chúng trong phiên bản 12GB - 256GB.","Samsung Galaxy Z Fold 6 có các màu: Trắng, Hồng, Xanh dương, Xám, Đen.",0.0,0.8,0.4,0.7146914251635144
Thông số kỹ thuật chính của Samsung Galaxy Z Fold 6 là gì?,"['Kích thước màn hình: 7.6 inches\n\nĐộ phân giải màn hình: 2160 x 1856 (QXGA+)\n\n**Giới thiệu sản phẩm:** Đặc điểm nổi bật của Samsung Galaxy Z Fold 6 12GB 256GB\n\nSamsung Z Fold 6\xa0sở hữu thiết kế gập đẳng cấp cùng độ mỏng 12.1mm khi gập, 5.6mm khi mở và chỉ nặng 239g gọn nhẹ, linh hoạt cùng khung kim loại nhôm bền bỉ. Máy được tích hợp Snapdragon 8 thế hệ 3 tăng sức mạnh vượt trội. Pin 4400mAh cho trải nghiệm ấn tượng đến 12 giờ. Camera gồm 3 ống kính, quay phim đến chuẩn 8K quay chụp chuyên nghiệp hơn\n\nNội dung chính'
 'So với Galaxy Z Fold6, Z Flip6 có thiết kế nhỏ gọn hơn, phù hợp với người dùng yêu thích sự linh hoạt. Z Fold6 hướng đến những ai cần màn hình lớn với màn hình chính 7.6 inch và hỗ trợ RAM lên đến 16GB, phù hợp cho công việc và giải trí. Dưới này là bảng so sánh chi tiết giữa Z Flip6, ZFold 6 và Z Flip 5 mà người tiêu dùng có thể tìm hiểu thêm.\n\nThông số\n\n\t\n\nSamsung Galaxy Z Flip6 12GB 256GB\n\n\t\n\nSamsung Galaxy Z Flip5 256GB\n\n\t\n\nSamsung Galaxy Z Fold 6 12GB 256GB\n\nKích thước màn hình\n\n\t\n\n6.7 inches\n\n\t\n\n6.7 inches\n\n\t\n\n7.6 inches\n\n\n\n\nCông nghệ màn hình\n\n\t\n\nDynamic AMOLED 2X\n\n\t\n\nDynamic AMOLED 2X\n\n\t\n\nDynamic AMOLED 2X\n\n\n\n\nCamera sau\n\n\t\n\nCamera góc chụp rộng: 50.0 MP, f/1.8, thu phóng quang học 2x\nGóc chụp siêu rộng: 12.0 MP, f/2.2'
 'Thông số kỹ thuật\n\n\t\n\nSamsung Galaxy Z Fold 7\n\n\t\n\nSamsung Galaxy Z Flip 7\n\n\n\n\nVi xử lý\n\n\t\n\nSnapdragon® 8 Elite 3nm for Galaxy\n\n\t\n\nExynos 2500\n\n\n\n\nMàn hình chính\n\n\t\n\nDynamic AMOLED 2X 8 inch\n\n\t\n\nDynamic AMOLED 2X 6.9 inch\n\n\n\n\nMàn hình ngoài\n\n\t\n\nDynamic AMOLED 2X 6.5 inch\n\n\t\n\nSuper AMOLED 4.1 inch\n\n\n\n\nCamera sau\n\n\t\n\n200MP+12MP+120MP\n\n\t\n\n50MP+12MP\n\n\n\n\nCamera selfie\n\n\t\n\n10MP +10MP\n\n\t\n\n10MP\n\n\n\n\nDung lượng pin\n\n\t\n\n4.400mAh\n\n\t\n\n4.300mAh\n\n\n\n\nGalxy AI\n\n\t\n\nGemini Live\n\nTóm tắt thông minh\n\nThực hiện tác vụ liên ứng dụng bằng lời nói\n\n\t\n\nGemini Live\n\nTóm tắt thông minh\n\nThực hiện tác vụ liên ứng dụng bằng lời nói\n\n\n\n\nTrọng lượng\n\n\t\n\n215gram\n\n\t\n\n188gram']","Thông số kỹ thuật chính của Samsung Galaxy Z Fold 6 bao gồm:

- Kích thước màn hình: 7.6 inch
- Độ phân giải màn hình: 2160 x 1856 (QXGA+)
- Camera sau: 3 ống kính, góc chụp rộng 50MP, f/1.8, thu phóng quang học 2x; góc chụp siêu rộng 12MP, f/2.2
- Pin: 4400mAh
- RAM: 12GB
- Cảm biến vân tay: 3D facial recognition

Thông số này phù hợp với người dùng cần màn hình lớn và RAM cao để sử dụng công việc và giải trí hiệu quả hơn.","Samsung Galaxy Z Fold 6 có pin 4400 mAh, chipset Snapdragon 8 Gen 3, RAM 12GB, bộ nhớ trong 256GB, màn hình chính 7.6 inches, và camera sau gồm 3 ống kính với độ phân giải 50MP, 12MP, và 10MP.",0.99999999995,,0.7142857142857143,0.8130298097725523
Giá của iPhone 16e 512GB là bao nhiêu?,"['là thời điểm lý tưởng để nâng cấp. Tuy pin của iPhone 16e đã mang lại một thời lượng sử dụng ấn tượng nhưng người dùng muốn sở hữu một thiết bị cho thời gian sử dụng lớn hơn thì iPhone 17 Pro Max 512GB là lựa chọn đáng cân nhắc. Thiết bị cho thời gian sử dụng bền bỉ, đáp ứng tốt nhu cầu giải trí và làm việc đa nhiệm, xứng đáng để lựa chọn.  Giá iPhone 16e 512GB bao nhiêu tiền?  Giá iPhone 16e 512GB khởi điểm từ 25,99 triệu đồng. Đây là Smartphone thuộc hàng chất lượng cao, hướng đến người dùng yêu thích công nghệ mới mẻ và hiệu năng mạnh mẽ.\xa0 Chi tiết giá\xa0iPhone 16e 512GB tại CellphoneS vào tháng 10/2025 như sau:'
 '50% trong vòng 30 phút với bộ sạc 20W. Cổng sạc USB Type-C tiện dụng, đi kèm với tính năng sạc không dây Qi cho công suất lên đến 7.5W. Giá iPhone 16e 256gb bao nhiêu tiền? Điện thoại iPhone 16e được bán khởi điểm với giá 599USD và trong phiên bản cấu hình nâng cấp thì giá bán nhỉnh hơn đôi chút, rơi vào 699USD.\xa0 Tại thị trường Việt, iPhone 16e 256gb có giá mở bán như sau: Tên sản phẩm Giá bán Giá thu cũ lên đời iPhone 16e 256GB | Chính hãng VN/A'
 'iPhone 16e giá bao nhiêu  10/2025  ?  Giá iPhone 16e tại hệ thống CellphoneS hiện có giá bán khoảng 14.990.000đ cho phiên bản bộ nhớ 128GB. Mức giá chiếc điện thoại thuộc series iPhone 16 này mang đến sự cân bằng giữa hiệu năng và chi phí, phù hợp cho nhiều nhóm khách hàng khác nhau. Đây là lựa chọn hợp lý dành cho những ai muốn sở hữu một chiếc smartphone gọn nhẹ nhưng vẫn đáp ứng đầy đủ tính năng cần thiết.\xa0  Tuy nhiên giá bán sẽ có sự chênh lệch tùy theo từng thời điểm cũng như khuyến mãi hiện hành. Chi tiết giá bán iPhone 16e vào như 10/2025 sau; Tên sản phẩm Giá bán Giá thu cũ lên đời iPhone 16e 128GB | Chính hãng VN/A']","Giá iPhone 16e 512GB là khoảng 25,99 triệu đồng. Đây là một lựa chọn đáng cân nhắc cho người dùng muốn nâng cấp thiết bị với thời lượng sử dụng lớn hơn.",Giá của iPhone 16e 512GB là 24.590.000đ.,0.9999999999,,0.3333333333333333,0.7991803029176454
iPhone 16e 512GB có những màu sắc nào?,"['bén.  Thiết kế tuyệt đỉnh, 2 màu đa dạng  Điện thoại iPhone mới lần này có 2 màu: trắng và đen, thiết kế cực thời thượng. Chất liệu chế tác chính là nhôm cao cấp nên độ bền bỉ của máy siêu vượt trội.   Phần mặt trước điện thoại được bảo vệ bởi Ceramic Shield, một trong những vật liệu cứng cáp nhất từng xuất hiện trên Smartphone. Với trọng lượng chỉ 167 gram,chiếc iPhone 16e mang lại cảm giác cầm nắm gọn nhẹ, thoải mái nhưng vẫn vô cùng chắc chắn.  Điện thoại iPhone 16e 512GB ra mắt vào thời gian nào?  Ngày 19/2/2025, Apple đã công khai sản phẩm mới và giá iPhone 16e 512GB. Điện thoại dự kiến'
 'đáng chú ý với cụm camera khác biệt và viền màn hình mỏng hơn. Đây là lựa chọn hợp lý cho những ai muốn sở hữu thiết kế hiện đại, sang trọng và cảm giác cầm nắm thoải mái. Thiết kế mới giúp hiển thị hiệu quả hơn, làm mọi nội dung trở nên thu hút và sống động.  iPhone 16e 512GB mang đến tỷ lệ tương phản 2.000.000:1 và công nghệ True Tone giúp màu sắc hiển thị chính xác, tự nhiên. Ngoài ra, iPhone còn được trang bị Haptic Touch, mang lại phản hồi xúc giác nhạy bén.  Thiết kế tuyệt đỉnh, 2 màu đa dạng  Điện thoại iPhone mới lần này có 2 màu: trắng và đen, thiết kế cực thời thượng. Chất liệu'
 'thể của thiết bị. iPhone 16 thường 128GB có mấy màu? Màu nào hot? iPhone 16 thường có 5 phiên bản màu lần lượt là Xanh Lưu Ly, Xanh Mòng Két, Hồng, Trắng và Đen. Tuy tổng số màu không đổi so với thế hệ trước như màu sắc lại có sự thay đổi đáng kể. Cụ thể chỉ có duy nhất màu đen là được giữ lại và sự quay trở lại của màu trắng thì iPhone 16 bản tiêu chuẩn này có ba phiên bản màu mới. Cùng với đó, hiện nay một mẫu điện thoại đang sở hữu nhiều ưu điểm tốt như\xa0iPhone 16 Plus hiện cũng đang được quan tâm nhiều trong giai đoạn này, cùng khám phá chi tiết để không bỏ lỡ cơ hội sở hữu']",iPhone 16e 512GB có màu sắc là trắng và đen.,iPhone 16e 512GB có hai màu sắc là Trắng và Đen.,0.99999999995,,1.0,0.8117185660202647
Thời gian xem video tối đa của iPhone 16e 512GB là bao lâu?,"['hỗ trợ chụp ảnh góc rộng mà còn mang đến khả năng thu sáng tốt hơn. Cùng với đó, cùng khám phá chi tiết mẫu điện thoại iphone 16e 512gb\xa0chính hãng hiện đang bán tại CellphoneS với thiết kế mới lạ, nâng cấp trải nghiệm tốt. Cùng khám phá ngay nhé!  Vận hành lâu hơn với dung lượng pin lớn   iPhone 16 Plus 512GB  gây ấn tượng mạnh với dung lượng pin vượt trội, cụ thể là bạn có thể xem video lên đến 27 tiếng đồng hồ. Đó là nhờ sự kết hợp giữa chip A18 tối ưu hiệu năng và công nghệ quản lý năng lượng tiên tiến.  (Nguồn ảnh: Apple) Nhờ vậy mà thiết bị không chỉ xử lý mượt mà các tác vụ'
 'từng bức ảnh được chụp trở nên sắc nét.  Công nghệ Telephoto 2x tích hợp cho phép phóng to mà vẫn giữ nguyên chất lượng hình ảnh. iPhone 16e 512GB hỗ trợ quay video 4K với Dolby Vision nên chất lượng hình ảnh sống động đi kèm âm thanh chân thực.\xa0  Pin khủng 26 giờ, khả năng sạc cực nhanh  Chiếc điện thoại iPhone 16e bứt phá với thời lượng pin dài. Quý khách sẽ thoải mái xem những đoạn video tới 26h cũng như xem trực tuyến trong 21h.  iPhone 16e 512GB còn hỗ trợ công nghệ sạc nhanh vượt trội. Chỉ cần 30 phút với bộ sạc 20W, máy có thể nạp lại tới 50% pin. Hãng cũng đưa ra thông tin về thời gian dùng pin thực tế có thể thay đổi tùy'
 'trải nghiệm liền mạch và tiết kiệm năng lượng.  Pin 16e lên đến 26 giờ  iPhone 16e được trang bị viên pin dung lượng lớn, cho phép người dùng xem video liên tục lên đến 26 giờ. Nhờ thời lượng ấn tượng này, thiết bị iP dễ dàng đáp ứng nhu cầu giải trí, làm việc và liên lạc cả ngày dài mà không lo gián đoạn.\xa0  Bên cạnh đó, máy hỗ trợ sạc nhanh 20W, chỉ cần khoảng 30 phút là có thể nạp lại 50% dung lượng. Sự kết hợp giữa pin bền bỉ và công nghệ sạc tối ưu này đảm bảo sẽ mang đến trải nghiệm tiện lợi, phù hợp cho những ai thường xuyên di chuyển. Tuy nhiên, nếu muốn sở']",iPhone 16e 512GB có thời lượng xem video tối đa là 27 tiếng đồng hồ.,Thời gian xem video tối đa của iPhone 16e 512GB lên đến 26 giờ.,0.5833333333041666,,0.0,0.7364551891892642
Samsung Galaxy S24 Ultra có giá bao nhiêu?,"['Samsung Galaxy S24 Ultra có giá bao nhiêu?\n\nSamsung Galaxy S24 Ultra là một chiếc điện thoại cao cấp và có mức giá khá đắt đỏ. Với phiên bản cao cấp là 1TB thì mức giá khởi điểm sẽ rơi vào khoảng 44.49 triệu đồng.\n\nDù giá bán của Samsung Galaxy S24 Ultra 1TB có thể cao, nhưng sản phẩm này được trang bị những cải tiến đáng kể về camera, màn hình và hiệu năng. Với những tính năng và công nghệ hàng đầu, Galaxy S24 Ultra xứng đáng là một chiếc điện thoại cao cấp mà người dùng có thể xem xét.'
 'Samsung Galaxy S24 Ultra cung cấp ba phiên bản cấu hình để đáp ứng nhu cầu đa dạng của người dùng, với mức giá khởi điểm hấp dẫn so với các tính năng cao cấp mà sản phẩm mang lại. Cụ thể:\n\nBảng giá Samsung S24 Ultra mới nhất 10/2025:\n\nTên sản phẩm\n\n\t\n\nGiá bán\n\n\t\n\nGiá thu cũ lên đời\n\nSamsung Galaxy S24 Ultra 12GB 256GB\n\n\t\n\n22.290.000đ\n\n\t\n\n21.290.000đ\n\n\n\n\nSamsung Galaxy S24 Ultra 12GB 512GB\n\n\t\n\n24.290.000đ\n\n\t\n\n23.290.000đ\n\n\n\n\nSamsung Galaxy S24 Ultra 12GB 1TB\n\n\t\n\n44.490.000đ\n\n\t\n\n43.490.000đ'
 'Samsung Galaxy S24 Ultra 12GB 512GB giá bao nhiêu?\n\nBên cạnh thời gian ra mắt thì giá bán điện thoại Samsung Galaxy S24 Ultra cũng là điều được mọi người quan tâm. Là một trong những chiếc smartphone cao cấp, được trang bị nhiều tính năng và công nghệ mới nhất giá bán của điện thoại được đánh giá là khá phù hợp so với những tính năng được trang bị.\xa0\n\nChi tiết giá bán khởi điểm theo từng phiên bản như sau:\n\n- Phiên bản: 12GB/256GB được bán với giá khoảng 33.990.000 đồng\n\n\n- Phiên bản: 12GB/512GB giá bán khoảng 37.490.000 đồng\n\n\n- Phiên bản : S24 Ultra 12GB - 1TB được bán với giá 44.490.000 đồng']","Samsung Galaxy S24 Ultra có giá khoảng 44.490.000 đồng, với phiên bản 1TB. Giá khởi điểm của sản phẩm này cao hơn so với các phiên bản khác nhưng được trang bị nhiều tính năng và công nghệ tiên tiến.",Samsung Galaxy S24 Ultra có giá 22.290.000đ.,0.49999999995,,0.6666666666666666,0.7374679122518328
Samsung Galaxy S24 Ultra có mấy phiên bản bộ nhớ trong?,"['Samsung Galaxy S24 Ultra có mấy phiên bản?\n\nSamsung S24 Ultra cung cấp ba phiên bản bộ nhớ trong, đáp ứng mọi nhu cầu lưu trữ của người dùng lần lượt là: 256GB, 512GB và 1TB. Tất cả các phiên bản này đều được trang bị 12GB RAM, mang đến hiệu năng mạnh mẽ và khả năng đa nhiệm xuất sắc.\xa0\n\nSự linh hoạt này giúp SS S24 Ultra phù hợp với cả người dùng phổ thông lẫn những người dùng chuyên nghiệp, cần không gian lưu trữ lớn cho công việc hoặc giải trí. Với ba tùy chọn về bộ nhớ, người sử dụng có thể dễ dàng chọn mua phiên bản phù hợp với ngân sách và nhu cầu sử dụng cá nhân.'
 'Samsung Galaxy S24 Ultra cung cấp ba phiên bản cấu hình để đáp ứng nhu cầu đa dạng của người dùng, với mức giá khởi điểm hấp dẫn so với các tính năng cao cấp mà sản phẩm mang lại. Cụ thể:\n\nBảng giá Samsung S24 Ultra mới nhất 10/2025:\n\nTên sản phẩm\n\n\t\n\nGiá bán\n\n\t\n\nGiá thu cũ lên đời\n\nSamsung Galaxy S24 Ultra 12GB 256GB\n\n\t\n\n22.290.000đ\n\n\t\n\n21.290.000đ\n\n\n\n\nSamsung Galaxy S24 Ultra 12GB 512GB\n\n\t\n\n24.290.000đ\n\n\t\n\n23.290.000đ\n\n\n\n\nSamsung Galaxy S24 Ultra 12GB 1TB\n\n\t\n\n44.490.000đ\n\n\t\n\n43.490.000đ'
 'Giá thu cũ lên đời\n\nSamsung Galaxy S24 Ultra 12GB 256GB\n\n\t\n\n22.290.000đ\n\n\t\n\n21.290.000đ\n\n\n\n\nSamsung Galaxy S24 Ultra 12GB 512GB\n\n\t\n\n24.290.000đ\n\n\t\n\n23.290.000đ\n\n\n\n\nSamsung Galaxy S24 Ultra 12GB 1TB\n\n\t\n\n44.490.000đ\n\n\t\n\n43.490.000đ\n\nVới mức giá từ hơn 22 triệu đồng, S24 Ultra mang đến lựa chọn phù hợp cho cả người dùng phổ thông và những ai cần thiết bị lưu trữ lớn. Đây là một sự đầu tư xứng đáng cho chiếc điện thoại flagship tích hợp hàng loạt công nghệ hiện đại.\n\nSau sự thành công của S24 Ultra, Samsung sẽ chính thức giới thiệu S25 Ultra vào ngày 23/1/2025 với hàng loạt tính năng AI thông minh và nâng cấp về ngoại hình. Xem ngay thông số và\xa0giá Samsung S25 Ultra\xa0tại CellphoneS!\n\nSamsung Galaxy S24 Ultra có mấy phiên bản?']","Samsung Galaxy S24 Ultra có ba phiên bản bộ nhớ trong:

1. 256GB
2. 512GB
3. 1TB

Tất cả các phiên bản đều được trang bị 12GB RAM, mang đến hiệu năng mạnh mẽ và khả năng đa nhiệm xuất sắc.","Samsung Galaxy S24 Ultra có ba phiên bản bộ nhớ trong: 256GB, 512GB và 1TB.",0.9999999999666667,,1.0,0.7501406786102987
Samsung Galaxy S24 Ultra có những màu sắc nào?,"['Galaxy S24 Plus có mấy màu?\n\nSamsung S24 Plus trình làng với bộ sưu tập màu sắc thời thượng: Tím Cobalt quyến rũ, Xám Marble tinh tế, Đen Onyx mạnh mẽ và Vàng Amber sang trọng. Đây là những sắc màu thời thượng, tôn lên cá tính riêng của người dùng.\n\nNếu khách hàng yêu thích sự mạnh mẽ, huyền bí, Đen Onyx sẽ là lựa chọn lý tưởng. Trong khi đó, Tím Cobalt mang lại cảm giác trẻ trung, cá tính. Màu Xám Marble trung tính, thanh lịch phù hợp với người thích phong cách tối giản, còn Vàng Amber nổi bật, thời thượng dành cho những ai thích sự khác biệt.\xa0\n\nSamsung S24+ có hỗ trợ eSIM không?'
 '**Tên sán phẩm:** Samsung Galaxy S24 Ultra 12GB 512GB\n\n**Giá sản phẩm:** 24.290.000đ\n\n**Các màu của sản phẩm:** Xám, Vàng, Đen, Tím\n\n**Thông số sản phẩm:** Pin: 5000mAh\n\nChipset: Snapdragon 8 Gen 3\n\nThẻ SIM: SIM 1 + SIM 2 / SIM 1 + eSIM / 2 eSIM\n\nCamera sau: Camera chính: 200MP, Laser AF, OIS\nCamera: 50MP, PDAF, OIS, zoom quang học 5x\nCamera tele: 10MP\nCamera góc siêu rộng: 12 MP, f/2.2, 13mm, 120˚\n\nCamera trước: 12 MP, f/2.2\n\nBộ nhớ trong: 512 GB\n\nCông nghệ NFC: Có\n\nDung lượng RAM: 12 GB\n\nHệ điều hành: Android 14, One UI 6.1\n\nTính năng màn hình: Độ sáng cao nhất 2,600 nits, 120Hz, HDR10+\n\nCông nghệ màn hình: Dynamic AMOLED 2X\n\nKích thước màn hình: 6.8 inches\n\nĐộ phân giải màn hình: 1440 x 3120 pixels\n\n**Giới thiệu sản phẩm:** Đặc điểm nổi bật của Samsung Galaxy S24 Ultra 12GB 512GB'
 'Tìm hiểu thêm giá S24 Ultra\xa0và những lý do vì sao nên mua siêu phẩm mới nhất này nhé!\n\nSo sánh Samsung S24 Plus vs S23 Plus\xa0\n\nSamsung Galaxy S24 Plus là phiên bản kế nhiệm của S23 Plus với hàng loạt cải tiến về thiết kế, hiệu năng và tính năng thông minh. Cùng điểm qua những khác biệt giữa hai thế hệ flagship galaxy này để xem đâu là lựa chọn phù hợp nhất với khách hàng.\n\nTiêu chí\n\n\t\n\nSamsung Galaxy S24 Plus\n\n\t\n\nSamsung Galaxy S23 Plus\n\n\n\n\nMàu sắc\n\n\t\n\nTím Cobalt, Đen Onyx, Xám Marble, Vàng Amber\n\n\t\n\nTím Lilac, Đen Phantom, Xanh Botanic, Kem Cotton\n\n\n\n\nTrọng lượng\n\n\t\n\n196g\n\n\t\n\n195g\n\n\n\n\nKhung viền\n\n\t\n\nArmor Aluminium chắc chắn\n\n\t\n\nKhung nhôm truyền thống\n\n\n\n\nMàn hình\n\n\t\n\n6.7 inch, QHD+ Dynamic AMOLED 2X, tần số quét 1~120Hz']","Samsung Galaxy S24 Ultra có màu sắc như sau:

- Tím Cobalt
- Đen Onyx
- Xám Marble
- Vàng Amber

Nếu bạn thích sự mạnh mẽ và huyền bí, hãy chọn màu Đen Onyx. Nếu bạn yêu thích trẻ trung và cá tính, hãy chọn Tím Cobalt. Màu Xám Marble phù hợp với người thích phong cách tối giản, còn Vàng Amber nổi bật và thời thượng cho những ai thích sự khác biệt.","Samsung Galaxy S24 Ultra có các màu: Xám, Vàng, Tím, Đen.",0.49999999995,,1.0,0.7980061994596285
Xiaomi Redmi Note 11 128GB có giá bao nhiêu?,"['Điện thoại Xiaomi Redmi Note 11 giá bao nhiêu tiền?\n\nTheo các nguồn thông tin rò rỉ trong thời gian gần đây, điện thoại thông minh Redmi Note 11 sẽ được chính thức giới thiệu đến người tiêu dùng vào cuối tháng 1 năm 2022.\xa0Sản phẩm có nhiều nâng cấp về phần cứng và cấu hình, dự kiến sẽ có giá khởi điểm khoảng 4.5 đến 5.5 triệu đồng cho bản tiêu chuẩn, với mỗi phiên bản cấu hình sẽ có mức giá bán riêng.\xa0\n\nSản phẩm\n\n\t\n\nGiá bán tham khảo\n\n\n\n\nXiaomi Redmi Note 11 4GB 64GB\xa0\n\n\t\n\nchỉ từ 3.890.000đ\n\n\n\n\nXiaomi Redmi Note 11 128GB\n\n\t\n\nchỉ từ 4.090.000đ'
 'Sản phẩm\n\n\t\n\nGiá bán tham khảo\n\n\n\n\nXiaomi Redmi Note 11 4GB 64GB\xa0\n\n\t\n\nchỉ từ 3.890.000đ\n\n\n\n\nXiaomi Redmi Note 11 128GB\n\n\t\n\nchỉ từ 4.090.000đ\n\nXiaomi Redmi Note 11 được đánh giá cao so với các sản phẩm cùng phân khúc giá như: Samsung Galaxy A13, Tecno Spark 10 Pro, Samsung Galaxy M14, Samsung Galaxy A14, Oppo A57, Realme C55,...\n\nMua Xiaomi Redmi Note 11 chính hãng giá rẻ tại CellphoneS'
 'Bạn có ấn tượng gì với chiếc Redmi Note 11 không? Nếu so sánh nó với người em của mình, bạn có sẵn sàng bỏ thêm tiền để nâng cấp? Theo đó, tại sự kiện ra mắt, điện thoại Xiaomi Redmi Note 11 5G có giá bán từ 8,990,000 đồng ở phiên bản 8GB RAM.\n\nTrong khi đó phiên bản thoại Xiaomi Redmi Note 11 không hỗ trợ 5G có giá bán từ 7,490,000 đồng.\n\nSau một thời gian ra mắt, giá bán Xiaomi Redmi Note 11 đã hạ nhiệt đi đôi chút, chi tiết như sau:\n\nĐiện thoại\n\n\t\n\nGiá khởi điểm\n\n\t\n\nGiá bán tham khảo hiện tại\n\n\n\n\nXiaomi Redmi Note 11 Pro trắng\n\n\t\n\n7.490.000 đồng\n\n\t\n\nGiá chỉ từ 6.890.000\xa0đồng\n\n\n\n\nXiaomi Redmi Note 11 Pro xanh\n\n\t\n\n7.490.000\xa0đồng\n\n\t\n\nGiá chỉ từ 6.890.000 đồng']","Xiaomi Redmi Note 11 128GB có giá khởi điểm khoảng từ 4.090.000 đồng cho phiên bản tiêu chuẩn. Giá bán tham khảo hiện tại dao động trong khoảng 4.090.000 - 4.590.000 đồng, tùy thuộc vào phiên bản cấu hình.",Xiaomi Redmi Note 11 128GB có giá 4.090.000đ.,0.99999999995,,0.5,0.8280649178283843
Điện thoại Xiaomi Redmi Note 11 128GB phù hợp với ai?,"['Một mẫu tiếp theo không nên bỏ lỡ nếu bạn thường xuyên chơi game và lướt web thì có thể chọn ngay mẫu điện thoại Redmi note 14 Pro Plus 5G với thiết kế độc đáo, chơi game tốt, pin trâu, hiệu năng mạnh. Đừng bỏ lỡ cơ hội sở hữu điện thoại tốt giá ngon tại CellphoneS ngay nhé!\n\nXiaomi Redmi Note 11 phiên bản 4GB/128GB được trang bị\xa0bộ vi xử lý Snapdragon 680 cùng viên pin 5.000 mAh sạc nhanh 33W. Điện thoại Xiaomi Mi sở hữu\xa0bộ tứ camera bao gồm cảm biến chính độ phân giải 50MP, ống kính góc siêu rộng 8MP, camera macro 2MP và cảm biến đo độ sâu trường ảnh 2MP.'
 'Điện thoại có khả năng chống nước và bụi bẩn vượt trội với chỉ số IP53. Do đó, bạn hoàn toàn yên tâm khi sử dụng dưới trời mưa hoặc không còn lo lắng trong trường hợp chẳng may đánh rơi vào nước.\n\nTrong năm qua, Xiaomi còn ra mắt sản phẩm\xa0Xiaomi Redmi Note 11 128GB\xa0với cải tiến\xa0màn hình Super AMOLED, tần số quét 120Hz, chip Snapdragon 4 Gen 1 kết hợp với card đồ họa GPU Adreno 619 mang lại trải nghiệm dùng ổn định.\n\nMàn hình 6.43 inch, khả năng hiển thị 16 triệu màu, tần số quét 90Hz'
 'Sản phẩm\n\n\t\n\nGiá bán tham khảo\n\n\n\n\nXiaomi Redmi Note 11 4GB 64GB\xa0\n\n\t\n\nchỉ từ 3.890.000đ\n\n\n\n\nXiaomi Redmi Note 11 128GB\n\n\t\n\nchỉ từ 4.090.000đ\n\nXiaomi Redmi Note 11 được đánh giá cao so với các sản phẩm cùng phân khúc giá như: Samsung Galaxy A13, Tecno Spark 10 Pro, Samsung Galaxy M14, Samsung Galaxy A14, Oppo A57, Realme C55,...\n\nMua Xiaomi Redmi Note 11 chính hãng giá rẻ tại CellphoneS']","Xiaomi Redmi Note 11 128GB phù hợp với người dùng thích:

- Sử dụng điện thoại thường xuyên để chơi game và truy cập internet.
- Có nhu cầu về pin tốt, hiệu năng mạnh mẽ.
- Tính năng chống nước và bụi bẩn IP53 giúp an tâm khi sử dụng dưới trời mưa hoặc trong điều kiện không thuận lợi.

Đây là một lựa chọn phù hợp với người dùng có nhu cầu cao về khả năng chơi game và truy cập internet nhanh chóng, cùng với pin tốt để đảm bảo thời gian sử dụng lâu dài.",Xiaomi Redmi Note 11 128GB phù hợp với những người thường xuyên chơi game và lướt web.,0.99999999995,,1.0,0.7713420528209468
Thông số kỹ thuật của Xiaomi Redmi Note 11 128GB là gì?,"['**Tên sán phẩm:** Xiaomi Redmi Note 11 128GB\n\n**Giá sản phẩm:** 4.090.000đ\n\n**Các màu của sản phẩm:** Xanh, Xanh/Trắng, Xám\n\n**Thông số sản phẩm:** Pin: Li-Po 5000 mAh\n\nChipset: Snapdragon 680 8 nhân\n\nThẻ SIM: 2 SIM (Nano-SIM)\n\nCamera sau: Camera góc rộng: 50 MP, f/1.8, PDAF\nCamera góc siêu rộng: 8 MP, f/2, 2FOV 118°\nCamera macro: 2MP, f/2.4\nCamera chân dung: 2MP, f/2.4\n\nLoại CPU: 2.4 GHz\n\nTương thích: CPU tám nhân, lên đến 2,4 GHz\n\nCamera trước: 13 MP, f/2.5\n\nBộ nhớ trong: 128 GB\n\nCông nghệ NFC: Có\n\nDung lượng RAM: 4 GB\n\nHệ điều hành: Android 11, MIUI 12.5\n\nTính năng màn hình: Tần số quét 90 Hz, 1000 nits, Kính cường lực Corning Gorilla Glass 3\n\nCông nghệ màn hình: AMOLED\n\nKích thước màn hình: 6.43 inches\n\nĐộ phân giải màn hình: 1080 x 2400 pixels (FullHD+)'
 'Điện thoại có khả năng chống nước và bụi bẩn vượt trội với chỉ số IP53. Do đó, bạn hoàn toàn yên tâm khi sử dụng dưới trời mưa hoặc không còn lo lắng trong trường hợp chẳng may đánh rơi vào nước.\n\nTrong năm qua, Xiaomi còn ra mắt sản phẩm\xa0Xiaomi Redmi Note 11 128GB\xa0với cải tiến\xa0màn hình Super AMOLED, tần số quét 120Hz, chip Snapdragon 4 Gen 1 kết hợp với card đồ họa GPU Adreno 619 mang lại trải nghiệm dùng ổn định.\n\nMàn hình 6.43 inch, khả năng hiển thị 16 triệu màu, tần số quét 90Hz'
 'Công nghệ màn hình: AMOLED\n\nKích thước màn hình: 6.43 inches\n\nĐộ phân giải màn hình: 1080 x 2400 pixels (FullHD+)\n\n**Giới thiệu sản phẩm:** Đặc điểm nổi bật của Xiaomi Redmi Note 11 128GB\n\nNếu đã xem qua các mẫu tiện nhiệm thì kế nhiệm mới nhất năm nay không thể bỏ qua mẫu điện thoại Xiaomi redmi note 14\xa0chính hãng với mầu mới, thiết kế hiệu ứng bắt mắt kèm nhiều ưu đãi sốc khi mua tại CellphoneS.']","Thông số kỹ thuật của Xiaomi Redmi Note 11 128GB bao gồm:

- Pin: Li-Po 5000 mAh
- Chipset: Snapdragon 680 8 nhân
- Thẻ SIM: 2 SIM (Nano-SIM)
- Camera sau:
  - Camera góc rộng: 50 MP, f/1.8, PDAF
  - Camera góc siêu rộng: 8 MP, f/2, 2FOV 118°
  - Camera macro: 2MP, f/2.4
  - Camera chân dung: 2MP, f/2.4
- Loại CPU: 2.4 GHz
- Tương thích: CPU tám nhân, lên đến 2,4 GHz
- Camera trước: 13 MP, f/2.5
- Bộ nhớ trong: 128 GB
- Công nghệ NFC: Có
- Dung lượng RAM: 4 GB
- Hệ điều hành: Android 11, MIUI 12.5
- Tính năng màn hình: Tần số quét 90 Hz, 1000 nits, Kính cường lực Corning Gorilla Glass 3
- Công nghệ màn hình: AMOLED
- Kích thước màn hình: 6.43 inches
- Độ phân giải màn hình: 1080 x 2400 pixels (FullHD+)","Xiaomi Redmi Note 11 128GB có pin 5000 mAh, chipset Snapdragon 680 8 nhân, RAM 4 GB, bộ nhớ trong 128 GB, màn hình AMOLED 6.43 inches với độ phân giải 1080 x 2400 pixels và tần số quét 90 Hz.",0.99999999995,,1.0,0.8479501383831578
Xiaomi Redmi 10 4GB - 128GB (2022) có giá bao nhiêu?,"['**Tên sán phẩm:** Xiaomi Redmi 10 4GB - 128GB (2022)\n\n**Giá sản phẩm:** 3.800.000đ\n\n**Các màu của sản phẩm:** Trắng, Xanh, Xám\n\n**Thông số sản phẩm:** Pin: 5000 mAh\n\nChipset: MediaTek Helio G88\n\nThẻ SIM: 2 SIM (Nano-SIM)\n\nCamera sau: Camera chính: 50 MP, f/1.8\nCamera góc siêu rộng: 8MP, f/2.2\nCamera cận cảnh: 2MP, f/2.4\nCamera cảm biến độ sâu: 2MP, f/2,4\n\nLoại CPU: 2x2.0 GHz Cortex-A75 & 6x1.8 GHz Cortex-A55\n\nCamera trước: 8 MP, f/2.0\n\nBộ nhớ trong: 128 GB\n\nCông nghệ NFC: Có\n\nDung lượng RAM: 4 GB\n\nHệ điều hành: MIUI 12.5, Android 11\n\nTính năng màn hình: HD IPS, tần số quét 90Hz, 400 nits, Kính cường lực Corning Gorilla Glass 3\n\nCông nghệ màn hình: IPS LCD\n\nKích thước màn hình: 6.5 inches\n\nĐộ phân giải màn hình: 1080 x 2400 pixels (FullHD+)'
 '**Tên sán phẩm:** Xiaomi Redmi 10 (4GB - 128GB)\n\n**Giá sản phẩm:** 3.650.000đ\n\n**Các màu của sản phẩm:** Xám, Trắng, Xanh dương\n\n**Thông số sản phẩm:** Pin: 5000 mAh\n\nChipset: MediaTek Helio G88\n\nThẻ SIM: 2 SIM (Nano-SIM)\n\nCamera sau: Camera chính: 50 MP, f/1.8\nCamera góc siêu rộng: 8MP, f/2.2\nCamera cận cảnh: 2MP, f/2.4\nCamera cảm biến độ sâu: 2MP, f/2,4\n\nLoại CPU: 2x2.0 GHz Cortex-A75 & 6x1.8 GHz Cortex-A55\n\nCamera trước: 8 MP, f/2.0\n\nBộ nhớ trong: 128 GB\n\nCông nghệ NFC: Không\n\nDung lượng RAM: 4 GB\n\nHệ điều hành: MIUI 12.5\n\nTính năng màn hình: Tần số quét 90Hz, Độ sáng tối đa: 400 nits\nMặt kính cảm ứng: Kính cường lực Corning Gorilla Glass 3\n\nCông nghệ màn hình: IPS LCD\n\nKích thước màn hình: 6.5 inches'
 '**Tên sán phẩm:** Xiaomi Redmi 10 (6GB - 128GB)\n\n**Giá sản phẩm:** 3.490.000đ\n\n**Các màu của sản phẩm:** Xám, Xanh\n\n**Thông số sản phẩm:** Pin: 5000 mAh\n\nChipset: MediaTek Helio G88\n\nThẻ SIM: 2 SIM (Nano-SIM)\n\nCamera sau: Camera chính: 50 MP, f/1.8\nCamera góc siêu rộng: 8MP, f/2.2\nCamera cận cảnh: 2MP, f/2.4\nCamera cảm biến độ sâu: 2MP, f/2,4\n\nLoại CPU: 2x2.0 GHz Cortex-A75 & 6x1.8 GHz Cortex-A55\n\nCamera trước: 8 MP, f/2.0\n\nBộ nhớ trong: 128 GB\n\nCông nghệ NFC: Có\n\nDung lượng RAM: 6 GB\n\nHệ điều hành: MIUI 12.5\n\nTính năng màn hình: HD IPS, tần số quét 90Hz\n\nKích thước màn hình: 6.5 inches\n\nĐộ phân giải màn hình: 1080 x 2400 pixels (FullHD+)\n\n**Giới thiệu sản phẩm:** Đặc điểm nổi bật của Xiaomi Redmi 10 (6GB - 128GB)']",Xiaomi Redmi 10 4GB - 128GB (2022) có giá là 3.800.000đ.,Giá sản phẩm là 3.800.000đ.,0.9999999999,,1.0,0.8528663131485796
Xiaomi Redmi 10 4GB - 128GB (2022) có những màu sắc nào?,"['**Tên sán phẩm:** Xiaomi Redmi 10 4GB - 128GB (2022)\n\n**Giá sản phẩm:** 3.800.000đ\n\n**Các màu của sản phẩm:** Trắng, Xanh, Xám\n\n**Thông số sản phẩm:** Pin: 5000 mAh\n\nChipset: MediaTek Helio G88\n\nThẻ SIM: 2 SIM (Nano-SIM)\n\nCamera sau: Camera chính: 50 MP, f/1.8\nCamera góc siêu rộng: 8MP, f/2.2\nCamera cận cảnh: 2MP, f/2.4\nCamera cảm biến độ sâu: 2MP, f/2,4\n\nLoại CPU: 2x2.0 GHz Cortex-A75 & 6x1.8 GHz Cortex-A55\n\nCamera trước: 8 MP, f/2.0\n\nBộ nhớ trong: 128 GB\n\nCông nghệ NFC: Có\n\nDung lượng RAM: 4 GB\n\nHệ điều hành: MIUI 12.5, Android 11\n\nTính năng màn hình: HD IPS, tần số quét 90Hz, 400 nits, Kính cường lực Corning Gorilla Glass 3\n\nCông nghệ màn hình: IPS LCD\n\nKích thước màn hình: 6.5 inches\n\nĐộ phân giải màn hình: 1080 x 2400 pixels (FullHD+)'
 '**Tên sán phẩm:** Xiaomi Redmi 10 (4GB - 128GB)\n\n**Giá sản phẩm:** 3.650.000đ\n\n**Các màu của sản phẩm:** Xám, Trắng, Xanh dương\n\n**Thông số sản phẩm:** Pin: 5000 mAh\n\nChipset: MediaTek Helio G88\n\nThẻ SIM: 2 SIM (Nano-SIM)\n\nCamera sau: Camera chính: 50 MP, f/1.8\nCamera góc siêu rộng: 8MP, f/2.2\nCamera cận cảnh: 2MP, f/2.4\nCamera cảm biến độ sâu: 2MP, f/2,4\n\nLoại CPU: 2x2.0 GHz Cortex-A75 & 6x1.8 GHz Cortex-A55\n\nCamera trước: 8 MP, f/2.0\n\nBộ nhớ trong: 128 GB\n\nCông nghệ NFC: Không\n\nDung lượng RAM: 4 GB\n\nHệ điều hành: MIUI 12.5\n\nTính năng màn hình: Tần số quét 90Hz, Độ sáng tối đa: 400 nits\nMặt kính cảm ứng: Kính cường lực Corning Gorilla Glass 3\n\nCông nghệ màn hình: IPS LCD\n\nKích thước màn hình: 6.5 inches'
 'Điện thoại sẽ có 2 tùy chọn cấu hình là 4GB/64GB và 4GB/128GB để người dùng có thể lựa chọn theo nhu cầu sử dụng. Ngoài ra cũng sẽ có\xa0ba phiên bản màu sắc bao gồm Xám carbon, Trắng Pebble và Xanh biển.\n\nMua Xiaomi Redmi 10 chính hãng, giá rẻ tại CellphoneS']","Xiaomi Redmi 10 4GB - 128GB (2022) có màu sắc là Trắng, Xanh và Xám.","Sản phẩm có các màu Trắng, Xanh, và Xám.",0.9999999999666667,,1.0,0.8290798855793927
Thông số kỹ thuật nổi bật của Xiaomi Redmi 10 4GB - 128GB (2022) là gì?,"['**Tên sán phẩm:** Xiaomi Redmi 10 4GB - 128GB (2022)\n\n**Giá sản phẩm:** 3.800.000đ\n\n**Các màu của sản phẩm:** Trắng, Xanh, Xám\n\n**Thông số sản phẩm:** Pin: 5000 mAh\n\nChipset: MediaTek Helio G88\n\nThẻ SIM: 2 SIM (Nano-SIM)\n\nCamera sau: Camera chính: 50 MP, f/1.8\nCamera góc siêu rộng: 8MP, f/2.2\nCamera cận cảnh: 2MP, f/2.4\nCamera cảm biến độ sâu: 2MP, f/2,4\n\nLoại CPU: 2x2.0 GHz Cortex-A75 & 6x1.8 GHz Cortex-A55\n\nCamera trước: 8 MP, f/2.0\n\nBộ nhớ trong: 128 GB\n\nCông nghệ NFC: Có\n\nDung lượng RAM: 4 GB\n\nHệ điều hành: MIUI 12.5, Android 11\n\nTính năng màn hình: HD IPS, tần số quét 90Hz, 400 nits, Kính cường lực Corning Gorilla Glass 3\n\nCông nghệ màn hình: IPS LCD\n\nKích thước màn hình: 6.5 inches\n\nĐộ phân giải màn hình: 1080 x 2400 pixels (FullHD+)'
 'Công nghệ màn hình: IPS LCD\n\nKích thước màn hình: 6.5 inches\n\nĐộ phân giải màn hình: 1080 x 2400 pixels (FullHD+)\n\n**Giới thiệu sản phẩm:** Đặc điểm nổi bật của Xiaomi Redmi 10 4GB - 128GB (2022)'
 'Công nghệ màn hình: IPS LCD\n\nKích thước màn hình: 6.5 inches\n\nĐộ phân giải màn hình: 1080 x 2400 pixels (FullHD+)\n\n**Giới thiệu sản phẩm:** Đặc điểm nổi bật của Xiaomi Redmi 10 (4GB - 64GB)\n\nNếu nhu cầu lưu trữ cao hơn, tham khảo ngay Xiaomi Redmi 10 128GB']","Thông số kỹ thuật nổi bật của Xiaomi Redmi 10 4GB - 128GB (2022) bao gồm:

- Pin: 5000 mAh
- Chipset: MediaTek Helio G88
- Camera sau: 
  - Camera chính: 50 MP, f/1.8
  - Camera góc siêu rộng: 8MP, f/2.2
  - Camera cận cảnh: 2MP, f/2.4
  - Camera cảm biến độ sâu: 2MP, f/2,4
- Loại CPU: 2x2.0 GHz Cortex-A75 & 6x1.8 GHz Cortex-A55
- Camera trước: 8 MP, f/2.0
- Bộ nhớ trong: 128 GB
- Công nghệ NFC: Có
- Dung lượng RAM: 4 GB
- Hệ điều hành: MIUI 12.5, Android 11
- Tính năng màn hình: HD IPS, tần số quét 90Hz, 400 nits, Kính cường lực Corning Gorilla Glass 3

Nếu bạn cần lưu trữ lớn hơn, hãy tham khảo Xiaomi Redmi 10 128GB.","Sản phẩm có pin 5000 mAh, chipset MediaTek Helio G88, camera sau 50 MP, RAM 4 GB, bộ nhớ trong 128 GB, và màn hình 6.5 inches với độ phân giải 1080 x 2400 pixels.",0.9999999999666667,,1.0,0.8022328051123108
TECNO CAMON 40 8GB 256GB có giá bao nhiêu?,"['TECNO CAMON 40 8GB 128GB\n\n\t\n\n5.090.000đ\n\n\t\n\n4.590.000đ\n\n\n\n\nTECNO CAMON 30 8GB 256GB\n\n\t\n\n4.690.000đ\n\n\t\n\n4.190.000đ\n\nMua ngay điện thoại TECNO CAMON 40 chính hãng tại CellphoneS ngay hôm nay!\n\nNhanh tay sở hữu điện thoại TECNO CAMON 40 chính hãng tại CellphoneS! Sản phẩm được bảo hành chính hãng lên đến 12 tháng tại trung tâm bảo hành uy tín, giúp bạn an tâm sử dụng. Bên cạnh đó, bạn còn được hưởng chính sách 1 đổi 1 trong 30 ngày nếu phát sinh lỗi phần cứng từ nhà sản xuất. Đừng bỏ lỡ cơ hội sở hữu chiếc smartphone tuyệt vời này với nhiều ưu đãi hấp dẫn tại CellphoneS!\xa0\n\nXem thêm'
 '**Tên sán phẩm:** TECNO CAMON 40 8GB 256GB\n\n**Giá sản phẩm:** 5.380.000đ\n\n**Các màu của sản phẩm:** Đen, Xanh, Trắng\n\n**Thông số sản phẩm:** Pin: 5200 mAh\n\nChipset: Mediatek Helio G100 Ultimate\n\nThẻ SIM: 2 Nano-SIM\n\nCamera sau: 50MP, ƒ/1.8\nGóc siêu rộng 8MP\n\nCamera trước: 32MP\n\nBộ nhớ trong: 256 GB\n\nCông nghệ NFC: Có\n\nDung lượng RAM: 8 GB\n\nHệ điều hành: Android 15\n\nTính năng màn hình: Màn hình phẳng\nFHD+\nTần số quét 120Hz\nĐộ sáng màn hình 1300 nits\nHDR\n\nCông nghệ màn hình: AMOLED\n\nKích thước màn hình: 6.78 inches\n\n**Giới thiệu sản phẩm:** Đặc điểm nổi bật của TECNO CAMON 40 8GB 256GB'
 '**Tên sán phẩm:** TECNO CAMON 40 Pro 8GB 256GB\n\n**Giá sản phẩm:** 5.670.000đ\n\n**Các màu của sản phẩm:** Xanh, Trắng, Đen\n\n**Thông số sản phẩm:** Pin: 5200mAh\n\nChipset: Mediatek Helio G100 Ultimate\n\nThẻ SIM: 2 Nano-SIM\n\nCamera sau: 50MP, ƒ/1.8\nGóc siêu rộng 8MP\n\nCamera trước: 50MP\n\nBộ nhớ trong: 256 GB\n\nCông nghệ NFC: Có\n\nDung lượng RAM: 8 GB\n\nHệ điều hành: Android 15\n\nTính năng màn hình: Màn hình cong đôi\nFHD+\nTần số quét 120Hz\nĐộ sáng màn hình 1300 nits\nHDR\n\nCông nghệ màn hình: AMOLED\n\nKích thước màn hình: 6.78 inches\n\n**Giới thiệu sản phẩm:** Đặc điểm nổi bật của TECNO CAMON 40 Pro 8GB 256GB']",TECNO CAMON 40 8GB 256GB có giá là 5.380.000đ.,Giá sản phẩm TECNO CAMON 40 8GB 256GB là 5.380.000đ.,0.49999999995,,1.0,0.850913355749618
TECNO CAMON 40 8GB 256GB có những màu sắc nào?,"['**Tên sán phẩm:** TECNO CAMON 40 8GB 256GB\n\n**Giá sản phẩm:** 5.380.000đ\n\n**Các màu của sản phẩm:** Đen, Xanh, Trắng\n\n**Thông số sản phẩm:** Pin: 5200 mAh\n\nChipset: Mediatek Helio G100 Ultimate\n\nThẻ SIM: 2 Nano-SIM\n\nCamera sau: 50MP, ƒ/1.8\nGóc siêu rộng 8MP\n\nCamera trước: 32MP\n\nBộ nhớ trong: 256 GB\n\nCông nghệ NFC: Có\n\nDung lượng RAM: 8 GB\n\nHệ điều hành: Android 15\n\nTính năng màn hình: Màn hình phẳng\nFHD+\nTần số quét 120Hz\nĐộ sáng màn hình 1300 nits\nHDR\n\nCông nghệ màn hình: AMOLED\n\nKích thước màn hình: 6.78 inches\n\n**Giới thiệu sản phẩm:** Đặc điểm nổi bật của TECNO CAMON 40 8GB 256GB'
 '**Tên sán phẩm:** TECNO CAMON 40 Pro 8GB 256GB\n\n**Giá sản phẩm:** 5.670.000đ\n\n**Các màu của sản phẩm:** Xanh, Trắng, Đen\n\n**Thông số sản phẩm:** Pin: 5200mAh\n\nChipset: Mediatek Helio G100 Ultimate\n\nThẻ SIM: 2 Nano-SIM\n\nCamera sau: 50MP, ƒ/1.8\nGóc siêu rộng 8MP\n\nCamera trước: 50MP\n\nBộ nhớ trong: 256 GB\n\nCông nghệ NFC: Có\n\nDung lượng RAM: 8 GB\n\nHệ điều hành: Android 15\n\nTính năng màn hình: Màn hình cong đôi\nFHD+\nTần số quét 120Hz\nĐộ sáng màn hình 1300 nits\nHDR\n\nCông nghệ màn hình: AMOLED\n\nKích thước màn hình: 6.78 inches\n\n**Giới thiệu sản phẩm:** Đặc điểm nổi bật của TECNO CAMON 40 Pro 8GB 256GB'
 'Bên cạnh đó, CAMON 40 sẽ mang đến bốn tùy chọn màu sắc hiện đại và cuốn hút: Đen, Trắng và hai phiên bản xanh bắt mắt. Mỗi màu sắc không chỉ phản ánh phong cách cá nhân mà còn góp phần tăng thêm vẻ đẹp thời thượng cho sản phẩm.\n\nGiá bán của điện thoại TECNO CAMON 40 bao nhiêu?\n\nLà sản phẩm giá rẻ tầm trung, điện thoại\xa0TECNO CAMON 40 sẽ được lên kệ với mức giá từ 5 - 7 triệu đồng, tùy vào từng phiên bản cấu hình khác nhau.\xa0Đây là một mức giá cực kỳ hấp dẫn, mang lại giá trị vượt trội so với những gì mà chiếc điện thoại này sở hữu.']","TECNO CAMON 40 8GB 256GB có các màu sắc là Đen, Xanh và Trắng.","Sản phẩm TECNO CAMON 40 8GB 256GB có các màu Đen, Xanh, và Trắng.",0.9999999999666667,,1.0,0.8075170865323907
Thông số kỹ thuật nổi bật của TECNO CAMON 40 8GB 256GB là gì?,"['**Tên sán phẩm:** TECNO CAMON 40 8GB 256GB\n\n**Giá sản phẩm:** 5.380.000đ\n\n**Các màu của sản phẩm:** Đen, Xanh, Trắng\n\n**Thông số sản phẩm:** Pin: 5200 mAh\n\nChipset: Mediatek Helio G100 Ultimate\n\nThẻ SIM: 2 Nano-SIM\n\nCamera sau: 50MP, ƒ/1.8\nGóc siêu rộng 8MP\n\nCamera trước: 32MP\n\nBộ nhớ trong: 256 GB\n\nCông nghệ NFC: Có\n\nDung lượng RAM: 8 GB\n\nHệ điều hành: Android 15\n\nTính năng màn hình: Màn hình phẳng\nFHD+\nTần số quét 120Hz\nĐộ sáng màn hình 1300 nits\nHDR\n\nCông nghệ màn hình: AMOLED\n\nKích thước màn hình: 6.78 inches\n\n**Giới thiệu sản phẩm:** Đặc điểm nổi bật của TECNO CAMON 40 8GB 256GB'
 'Công nghệ màn hình: AMOLED\n\nKích thước màn hình: 6.78 inches\n\n**Giới thiệu sản phẩm:** Đặc điểm nổi bật của TECNO CAMON 40 Pro 8GB 256GB\n\nĐiện thoại Tecno Camon 40 Pro nổi bật với thiết kế hiện đại cùng mặt lưng độc đáo khi trang bị cụm ba vòng camera với camera chính lên đến 50MP sắc nét. Máy có kích thước mỏng nhẹ và dung lượng pin lớn 5200mAh hỗ trợ sạc nhanh 45W. Máy được trang bị chip MediaTek Helio G100 Ultimate, công nghệ mở rộng RAM và chạy hệ điều hành Android 15, mang lại hiệu năng mạnh mẽ và khả năng đa nhiệm mượt mà.\xa0\n\nNội dung chính'
 '**Tên sán phẩm:** TECNO CAMON 40 Pro 8GB 256GB\n\n**Giá sản phẩm:** 5.670.000đ\n\n**Các màu của sản phẩm:** Xanh, Trắng, Đen\n\n**Thông số sản phẩm:** Pin: 5200mAh\n\nChipset: Mediatek Helio G100 Ultimate\n\nThẻ SIM: 2 Nano-SIM\n\nCamera sau: 50MP, ƒ/1.8\nGóc siêu rộng 8MP\n\nCamera trước: 50MP\n\nBộ nhớ trong: 256 GB\n\nCông nghệ NFC: Có\n\nDung lượng RAM: 8 GB\n\nHệ điều hành: Android 15\n\nTính năng màn hình: Màn hình cong đôi\nFHD+\nTần số quét 120Hz\nĐộ sáng màn hình 1300 nits\nHDR\n\nCông nghệ màn hình: AMOLED\n\nKích thước màn hình: 6.78 inches\n\n**Giới thiệu sản phẩm:** Đặc điểm nổi bật của TECNO CAMON 40 Pro 8GB 256GB']","Thông số kỹ thuật nổi bật của TECNO CAMON 40 8GB 256GB bao gồm:

- Pin: 5200mAh
- Chipset: Mediatek Helio G100 Ultimate
- Thẻ SIM: 2 Nano-SIM
- Camera sau: 50MP, góc siêu rộng 8MP
- Camera trước: 32MP
- Bộ nhớ trong: 256 GB
- Công nghệ NFC: Có
- Dung lượng RAM: 8 GB
- Hệ điều hành: Android 15

Thông số này cho thấy điện thoại có cấu hình mạnh mẽ, pin lớn và nhiều tính năng hiện đại.","TECNO CAMON 40 8GB 256GB có pin 5200 mAh, chipset Mediatek Helio G100 Ultimate, camera sau 50MP và 8MP góc siêu rộng, camera trước 32MP, bộ nhớ trong 256 GB, RAM 8 GB, và màn hình AMOLED 6.78 inches với độ sáng 1300 nits.",0.9999999999666667,,1.0,0.8233078958724839
iPhone 15 256GB có giá bao nhiêu?,"['(Nguồn ảnh: Apple)\n\nĐiện thoại iPhone 15 256GB đang có giá bao nhiêu?\n\nĐiện thoại iPhone 15 phiên bản 256GB cho khả năng lưu trữ lớn. Đây là mức dung lượng lý tưởng cho những ai thường xuyên quay, chụp nhưng không muốn bỏ ra quá nhiều tiền để mua phiên bản 512GB. Hiện sản phẩm này đang có giá từ 25.190.000 - 25.990.000 đồng. Tuỳ vào màu sắc mà mức giá của iPhone 15 256GB sẽ có sự chênh lệch nhất định.\n\nMẫu kế nhiệm tiếp theo bạn có thể khám phá thêm chính là iPhone 16 thường 256gb với lối thiết kế mới, màn hình đẹp và giá bán đang được hỗ trợ giảm tốt, cùng khám phá ngay nhé!\n\n(Nguồn ảnh: Apple)'
 'Điện thoại iPhone 15 Pro 256GB có giá là bao nhiêu?\n\niPhone 15 Pro phiên bản dung lượng bộ nhớ trong là 256GB đã được ra mắt và có mức giá bán tham khảo là 1099 USD. Giá bán này sẽ còn được phụ thuộc vào các khu vực bán khác nhau, tùy quốc gia khác nhau.\n\nBạn có thể chọn nơi mua uy tín để có thể có được mức giá chính hãng tốt cùng nhiều ưu đãi. Với mức giá này, các sản phẩm cạnh tranh với iPhone 15 Pro 256GB có thể là: ASUS ROG Phone 7 Ultimate 16GB 512GB, Samsung Galaxy S23 Plus 8GB 512GB, iPhone 14 Pro Max 256GB, …\n\nBên cạnh đó, hiện nay điện thoại iPhone 16 Pro 256gb ra mắt cũng đang được người dùng quan tâm nhiều nhờ pin trâu, màn hình nâng cấp kèm màu mới, cùng xem ngay nhé!'
 'Điện thoại iPhone 15 Plus 256GB giá bao nhiêu?\n\nĐối với phiên bản mở rộng bộ nhớ lên tới 256GB này, iPhone 15 Plus 256GB đang nằm trong phân khúc giá khoảng 28.99 triệu VNĐ. So với mặt bằng chung của các dòng smartphone cao cấp khác thì mức giá này có thể hơi cao hơn một chút. Nhưng nếu xem xét tới mức hiệu năng đột phá và khả năng quay chụp hình sắc nét thì đây là một mức giá hoàn toàn xứng đáng.\n\n(Nguồn ảnh: Apple)\n\nBên cạnh đó, giá thành của iPhone 15 Plus bản 256GB cũng có thể giao động nhẹ, tùy thuộc vào phiên bản màu sắc mà bạn chọn mua.']",iPhone 15 256GB hiện đang có giá từ 25.190.000 - 25.990.000 đồng tùy thuộc vào màu sắc.,iPhone 15 256GB có giá 20.550.000đ.,0.0,0.0,1.0,0.7664872546360785
iPhone 15 256GB phù hợp với ai?,"['iPhone 15 Promax dung lượng 256GB có đủ dùng không?\n\nVới dung lượng 256GB, iPhone 15 Pro Max đủ sức chứa các dữ liệu cần thiết cho người dùng phổ thông, từ hình ảnh, video đến ứng dụng. Với dung lượng này, bạn có thể lưu trữ cả nghìn tấm hình hay thước phim ở độ phân giải cao, đồng thời cài đặt nhiều app mà không lo thiếu bộ nhớ.'
 'Nếu 256GB vẫn chưa đáp ứng được như cầu sử dụng, hãy xem ngay iPhone 15 Plus 512GB - phiên bản bộ nhớ trong lớn nhất của iPhone 15 Plus năm nay.\n\nĐiện thoại iPhone 15 Plus 256GB - Hiệu năng mạnh mẽ, lưu trữ không giới hạn'
 '(Nguồn ảnh: Apple)\n\niPhone 15 256GB sở hữu RAM dung lượng 6GB, đảm bảo khả năng chạy đa nhiệm mượt mà, hạn chế tình trạng lag, giật gây gián đoạn. Bên cạnh đó, máy tích hợp sẵn hệ điều hành iOS 17 mang tới giao diện hiện đại cùng các ứng dụng thông minh với độ bảo mật cao.\xa0\n\nThiết kế mặt kính bóng trẻ trung, đẳng cấp']","iPhone 15 256GB phù hợp với người dùng có nhu cầu lưu trữ lớn và cần nhiều ứng dụng. Với dung lượng 256GB, bạn sẽ có đủ không gian để lưu trữ hình ảnh, video, và các dữ liệu khác mà không lo thiếu bộ nhớ. Nếu nhu cầu sử dụng còn cao hơn nữa, hãy xem phiên bản iPhone 15 Plus 512GB với dung lượng trong lớn hơn.","iPhone 15 256GB phù hợp với những người dùng cần một chiếc điện thoại cao cấp với hiệu năng mạnh mẽ, khả năng chụp ảnh sắc nét và dung lượng lưu trữ lớn.",0.9999999999666667,,0.6666666666666666,0.581951504162109
Thông số kỹ thuật nổi bật của iPhone 15 256GB là gì?,"['Công nghệ màn hình: Super Retina XDR OLED\n\nKích thước màn hình: 6.1 inches\n\nĐộ phân giải màn hình: 2556 x 1179 pixels\n\n**Giới thiệu sản phẩm:** Đặc điểm nổi bật của iPhone 15 256GB | Chính hãng VN/A\n\niPhone 15 256GB được cải tiến vượt bậc về cấu hình nhờ được trang bị con chip A16 Bionic 2 lõi hiệu năng cho tốc độ nhanh chóng và tiết kiệm điện hơn. Camera với cảm biến chính 48MP cho chất lượng ảnh sắc nét đáng kinh ngạc. Máy sử dụng viên pin dung lượng lớn và hỗ trợ sạc nhanh 20W tiện lợi. Đặc biệt, Dynamic Island trên iPhone 14 Pro và Promax nay đã được trang bị trên iPhone 256GB bản tiêu chuẩn.\n\nNội dung chính'
 'Bên trong, chiếc điện thoại này được cung cấp sức mạnh bởi con chip Apple A16 Bionic, với CPU 6 lõi và GPU 5 lõi, đảm bảo khả năng xử lý tốt và mượt mà trong tất cả các tác vụ. Kể cả chơi các tựa game nặng cũng không bị giật, lag gây cảm giác khó chịu.\n\n(Nguồn ảnh: Apple)\n\nNgoài ra, iPhone 15 256GB\xa0còn gây ấn tượng với khả năng chụp ảnh và quay video đỉnh cao, nhờ vào camera chính 48MP và nhiều tính năng thông minh khác. Điều này giúp bạn lưu giữ những kỷ niệm đáng nhớ và chia sẻ chúng một cách tuyệt vời.'
 'Công nghệ màn hình: Super Retina XDR OLED\n\nKích thước màn hình: 6.7 inches\n\nĐộ phân giải màn hình: 2796 x 1290-pixel\n\n**Giới thiệu sản phẩm:** Đặc điểm nổi bật của iPhone 15 Plus 256GB | Chính hãng VN/A']","iPhone 15 256GB nổi bật với:

- Con chip A16 Bionic 2 lõi, tăng tốc độ và tiết kiệm điện hơn so với iPhone 14 Pro.
- Camera chính 48MP cho chất lượng ảnh sắc nét tuyệt vời.
- Pin lớn hỗ trợ sạc nhanh 20W tiện lợi.
- Dynamic Island trên phiên bản tiêu chuẩn được trang bị.

Nếu bạn quan tâm đến thông số kỹ thuật này, hãy tham khảo các tài liệu liên quan để có cái nhìn tổng quát hơn về sản phẩm.","iPhone 15 256GB có pin 3349 mAh, chipset Apple A16 Bionic 6 nhân, camera sau 48 MP, camera trước 12 MP, RAM 6 GB, bộ nhớ trong 256 GB và màn hình Super Retina XDR OLED 6.1 inches.",0.99999999995,0.2857142857142857,0.6,0.7890517734073835
Điện thoại Nubia A36 có giá bao nhiêu?,"['Đây là thời điểm phù hợp để tiếp cận nhóm khách hàng học sinh, sinh viên khi bước vào năm học mới. Người dùng đang quan tâm có thể theo dõi các kênh phân phối chính hãng để cập nhật sớm thông tin về thời gian mở bán.\n\nĐiện thoại nubia A36 giá bán bao nhiêu?\n\nnubia A36 sẽ được mở bán chính thức với giá 1.990.000 đồng. Đây là mức giá rẻ, phù hợp với đối tượng người dùng phổ thông, học sinh - sinh viên.\n\nTuy nhiên, tại các hệ thống bán lẻ, giá bán nubia A36 sẽ rẻ hơn đáng kể nhờ các chương trình khuyến mãi. Chi tiết giá bán nubia A36 tại CellphoneS vào tháng 10/2025 như sau:\n\nTên sản phẩm\n\n\t\n\nGiá bán'
 'Giá bán\n\n\t\n\nGiá thu cũ lên đời\n\nĐiện thoại Nubia A36 4GB 64GB\n\n\t\n\n1.890.000đ\n\n\t\n\n1.390.000đ\n\nMua ngay điện thoại nubia A36 chính hãng, giá ưu đãi tại CellphoneS\n\nĐiện thoại nubia A36 sẽ được phân phối chính hãng tại hệ thống CellphoneS với mức giá ưu đãi hấp dẫn. Đây là chuỗi bán lẻ uy tín, chuyên cung cấp sản phẩm công nghệ chính hãng cùng dịch vụ chăm sóc khách hàng tận tâm. Khi mua sắm tại CellphoneS, khách hàng sẽ được đảm bảo về nguồn gốc, chính sách bảo hành. Không chỉ vậy, hệ thống còn cung cấp đầy đủ phụ kiện đi kèm, đảm bảo người dùng có thể sử dụng thiết bị ngay khi mở hộp.'
 'Tên sản phẩm\n\n\t\n\nGiá bán\n\n\t\n\nGiá thu cũ lên đời\n\nĐiện thoại Nubia A36 4GB 64GB\n\n\t\n\n1.890.000đ\n\n\t\n\n1.390.000đ\n\nMua ngay điện thoại nubia A36 chính hãng, giá ưu đãi tại CellphoneS']","Điện thoại Nubia A36 có giá bán chính thức là 1.990.000 đồng. Tuy nhiên, tại các hệ thống bán lẻ, bạn sẽ nhận được mức giá rẻ hơn đáng kể với các chương trình khuyến mãi. Giá bán nubia A36 tại CellphoneS vào tháng 10/2025 như sau:

- Điện thoại Nubia A36 4GB 64GB: 1.890.000 đồng
- Điện thoại Nubia A36 4GB 64GB (thu cũ lên đời): 1.390.000 đồng

Hãy nhớ rằng, khi mua sắm tại CellphoneS, bạn sẽ được đảm bảo về nguồn gốc và chính sách bảo hành của sản phẩm.",Điện thoại Nubia A36 có giá 1.890.000đ.,0.9999999999666667,1.0,1.0,0.7351232754146876
Điện thoại Nubia A36 phù hợp với đối tượng nào?,"['Kết nối\xa04.5G: Cho tốc độ tải nhanh cũng như xem video mượt\n\nĐiện thoại nubia A36 – Hiển thị rõ nét, thời lượng pin ấn tượng\n\nnubia A36 thuộc phân khúc phổ thông nhưng vẫn sở hữu đầy đủ những tính năng thiết yếu cho nhu cầu sử dụng hiện đại. Máy gây ấn tượng nhờ thiết kế hiện đại, hiệu năng ổn định và pin dung lượng cao phù hợp với học sinh, sinh viên và người dùng phổ thông.\n\nHiệu năng ổn định nhờ vi xử lý T7200'
 'Đây là thời điểm phù hợp để tiếp cận nhóm khách hàng học sinh, sinh viên khi bước vào năm học mới. Người dùng đang quan tâm có thể theo dõi các kênh phân phối chính hãng để cập nhật sớm thông tin về thời gian mở bán.\n\nĐiện thoại nubia A36 giá bán bao nhiêu?\n\nnubia A36 sẽ được mở bán chính thức với giá 1.990.000 đồng. Đây là mức giá rẻ, phù hợp với đối tượng người dùng phổ thông, học sinh - sinh viên.\n\nTuy nhiên, tại các hệ thống bán lẻ, giá bán nubia A36 sẽ rẻ hơn đáng kể nhờ các chương trình khuyến mãi. Chi tiết giá bán nubia A36 tại CellphoneS vào tháng 10/2025 như sau:\n\nTên sản phẩm\n\n\t\n\nGiá bán'
 'Dung lượng lưu trữ trong 64GB của Nubia cho phép người dùng có thể cài đặt thoải mái các ứng dụng cần thiết. Đồng thời, hệ điều hành Android mới cũng mang lại trải nghiệm tối ưu hóa, thân thiện và cập nhật hơn trong quá trình sử dụng.\n\nBộ đôi camera hỗ trợ chụp ảnh sắc nét\n\nDù thuộc phân khúc phổ thông, điện thoại nubia A36 vẫn sở hữu cụm camera sau kép 13MP+8MP hỗ trợ lấy nét tự động, dễ dàng bắt trọn khung hình trong điều kiện đủ sáng. Ở phía mặt trước của máy là camera 5MP, phục vụ tốt nhu cầu selfie, gọi video và học online của người dùng.']","Nubia A36 phù hợp với các đối tượng như học sinh, sinh viên và người dùng phổ thông. Máy có hiệu năng ổn định nhờ vi xử lý T7200, thời lượng pin ấn tượng và thiết kế hiện đại. Giá bán chính thức là 1.990.000 đồng, phù hợp với nhóm khách hàng này.","Điện thoại Nubia A36 phù hợp với học sinh, sinh viên và người dùng phổ thông.",0.9999999999666667,,1.0,0.7156621949699277
Thông số kỹ thuật của điện thoại Nubia A36 là gì?,"['Hiệu năng ổn định nhờ vi xử lý T7200\n\nKhả năng xử lý mượt mà của điện thoại nubia A36 đến từ vi xử lý tám nhân T7200 xung nhịp 1.6GHz, giúp đáp ứng tốt các tác vụ như lướt web, xem video và học tập trực tuyến. Điểm mạnh của dòng điện thoại di động Nubia này cũng nằm ở dung lượng RAM 4GB cùng khả năng mở rộng RAM ảo, cho phép người dùng đa nhiệm thoải mái, hạn chế tình trạng giật lag.'
 'Nội dung chính\n\n1. Vì sao nên mua điện thoại\xa0nubia A36 sử dụng?\n2. Điện thoại nubia A36 – Hiển thị rõ nét, thời lượng pin ấn tượng\n2.1. Hiệu năng ổn định nhờ vi xử lý T7200\n2.2. Bộ đôi camera hỗ trợ chụp ảnh sắc nét\n2.3. Viên pin 5000 mAh bền bỉ, thoải mái sử dụng cả ngày dài\n2.4. Màn hình 6.75 inch HD+ trải nghiệm hiển thị rõ nét\n3. Điện thoại nubia A36 khi nào ra mắt?\n4. Điện thoại nubia A36 giá bán bao nhiêu?\n5. Mua ngay điện thoại nubia A36 chính hãng, giá ưu đãi tại CellphoneS\nVì sao nên mua điện thoại\xa0nubia A36 sử dụng?'
 '**Tên sán phẩm:** Điện thoại Nubia A36 4GB 64GB\n\n**Giá sản phẩm:** 1.890.000đ\n\n**Các màu của sản phẩm:** Đen, Xanh, Titan\n\n**Thông số sản phẩm:** Pin: 5000 mAh\n\nThẻ SIM: 2 Nano-SIM\n\nCamera sau: 13M+0.08M, AF + FF\n\nLoại CPU: T7200\n\nCamera trước: 5M, FF\n\nBộ nhớ trong: 64 GB\n\nCông nghệ NFC: Không\n\nDung lượng RAM: 4 GB\n\nHệ điều hành: Android 15\n\nTính năng màn hình: Tần số quét 90 Hz\n\nCông nghệ màn hình: IPS LCD\n\nKích thước màn hình: 6.75 inches\n\nĐộ phân giải màn hình: 720 x 1600 pixel\n\n**Giới thiệu sản phẩm:** Đặc điểm nổi bật của Điện thoại Nubia A36 4GB 64GB']","Thông số kỹ thuật của điện thoại Nubia A36 bao gồm:

- CPU: T7200 (tám nhân)
- RAM: 4GB
- Dung lượng pin: 5000 mAh
- Camera sau: 13M+0.08M, AF + FF
- Camera trước: 5M, FF
- Bộ nhớ trong: 64 GB

Giá sản phẩm là 1.890.000đ.","Điện thoại Nubia A36 có pin 5000 mAh, RAM 4 GB, bộ nhớ trong 64 GB, camera sau 13M+0.08M, camera trước 5M, vi xử lý T7200, màn hình 6.75 inches với độ phân giải 720 x 1600 pixel và tần số quét 90 Hz.",0.9999999999666667,,1.0,0.7796315667810189
Tecno Pova 7 có giá bao nhiêu?,"['32MP\n\n\n\n\nCamera sau\n\n\t\n\n108MP + 2MP\n\n\t\n\n108MP\n\n\n\n\nPin\n\n\t\n\n7000mAh, sạc nhanh 45W\n\n\t\n\n6000 mAh, sạc nhanh 70W\n\n\n\n\nKết nối\n\n\t\n\nGSM/GPRS/EDGE/WCDMA/HSPA+/LTE\n\n\t\n\nGPS,\xa0WiFi,\xa0FM,\xa0OTG,\xa0NFC\n\nNhư vậy, so với thế hệ trước đó\xa0Tecno Pova 7\xa0được trang bị viên pin dung lượng lớn hơn cùng con chip thế hệ mới nhờ đó các trải nghiệm sử dụng tối ưu và bền bỉ hơn.\n\nĐiện thoại Tecno Pova 7 giá bao nhiêu\n\nGiá Tecno Pova 7 tại CellphoneS tháng 10/2025 dao động:\n\nTên sản phẩm\n\n\t\n\nGiá bán\n\n\t\n\nGiá thu cũ lên đời\n\nTecno Pova 7 8GB 128GB\n\n\t\n\n3.990.000đ\n\n\t\n\n3.490.000đ\n\n\n\n\nTecno Pova 7 8GB 256GB\n\n\t\n\n4.490.000đ\n\n\t\n\n3.990.000đ\n\nHình ảnh trải nghiệm thực tế Tecno Pova 7'
 'Giá thu cũ lên đời\n\nTecno Pova 7 8GB 128GB\n\n\t\n\n3.990.000đ\n\n\t\n\n3.490.000đ\n\n\n\n\nTecno Pova 7 8GB 256GB\n\n\t\n\n4.490.000đ\n\n\t\n\n3.990.000đ\n\nHình ảnh trải nghiệm thực tế Tecno Pova 7\n\nMột số câu hỏi về điện thoại Tecno Pova 7\n\nNếu bạn đang phân vân liệu Tecno Pova 7 có đáp ứng tốt nhu cầu sử dụng hàng ngày, chơi game hay học tập, thì phần dưới đây sẽ giúp bạn giải đáp nhanh các thắc mắc phổ biến nhất. Cùng điểm qua các câu hỏi được nhiều người dùng quan tâm trước khi quyết định chọn mua sản phẩm này nhé.\n\nNên chọn mua Pova 7 bản thường hay bản Ultra 5G?\n\nĐối với phiên bản thường: Rẻ – pin trâu'
 'Kích thước màn hình: 6.78 inches\n\nĐộ phân giải màn hình: 1080x2460 pixels\n\n**Giới thiệu sản phẩm:** Đặc điểm nổi bật của Tecno Pova 7 8GB 128GB\n\nTecno Pova 7 là mẫu smartphone giá rẻ nổi bật trong phân khúc 4 triệu đồng với pin khủng 7000mAh, màn hình 120Hz siêu mượt và chip\xa0MediaTek G100 Ultimate hiệu năng ổn định. Với những trang bị này, đây là lựa chọn lý tưởng cho học sinh – sinh viên, người dùng cơ bản hoặc thích chơi game nhẹ lâu dài.\n\nKhám phá ngay Tecno Pova 7 chính hãng tại CellphoneS – Giá chỉ từ 4.090.000₫, hỗ trợ trả góp 0%.\n\nNội dung chính']",Tecno Pova 7 có giá dao động từ 3.990.000đ đến 4.490.000đ tùy phiên bản và dung lượng RAM.,Tecno Pova 7 có giá 3.990.000đ.,0.9999999999666667,,1.0,0.8123097511326834
Tecno Pova 7 phù hợp với ai?,"['Nhờ đó, người dùng có thể tận hưởng đa thể loại âm nhạc đỉnh cao trên Pova 7, âm thanh được cân bằng tốt và sắc nét dù phát ở volume cao. Bên cạnh đó, chất âm trung thực còn hỗ trợ game thủ có thể nhận diện, xác định hướng di chuyển của kẻ thù một cách chuẩn xác hơn.\n\nTrợ lý AI toàn diện\n\nTrong sự phát triển của công nghệ AI, Tecno Pova 7 cũng đã được ứng dụng trí tuệ nhân tạo để tạo nên trợ lý AI toàn diện - Tecno AI. Người dùng sẽ được tận hưởng sự tiện lợi dưới sự hỗ trợ thông minh của AI, mang đến một trải nghiệm smartphone hoàn toàn mới.\n\nHỏi Ella'
 'Loa kép\xa0STEREO + DOLBY AUDIO: Trải nghiệm âm thanh sống động\n\nĐánh giá Điện thoại Tecno Pova 7 có gì mới?\n\nPova 7 là đại diện tiêu biểu cho dòng smartphone tầm trung với hiệu năng mạnh mẽ và tính năng đa dạng. Máy không chỉ đáp ứng nhu cầu sử dụng hàng ngày mà còn mang lại trải nghiệm vượt trội nhờ các công nghệ tiên tiến được tích hợp.\n\nCPU MediaTek cao cấp cùng bộ nhớ trong và RAM ổn định'
 'Tecno Pova 7 8gb 128gb sở hữu nhiều điểm nổi bật từ thiết kế đến hiệu năng, hứa hẹn mang lại cho người sử dụng những trải nghiệm tối ưu. Vậy chính xác dòng điện thoại\xa0Tecno này có gì đáng để người dùng chọn mua và sử dụng:\n\nThiết kế phong cách mới: Với hình tam giác biểu tượng cho không gian ba chiều sống động\n\nHệ thống tản nhiệt vượt trội: Cải thiện đến 12,5% với tổng diện tích\xa017247 mm2\n\nCông nghệ AI tối ưu: Kiểm soát nhiệt độ chơi game liên tục 3 giờ\n\nLoa kép\xa0STEREO + DOLBY AUDIO: Trải nghiệm âm thanh sống động\n\nĐánh giá Điện thoại Tecno Pova 7 có gì mới?']","Tecno Pova 7 phù hợp với nhiều đối tượng khác nhau:

1. Người dùng yêu thích trải nghiệm âm thanh sống động và sắc nét.
2. Game thủ muốn nhận diện kẻ thù một cách chính xác hơn trong trò chơi.
3. Cảm thấy thoải mái khi sử dụng thiết bị có hệ thống tản nhiệt vượt trội.

Tecno Pova 7 không chỉ đáp ứng nhu cầu cơ bản mà còn mang đến những trải nghiệm mới mẻ với công nghệ AI và loa kép DOLBY AUDIO, giúp người dùng tận hưởng cuộc sống thông minh hơn.","Tecno Pova 7 là lựa chọn lý tưởng cho học sinh – sinh viên, người dùng cơ bản hoặc thích chơi game nhẹ lâu dài.",0.9999999999666667,,1.0,0.5300841766508899
Tecno Pova 7 có những màu sắc nào?,"['Tiêu chí so sánh\n\n\t\n\nTecno Pova 7\n\n\t\n\nTecno Pova 6\n\n\n\n\nMàu sắc\n\n\t\n\nĐen siêu bền - Bạc Siêu tốc - Nâu\xa0Titanium\n\n\t\n\nXanh thiết giáp - Xanh hải quân - Xám pháo đài\n\n\n\n\nThiết kế - Trọng lượng\n\n\t\n\nMỏng 9.31 mm, 226g\n\n\t\n\nMỏng 7.88 mm,\xa0195 g\n\n\n\n\nMàn hình\n\n\t\n\nLCD\xa06.78 inch 120Hz\n\n\t\n\nAMOLED FHD+ 6,78 inch 120Hz\n\n\n\n\nCPU\n\n\t\n\nMediaTek G100 Ultimate\n\n\t\n\nMediaTek G99 Ultimate\n\n\n\n\nGPU\n\n\t\n\nMali-G57@950Mhz\n\n\tMali-G57 MC2\n\n\nRAM\n\n\t\n\n8GB\n\n\t\n\n8GB\n\n\n\n\nROM\n\n\t\n\n128GB\n\n\t\n\n256GB\n\n\n\n\nTản nhiệt\n\n\t\n\nHệ thống tản nhiệt siêu mát\n\n\t\n\nHệ thống làm mát E-Sport Pro\n\n\n\n\nCamera trước\n\n\t\n\n8MP\n\n\t\n\n32MP\n\n\n\n\nCamera sau\n\n\t\n\n108MP + 2MP\n\n\t\n\n108MP\n\n\n\n\nPin\n\n\t\n\n7000mAh, sạc nhanh 45W\n\n\t\n\n6000 mAh, sạc nhanh 70W\n\n\n\n\nKết nối\n\n\t\n\nGSM/GPRS/EDGE/WCDMA/HSPA+/LTE\n\n\t\n\nGPS,\xa0WiFi,\xa0FM,\xa0OTG,\xa0NFC'
 'Điện thoại Tecno Pova 7 khi nào ra mắt?\n\nPova 7 được hãng điện thoại\xa0Tecno chính thức trình làng vào thị trường quốc tế vào ngày 20 tháng 6 năm 2025. Khi ra mắt, điện thoại được trình làng với ba phiên bản màu khác nhau gồm Đen siêu bền - Bạc Siêu tốc - Nâu Titanium.\n\nVới các thông số kỹ thuật ấn tượng như vi xử lý mạnh mẽ, camera chất lượng cao, và màn hình sống động, Tecno Pova 7 được kỳ vọng sẽ trở thành một lựa chọn hấp dẫn trong phân khúc smartphone 5G tầm trung. Hãy cùng chờ đón ngày ra mắt để trực tiếp trải nghiệm những tính năng nổi bật của smartphone cao cấp này nhé!'
 'Không chỉ vậy, người dùng còn có thể tùy chỉnh cả dạng động, màu sắc, hiệu ứng ánh sáng nhờ sự hỗ trợ từ Hệ thống Màu sắc thông minh. Không còn sự nhàm chán, giờ đây, Pova 7 sẽ luôn biến hóa linh hoạt theo phong cách mà khách hàng mong muốn.\n\nCác hiệu ứng động thú vị\n\nTrên Tecno Pova 7 được bổ sung nhiều animation mượt mà để tăng các trải nghiệm, thao tác vuốt chạm trở nên tự nhiên và sống động hơn. Từ các tác vụ như chuyển đổi tab, khởi động máy, tắt nguồn, mở khóa hay khóa màn hình…đều có hiệu ứng động tương thích.']",Tecno Pova 7 có ba màu sắc khác nhau: Đen siêu bền - Bạc Siêu tốc - Nâu Titanium.,"Tecno Pova 7 có các màu Nâu, Đen và Bạc.",0.99999999995,,1.0,0.7685030363952201
Điện thoại OPPO Reno14 có giá bao nhiêu?,"['Ngay sau buổi ra mắt, sản phẩm đã nhận được nhiều đánh giá tích cực từ cộng đồng yêu công nghệ.\xa0\n\nĐiện thoại OPPO Reno14 giá bao nhiêu?\n\nTại Việt Nam, giá bán tại thời điểm ra mắt là 15.990.000 đồng cho phiên bản RAM 12GB + ROM 256GB (Lưu ý: Giá có thể thay đổi tùy theo chính sách và thời điểm khác nhau). Tại thị trường Trung Quốc, phiên bản 12GB + 256GB có giá khoảng 3,499 nhân dân tệ (~12.59 triệu đồng), trong khi bản 12GB + 512GB được niêm yết 3,799 nhân dân tệ (~13.67 triệu đồng). Giá OPPO Reno14 tại tháng\xa010/2025 bạn có thể tham khảo:\n\nTên sản phẩm\n\n\t\n\nGiá bán\n\n\t\n\nGiá thu cũ lên đời\n\nOPPO Reno14 5G 12GB 256GB\n\n\t\n\n15.700.000đ\n\n\t\n\n15.200.000đ'
 'Điện thoại OPPO Reno14 F giá bao nhiêu?\n\nTại thời điểm mở bán tại Việt Nam, giá OPPO Reno14 F khoảng 10.490.000 đồng cho phiên bản RAM 8GB và bộ nhớ trong 256GB. Đây là mức giá hợp lý so với những nâng cấp đáng chú ý mà thiết bị mang lại, từ thiết kế tinh tế đến hiệu năng ổn định. Lưu ý, giá bán có thể thay đổi theo từng thời điểm và chính sách khuyến mãi, người dùng nên cập nhật thường xuyên để lựa chọn tối ưu.\xa0\n\nGiá cập nhật tháng\xa010/2025 tại CellphoneS bạn có thể tham khảo:\n\nTên sản phẩm\n\n\t\n\nGiá bán\n\n\t\n\nGiá thu cũ lên đời\n\nOPPO Reno14 F 5G 8GB 256GB\n\n\t\n\n10.300.000đ\n\n\t\n\n9.800.000đ'
 '1. Điện thoại OPPO Reno 14 có gì mới – Kiểu dáng sang trọng, hiệu năng vượt trội\n1.1. Tổng quan về thiết kế\n1.2. Cấu hình mạnh mẽ, hiệu năng ổn định\n1.3. Camera chụp ảnh ấn tượng trong mọi điều kiện\n1.4. Pin bền bỉ, sạc nhanh tiện lợi\n1.5. Màn hình sắc nét, hiển thị chân thực\n1.6. Thiết kế mặt lưng kính thời thượng\n1.7. Hệ điều hành ColorOS mới, nhiều tiện ích thông minh\n1.8. Kết nối 5G mượt mà, bảo mật hiện đại\n2. So sánh\xa0OPPO Reno14 vs\xa0OPPO Reno14 F\n3. So sánh nhanh OPPO Reno14 và Reno13: Có gì nâng cấp?\n4. Điện thoại OPPO Reno 14 khi nào ra mắt?\n5. Điện thoại OPPO Reno14 giá bao nhiêu?']",Điện thoại OPPO Reno14 có giá khoảng 15.700.000 đồng cho phiên bản RAM 12GB + ROM 256GB tại Việt Nam. Giá này có thể thay đổi tùy theo chính sách và thời điểm khác nhau.,Điện thoại OPPO Reno14 có giá 15.700.000đ.,0.8333333332916666,,1.0,0.0
OPPO Reno14 có mấy phiên bản màu sắc?,"['Tên sản phẩm\n\n\t\n\nGiá bán\n\n\t\n\nGiá thu cũ lên đời\n\nOPPO Reno14 5G 12GB 256GB\n\n\t\n\n15.700.000đ\n\n\t\n\n15.200.000đ\n\nOPPO Reno 14 có mấy phiên bản màu sắc?\n\nĐiện thoại OPPO Reno 14 được giới thiệu với hai phiên bản màu: Luminous Green và Opal White. Luminous Green mang đến cảm giác tươi mới, hiện đại, phù hợp với người dùng yêu thích phong cách trẻ trung và nổi bật. Trong khi đó, Opal White toát lên vẻ thanh lịch, tối giản, tinh tế, phù hợp với người dùng ưa chuộng sự nhẹ nhàng và sang trọng.'
 'Ngoài phiên bản Mermaid, điện thoại Reno 14 còn có thêm tùy chọn khác là xanh Luminous. Cả hai phiên bản đều duy trì bề mặt kính sang trọng. Điện thoại Reno 14 không chỉ có tính thẩm mỹ về phong cách mà còn phản ánh sự đầu tư tinh tế trong cách thể hiện cá tính của người sử dụng.\n\nHệ điều hành ColorOS mới, nhiều tiện ích thông minh'
 'Điểm nhấn nghệ thuật từ hiệu ứng kính\n\nReno14 giữ lại kiểu dáng quen thuộc với khung vát phẳng hiện đại, kết hợp cùng mặt kính sau hoàn thiện như các dòng Reno trước. Ở phiên bản Trắng Opal, chi tiết ánh sáng loang nhẹ nhàng theo chiều nghiêng gợi liên tưởng đến sóng nước, đem lại cảm giác mềm mại và sống động. Từ đó, dòng smartphone OPPO Reno 14 trở nên nổi bật hơn trong phân khúc điện thoại hiện nay.']",OPPO Reno14 có hai phiên bản màu sắc chính: Luminous Green và Opal White.,OPPO Reno14 có hai phiên bản màu sắc: Xanh lá và Trắng.,0.9999999999,1.0,1.0,0.8205526044047797
Thông số kỹ thuật nổi bật của OPPO Reno14 là gì?,"['Cấu hình mạnh mẽ, hiệu năng ổn định\n\nOPPO Reno14 được trang bị vi xử lý MediaTek Dimensity 8350 (8 nhân, xung nhịp tối đa 3.35GHz), mang lại khả năng xử lý mượt mà cho mọi tác vụ. RAM LPDDR5X dung lượng tối đa 12GB kết hợp cùng bộ nhớ 256GB giúp máy dễ dàng lưu trữ và xử lý dữ liệu nhanh chóng.\xa0\n\nKèm theo đó là hệ điều hành ColorOS 15.0 tối ưu cho đa nhiệm, hỗ trợ chia đôi màn hình, cửa sổ nổi và nhiều tiện ích nâng cao hiệu suất làm việc. Ngoài ra, Reno14 còn hỗ trợ kết nối 5G kép, Wi-Fi 6 và Bluetooth 5.4, đáp ứng tốt nhu cầu truy cập tốc độ cao của người dùng trong mọi điều kiện sử dụng.'
 'Hỗ trợ tai nghe kỹ thuật số (Type-C)\n\n\n\n\nĐịnh vị\n\n\t\n\nGNSS: Beidou, GPS, GLONASS, Galileo, QZSS\n\n\t\n\nGNSS: Beidou, GPS, GLONASS, Galileo, QZSS\n\nOPPO Reno 14 nâng cấp đáng kể so với Reno 13 với pin lớn hơn 6000mAh, camera sau mạnh mẽ hơn với ống kính tele 50MP hỗ trợ OIS, quay video 4K 60fps cả trước và sau, cùng sạc nhanh 80W đa chuẩn. Ngoài ra, máy còn hỗ trợ Wi-Fi 6E hiện đại, nâng cao trải nghiệm toàn diện.\n\nĐiện thoại OPPO Reno 14 khi nào ra mắt?'
 'Điểm nhấn nghệ thuật từ hiệu ứng kính\n\nReno14 giữ lại kiểu dáng quen thuộc với khung vát phẳng hiện đại, kết hợp cùng mặt kính sau hoàn thiện như các dòng Reno trước. Ở phiên bản Trắng Opal, chi tiết ánh sáng loang nhẹ nhàng theo chiều nghiêng gợi liên tưởng đến sóng nước, đem lại cảm giác mềm mại và sống động. Từ đó, dòng smartphone OPPO Reno 14 trở nên nổi bật hơn trong phân khúc điện thoại hiện nay.']","OPPO Reno14 nổi bật với vi xử lý MediaTek Dimensity 8350 (8 nhân, xung nhịp tối đa 3.35GHz), RAM LPDDR5X 12GB và bộ nhớ 256GB giúp lưu trữ và xử lý dữ liệu nhanh chóng. Hệ điều hành ColorOS 15.0 hỗ trợ đa nhiệm, chia đôi màn hình, cửa sổ nổi và nhiều tiện ích nâng cao hiệu suất làm việc. Máy còn hỗ trợ kết nối 5G kép, Wi-Fi 6 và Bluetooth 5.4, đáp ứng nhu cầu truy cập tốc độ cao của người dùng trong mọi điều kiện sử dụng. Ngoài ra, OPPO Reno14 có pin lớn hơn 6000mAh, camera sau ống kính tele 50MP hỗ trợ OIS, quay video 4K 60fps cả trước và sau, và sạc nhanh 80W đa chuẩn.","OPPO Reno14 được trang bị pin 6000mAh, chipset MediaTek Dimensity 8350 5G, RAM 12GB, bộ nhớ trong 256GB, camera sau 50MP OIS, và màn hình AMOLED 6.59 inches với độ phân giải 1256 x 2760 pixels.",0.99999999995,0.8333333333333334,1.0,0.8097774984904791
realme C51 6GB 256GB có giá bao nhiêu?,"['Điện thoại realme C51 6GB 256GB giá bao nhiêu tiền?\n\nỞ phiên bản cấu hình chuẩn 4GB RAM và 128GB bộ nhớ trong, điện thoại được bán với giá bán 3.29 triệu đồng. Do đó trên phiên bản cấu hình nâng câp với 6GB dung lượng RAM và 256GB dung lượng bộ nhớ trong sẽ có giá bán lớn hơn đôi chút, chênh lệch khoảng vài trăm ngàn đồng.\n\nBên cạnh 2 phiên bản trên, realme C51 còn phiên bản với dung lượng RAM 3GB và 36GB dung lượng cho người dùng lựa chọn với giá bán chỉ khoảng gần 2.8 triệu đồng.\n\nMua ngay điện thoại realme C51 6GB 256GB chính hãng – giá ưu đãi tại CellphoneS'
 '**Tên sán phẩm:** realme C51 6GB 256GB\n\n**Giá sản phẩm:** 3.390.000đ\n\n**Các màu của sản phẩm:** Đen, Xanh\n\n**Thông số sản phẩm:** Pin: 5000mAh\n\nChipset: Unisoc UNISOC T612\n\nThẻ SIM: 2 SIM (Nano-SIM)\n\nCamera sau: Chính 50 MP & Phụ 0.3 MP\n\nLoại CPU: 12nm process, Octa-core, Up to 1.82GHz\n\nCamera trước: 5M, f/2.22\n\nBộ nhớ trong: 256 GB\n\nCông nghệ NFC: Không\n\nDung lượng RAM: 6 GB\n\nHệ điều hành: realme UI T Edition - Android 13\n\nTính năng màn hình: 16.7 triệu màu, độ sáng tối đa 560nits\n\nCông nghệ màn hình: IPS LCD\n\nKích thước màn hình: 6.74 inches\n\nĐộ phân giải màn hình: 720 x 1600 pixel\n\n**Giới thiệu sản phẩm:** Đặc điểm nổi bật của realme C51 6GB 256GB'
 'Nội dung chính\n\n1. Điện thoại realme C51 6GB 256GB – Thiết kế trang nhã, hiệu năng ổn định\n1.1. Cấu hình với RAM 6GB cùng bộ nhớ lưu trữ 256GB\n1.2. Camera kép 50MP + 0.3MP cho chất lượng hình ảnh ổn định\n2. Điện thoại realme C51 6GB 256GB giá bao nhiêu tiền?\n3. Mua ngay điện thoại realme C51 6GB 256GB chính hãng – giá ưu đãi tại CellphoneS\nĐiện thoại realme C51 6GB 256GB – Thiết kế trang nhã, hiệu năng ổn định\n\nrealme C51 phiên bản 6GB bộ nhớ RAM và 256GB dung lượng bộ nhớ trong hứa hẹn mang lại một trải nghiệm sử dụng mượt mà. Vậy chính xác mẫu điện thoại realme giá rẻ này có gì nổi bật?']",Điện thoại realme C51 6GB 256GB có giá bán là 3.390.000 đồng.,realme C51 6GB 256GB có giá 3.390.000đ.,0.9999999999666667,,1.0,0.782513419321559
Điện thoại realme C51 6GB 256GB có những màu sắc nào?,"['**Tên sán phẩm:** realme C51 6GB 256GB\n\n**Giá sản phẩm:** 3.390.000đ\n\n**Các màu của sản phẩm:** Đen, Xanh\n\n**Thông số sản phẩm:** Pin: 5000mAh\n\nChipset: Unisoc UNISOC T612\n\nThẻ SIM: 2 SIM (Nano-SIM)\n\nCamera sau: Chính 50 MP & Phụ 0.3 MP\n\nLoại CPU: 12nm process, Octa-core, Up to 1.82GHz\n\nCamera trước: 5M, f/2.22\n\nBộ nhớ trong: 256 GB\n\nCông nghệ NFC: Không\n\nDung lượng RAM: 6 GB\n\nHệ điều hành: realme UI T Edition - Android 13\n\nTính năng màn hình: 16.7 triệu màu, độ sáng tối đa 560nits\n\nCông nghệ màn hình: IPS LCD\n\nKích thước màn hình: 6.74 inches\n\nĐộ phân giải màn hình: 720 x 1600 pixel\n\n**Giới thiệu sản phẩm:** Đặc điểm nổi bật của realme C51 6GB 256GB'
 'Kích thước màn hình: 6.74 inches\n\nĐộ phân giải màn hình: 720 x 1600 pixel\n\n**Giới thiệu sản phẩm:** Đặc điểm nổi bật của realme C51 6GB 256GB\n\nĐiện thoại realme C51 6GB 256GB sở hữu cấu hình vượt trội với con chip Unisoc UNISOC T612 12nm cùng GPU Mali-G57 mang lại một hiệu năng ổn định. Cùng với đó là màn hình 6.74 inches với tấm nền LCD giúp mang lại khả năng hiển thị ổn định. Điện thoại với camera kép, trong đó ống kính chính 50MP và camera hỗ trợ 0.3MP ấn tượng.\n\nNội dung chính'
 'Cấu hình với RAM 6GB cùng bộ nhớ lưu trữ 256GB\n\nrealme C51 6GB 256GB là phiên bản cấu hình được trang bị bộ nhớ RAM 6GB giúp mang lại khả năng đa nhiệm ổn định cho thiết bị. Cùng với đó, dung lượng lưu trữ 256GB cho phép người dùng có thể thoải mái trải nghiệm, cài đặt ứng dụng và lưu trữ hình ảnh, tài liệu quan trọng.']",Sản phẩm này có 2 màu sắc chính là Đen và Xanh.,Điện thoại realme C51 6GB 256GB có hai màu sắc là Đen và Xanh.,0.9999999999,,1.0,0.3682572668315689
realme C51 6GB 256GB phù hợp với ai?,"['Cấu hình với RAM 6GB cùng bộ nhớ lưu trữ 256GB\n\nrealme C51 6GB 256GB là phiên bản cấu hình được trang bị bộ nhớ RAM 6GB giúp mang lại khả năng đa nhiệm ổn định cho thiết bị. Cùng với đó, dung lượng lưu trữ 256GB cho phép người dùng có thể thoải mái trải nghiệm, cài đặt ứng dụng và lưu trữ hình ảnh, tài liệu quan trọng.'
 'Bên cạnh đó, hiện nay nếu bạn chỉ có nhu cầu sử dụng điện thoại với các tác vụ cơ bản thì có thể tham khảo ngay điện thoại realme C51 4gb 64gb\xa0hiện nay giá rẻ cũng đang dược rất nhiều người dùng lựa chọn mua. Cùng xem ngay nhé!\n\nPhía trước điện thoại là ống kính selfie nằm trong note giọt nước. Ống kính với độ phân giải 5MP giúp mang lại khả năng gọi video call với hình ảnh rõ nét.\n\nĐiện thoại realme C51 6GB 256GB giá bao nhiêu tiền?'
 'Mua ngay điện thoại realme C51 6GB 256GB chính hãng – giá ưu đãi tại CellphoneS\n\nĐiện thoại realme C51 6GB 256GB với cấu hình đáp ứng nhiều nhu cầu sử dụng từ trải nghiệm dùng cơ bản đến chơi game. Nếu quan tâm đến mẫu điện thoại realme giá bán rẻ này có thể đến trải nghiệm và mua ngay sản phẩm tại CellphoneS. Hiện realme C51 6GB 256GB có mặt tại hệ thống CellphoneS với giá bán ưu đãi cùng nhiều khuyến mãi hấp dẫn.\n\nXem thêm']","Cấu hình với RAM 6GB cùng bộ nhớ lưu trữ 256GB phù hợp cho nhiều đối tượng sử dụng:

- Đối với người dùng cần trải nghiệm cơ bản như gọi video call và chụp ảnh:
  - Điện thoại realme C51 4GB 64GB (giá rẻ hơn)

- Đối với người dùng muốn nâng cao khả năng đa nhiệm và lưu trữ lớn:
  - Điện thoại realme C51 6GB 256GB

Đây là hai lựa chọn phù hợp cho nhiều nhu cầu sử dụng khác nhau. Nếu bạn đang tìm kiếm một điện thoại giá rẻ nhưng vẫn có thể đáp ứng được nhiều tác vụ cơ bản, thì realme C51 4GB 64GB sẽ là sự lựa chọn tốt hơn. Tuy nhiên, nếu bạn cần thêm khả năng đa nhiệm và lưu trữ lớn để cài đặt nhiều ứng dụng hoặc lưu trữ hình ảnh/video quan trọng, thì realme C51 6GB 256GB sẽ là lựa chọn phù hợp hơn.",realme C51 6GB 256GB phù hợp với người dùng có nhu cầu sử dụng cơ bản đến chơi game với hiệu năng ổn định.,0.9999999999666667,,1.0,0.46003551157262573
Điện thoại Itel RS4 có giá bao nhiêu?,"['Điện thoại Itel RS4 có giá bao nhiêu?\n\nĐiện thoại Itel RS4 dự kiến có giá bán tại Ấn Độ từ khoảng ₹8,990, tương đương với khoảng 2,7 triệu đồng. Với mức giá này, Itel RS4 nằm trong phân khúc giá rẻ, nhưng vẫn được trang bị những tính năng và cấu hình ấn tượng, bao gồm màn hình 120Hz, pin dung lượng lớn 5000 mAh, và cụm camera 50MP chất lượng.\n\nChi tiết giá bán Itel RS4 như sau:\n\nTên sản phẩm\n\n\t\n\nGiá bán\n\nItel RS4 8GB 256GB NFC\n\n\t\n\n3.290.000đ\n\nĐiện thoại Itel RS4 khi nào ra mắt?'
 'Chi tiết giá bán Itel RS4 như sau:\n\nTên sản phẩm\n\n\t\n\nGiá bán\n\nItel RS4 8GB 256GB NFC\n\n\t\n\n3.290.000đ\n\nĐiện thoại Itel RS4 khi nào ra mắt?\n\nĐiện thoại Itel RS4 được chính thức công bố vào ngày 6 tháng 4 năm 2024 và nhanh chóng có mặt trên thị trường trong cùng tháng. Hiện tại, Itel RS4 đã sẵn sàng trên các kệ hàng với ba tùy chọn màu sắc sang trọng: Silvery White, Elegant Beige, và Lurex Black.\xa0\n\nVới thiết kế độc đáo và những cấu hình ấn tượng, Itel RS4 hứa hẹn sẽ là một smartphone giá rẻ đáng chú ý trong năm 2024. Nếu khách hàng đang tìm một dòng smartphone mạnh mẽ nhưng giá dễ chịu, thì Itel RS4 sẽ là gợi ý không nên bỏ qua.'
 'Điện thoại\xa0Itel RS4 là mẫu điện thoại giá rẻ sở hữu nhiều đặc điểm cùng tính năng nổi bật đáng để chọn mua sử dụng như:\n\n- Chip\xa0Mediatek Helio G99 Ultimate cùng RAM 8GB: Hoạt động ổn định trong các tác vụ cơ bản\n\n- Khung viền kim loại: Mang lại vẻ ngoài sang trọng cùng khả năng chịu lực tốt\n\n- Pin 5000 mAh cùng sạc nhanh 45W: Thoải mái sử dụng mà không cần sạc thường xuyên\n\n- Loa kép: Cho trải nghiệm âm thanh sống động, thỏa sức giải trí\n\n- Hỗ trợ NFC\n\nĐiện thoại Itel RS4 - Tạo hình độc đáo, hiệu suất mượt mà']","Điện thoại Itel RS4 có giá khoảng 3.290.000 đồng. Đây là một smartphone giá rẻ với nhiều tính năng nổi bật như màn hình 120Hz, pin dung lượng lớn 5000 mAh và cụm camera 50MP.",Điện thoại Itel RS4 có giá 3.290.000đ.,0.99999999995,,1.0,0.7693732082674773
Điện thoại Itel RS4 phù hợp với ai?,"['Cấu hình đỉnh chóp từ vi xử lý Helio G99 Ultimate\n\nĐiện thoại Itel RS4 mang đến giải pháp hiệu năng ổn định trong phân khúc giá hạt dẻ. Được trang bị vi xử lý Mediatek Helio G99, mẫu smartphone mang lại hiệu suất xử lý ấn tượng. Với CPU Octa-core, Itel RS4 xử lý tốt các tác vụ hàng ngày như cài game, xem video hay gọi video.\n\nKết hợp bên trong máy là GPU mang đến khả năng xử lý đồ họa vượt trội. Itel RS4 còn được trang bị thông số bộ nhớ 8GB RAM và ROM 256GB, hỗ trợ người dùng thoải mái sử dụng nhiều ứng dụng cùng lúc và chấm dứt mọi hiện tượng giật lag.\n\nHỗ trợ cải thiện chụp ảnh với camera 50MP'
 'Điện thoại\xa0Itel RS4 là mẫu điện thoại giá rẻ sở hữu nhiều đặc điểm cùng tính năng nổi bật đáng để chọn mua sử dụng như:\n\n- Chip\xa0Mediatek Helio G99 Ultimate cùng RAM 8GB: Hoạt động ổn định trong các tác vụ cơ bản\n\n- Khung viền kim loại: Mang lại vẻ ngoài sang trọng cùng khả năng chịu lực tốt\n\n- Pin 5000 mAh cùng sạc nhanh 45W: Thoải mái sử dụng mà không cần sạc thường xuyên\n\n- Loa kép: Cho trải nghiệm âm thanh sống động, thỏa sức giải trí\n\n- Hỗ trợ NFC\n\nĐiện thoại Itel RS4 - Tạo hình độc đáo, hiệu suất mượt mà'
 'Nội dung chính\n\n1. Vì sao nên mua điện thoại\xa0Itel RS4 sử dụng?\n2. Điện thoại Itel RS4 - Tạo hình độc đáo, hiệu suất mượt mà\n2.1. Cấu hình đỉnh chóp từ vi xử lý Helio G99 Ultimate\n2.2. Hỗ trợ cải thiện chụp ảnh với camera 50MP\n2.3. Viên pin dung lượng 5000mAh thỏa sức sử dụng\n2.4. Màn hình 120Hz cải thiện hiển thị\n2.5. Thiết kế hiện đại\n3. Điện thoại Itel RS4 có giá bao nhiêu?\n4. Điện thoại Itel RS4 khi nào ra mắt?\n5. Mua điện thoại Itel RS4 chính hãng, giá tốt tại CellphoneS\nVì sao nên mua điện thoại\xa0Itel RS4 sử dụng?']","Điện thoại Itel RS4 phù hợp với nhiều đối tượng khác nhau:

- Đối với người dùng thường xuyên sử dụng điện thoại để làm việc văn phòng hoặc học tập, mẫu smartphone này mang lại hiệu suất xử lý ổn định và khả năng xử lý đồ họa tốt.
- Người dùng thích sở hữu thiết kế hiện đại và sang trọng có thể cân nhắc mua Itel RS4 do nó được trang bị khung viền kim loại với vẻ ngoài đẹp mắt.
- Đối với những người yêu thích chụp ảnh, camera 50MP của Itel RS4 sẽ giúp họ ghi lại mọi khoảnh khắc một cách rõ nét và sống động hơn.

Tóm lại, Itel RS4 là lựa chọn phù hợp cho nhiều đối tượng khác nhau, từ người dùng văn phòng đến những người yêu thích chụp ảnh.",Điện thoại Itel RS4 phù hợp với những người dùng tìm kiếm một smartphone giá rẻ nhưng vẫn có cấu hình mạnh mẽ và nhiều tính năng nổi bật.,0.9999999999666667,,1.0,0.6627371306641586
Thông số kỹ thuật nổi bật của điện thoại Itel RS4 là gì?,"['- Hỗ trợ NFC\n\nĐiện thoại Itel RS4 - Tạo hình độc đáo, hiệu suất mượt mà\n\nĐiện thoại Itel RS4 là chiếc smartphone tầm trung mới ra mắt của thương hiệu lâu đời đến từ Trung Quốc. Thiết bị thu hút nhiều người dùng với cấu hình mạnh mẽ từ chip Mediatek Helio G99 Ultimate, màn 120Hz kết hợp thiết kế độc đáo. Dưới này là chi tiết các thông số của Itel RS4 mà khách hàng có thể tìm hiểu thêm nhé!\n\nCấu hình đỉnh chóp từ vi xử lý Helio G99 Ultimate'
 'Kích thước màn hình: 6.56 inches\n\nĐộ phân giải màn hình: 720 x 1612 (HD+)\n\n**Giới thiệu sản phẩm:** Đặc điểm nổi bật của Itel RS4 8GB 256GB NFC\n\nĐiện thoại Itel RS4 xử lý, vận hành nhanh gọn mọi tác vụ nhờ con chip Mediatek Helio G99 Ultimate, kết hợp cùng thông số bộ nhớ lên tới 8GB RAM. Bên cạnh đó, mẫu smartphone Itel này\xa0còn được trang bị màn hình 6.56 inches cùng tần số quét cao 120Hz. Chất lượng trải nghiệm cũng nâng lên với camera chính 50MP cùng viên pin dung lượng lớn 5000mAh.\xa0\n\nNội dung chính'
 'Điện thoại\xa0Itel RS4 là mẫu điện thoại giá rẻ sở hữu nhiều đặc điểm cùng tính năng nổi bật đáng để chọn mua sử dụng như:\n\n- Chip\xa0Mediatek Helio G99 Ultimate cùng RAM 8GB: Hoạt động ổn định trong các tác vụ cơ bản\n\n- Khung viền kim loại: Mang lại vẻ ngoài sang trọng cùng khả năng chịu lực tốt\n\n- Pin 5000 mAh cùng sạc nhanh 45W: Thoải mái sử dụng mà không cần sạc thường xuyên\n\n- Loa kép: Cho trải nghiệm âm thanh sống động, thỏa sức giải trí\n\n- Hỗ trợ NFC\n\nĐiện thoại Itel RS4 - Tạo hình độc đáo, hiệu suất mượt mà']","Điện thoại Itel RS4 nổi bật với các thông số kỹ thuật sau:

- Chip Mediatek Helio G99 Ultimate cùng RAM 8GB: Tốc độ hoạt động ổn định trong nhiều tác vụ.
- Khung viền kim loại sang trọng và chịu lực tốt.
- Pin dung lượng lớn 5000mAh cùng sạc nhanh 45W: Thoải mái sử dụng mà không cần thường xuyên sạc.
- Loa kép cho trải nghiệm âm thanh sống động, thoải mái giải trí.

Ngoài ra, Itel RS4 còn hỗ trợ NFC, giúp bạn dễ dàng giao dịch và mua sắm nhanh chóng.","Điện thoại Itel RS4 được trang bị chip Mediatek Helio G99 Ultimate, RAM 8GB, bộ nhớ trong 256GB, camera sau 50MP, camera trước 8MP, pin 5000mAh và màn hình 6.56 inches với tần số quét 120Hz.",0.9999999999666667,0.7142857142857143,1.0,0.7586849641729488
iPhone 14 Pro Max có giá bao nhiêu?,"['Loại CPU\n\n\t\n\nCPU 6 lõi với 2 lõi hiệu năng và 4 lõi tiết kiệm điện\n\n\t\n\n3.22 GHz\n\n14 ProMax nổi bật hơn với camera 48MP, chip A16 và tính năng an toàn tiên tiến. Song, iPhone 13 Pro Max vẫn là lựa chọn hợp lý cho người muốn tiết kiệm chi phí nhưng vẫn có hiệu năng và thời lượng pin mạnh mẽ.\n\nGiá iPhone 14 Pro Max 10/2025 bao nhiêu?\n\nGiá iPhone 14 Pro Max hiện dao động từ 41.790.000đ đến 25.590.000đ. Mức giá này sẽ thay đổi dựa vào dung lượng bộ nhớ ROM của từng phiên bản cụ thể. Dưới đây là bảng giá iPhone 14 Pro Max theo từng phiên bản dung lượng.\n\nTên sản phẩm\n\n\t\n\nGiá bán\n\n\t\n\nGiá thu cũ lên đời\n\niPhone 14 Pro Max 128GB | Chính hãng VN/A\n\n\t\n\n25.590.000đ\n\n\t\n\n23.590.000đ'
 'iPhone 14 Pro Max 512GB giá bao nhiêu?\n\niPhone 14 Pro Max phiên bản 512GB chính hãng VN/A có giá dự đoán khoảng 43.990.000đ tại Việt Nam (giá chưa bao gồm các chương trình khuyến mãi tại CellphoneS). Tuy nhiên, trong đợt mở bán đầu tiên, khi mua hàng tại CellphoneS, khách hàng sẽ nhận được nhiều ưu đãi khủng như ưu đãi thanh toán, ưu đãi lên đời, trừ trực tiếp trên giá bán niêm yết.\n\nTham khảo giá bán\xa0iPhone 14 Pro Max phiên bản 512GB chính hãng VN/A tại đợt mở bán đầu tiên tại CellphoneS dưới đây.\n\n\t\n\nGiá bán\n\n\n\n\niPhone 14 Pro Max 512GB Đen\n\n\t\n\nGiá chỉ từ 36.990.000 đồng\n\n\n\n\niPhone 14 Pro Max 512GB Trắng\n\n\t\n\nGiá chỉ từ\xa036.990.000 đồng\n\n\n\n\niPhone 14 Pro Max 512GB Vàng\n\n\t\n\nGiá chỉ từ\xa036.990.000 đồng\n\n\n\n\niPhone 14 Pro Max\xa0512GB Tím'
 'Giá bán\n\n\n\n\niPhone 14 Pro Max\xa0 256GB Đen\n\n\t\n\n30.990.000 đồng\n\n\n\n\niPhone 14 Pro Max\xa0 256GB Trắng\n\n\t\n\n30.990.000 đồng\n\n\n\n\niPhone 14 Pro Max\xa0 256GB Vàng\n\n\t\n\n30.990.000 đồng\n\n\n\n\niiPhone 14 Pro Max\xa0 256GB Tím\n\n\t\n\n30.990.000 đồng\n\n(Lưu ý: Đây là mức giá đã trừ hết các khuyến mãi trong đợt mở bán đầu tiên tại CellphoneS, mức giá có thể thay đổi theo chương trình khuyến mãi cụ thể của từng thời điểm. Để biết giá bán\xa0 iPhone 14 Pro Max chính xác thời điểm hiện tại, truy cập website cellphones.com.vn hoặc liên hệ hotline miễn phí để được tư vấn)\n\niPhone 14 Pro Max khi nào ra mắt bán chính thức tại Việt Nam?']","iPhone 14 Pro Max hiện đang có giá dao động từ 25.590.000đ đến 43.990.000đ tùy thuộc vào phiên bản và dung lượng bộ nhớ RAM. Giá iPhone 14 Pro Max 512GB chính hãng VN/A dự đoán khoảng 43.990.000đ, nhưng giá có thể thay đổi theo chương trình khuyến mãi tại CellphoneS.",iPhone 14 Pro Max có giá 25.590.000đ.,0.8333333332916666,,0.5,0.7871567116127137
iPhone 14 Pro Max có những màu sắc nào?,"['Màu sắc lý tưởng, trẻ trung\n\niPhone 14 Pro Max được Apple chăm chút ở phần bảng màu để phù hợp nhiều phong cách khác nhau của người dùng. Ngoài các màu sắc truyền thống, mẫu điện thoại này còn có gam màu mới thời thượng.\n\nKhác với nhiều màu sắc trẻ trung trên\xa0iPhone 14 bản chuẩn\xa0thì\xa0phiên bản này gồm các biến thể màu đen ánh thép, bạc, gold và tía đậm. Bảng màu của máy được thiết kế để vừa giữ được sự sang trọng cho người dùng chuyên nghiệp, trẻ trung cho giới trẻ.'
 'Càng đặc biệt hơn khi lần này, Apple sẽ mang đến phiên bản màu sắc Deep Purple - màu tím nhạt, một sắc màu chưa từng có đối với những phiên bản trước đây. Đây sẽ là một dấu ấn và là đặc điểm nhận diện riêng biệt trên iPhone 14 Pro Max.\n\nViên pin năng lượng lớn, đáp ứng năng lượng cho ngày dài\n\nLần này, với chiếc điện thoại iPhone 14 Pro Max. Apple đã mạnh dạn trang bị viên pin có dung lượng lớn để phục vụ tốt hơn cho người dùng. Đi cùng đó là công nghệ sạc nhanh, có thể sạc 50% trong 30 phút, sạc không dây MagSafe 15W và sạc nhanh không dây Qi từ tính 7,5W.\n\nĐặt hàng điện thoại iPhone 14 Pro Max chính hãng tại Cellphones'
 'Ngoại hình sang trọng với mặt kính bền bỉ\n\niPhone 14 Pro Max 1TB mang đến cho người dùng với 4 sự lựa chọn về màu sắc là đen, vàng, tím và trắng. Ở cả mặt trước và mặt sau, thiết bị đều được trang bị kính cường lực Gorilla Glass cao cấp và chắc chắn không chỉ giúp ngoại hình smartphone thêm sang trọng mà còn mang đến hiệu quả bảo vệ điện thoại tốt hơn.']","iPhone 14 Pro Max có các màu sắc sau:

- Đen ánh thép
- Bạc
- Gold
- Tía đậm

Đặc biệt, phiên bản này còn có Deep Purple - một màu tím nhạt chưa từng có trước đây.","iPhone 14 Pro Max có các màu Vàng, Bạc, Đen và Tím.",0.8333333332916666,,0.5,0.8075703156911763
Thông số kỹ thuật nổi bật của iPhone 14 Pro Max là gì?,"['iPhone 14 Pro Max được trang bị bộ vi xử lý Apple A16 Bionic. Apple đã tập trung vào hiệu quả sử dụng năng lượng, màn hình và camera với con chip mới của mình. CPU sáu nhân bao gồm hai nhân hiệu suất cao sử dụng năng lượng thấp hơn 20% và bốn nhân tiết kiệm pin chỉ sử dụng một phần ba năng lượng so với chip của các đối thủ cạnh tranh.\n\nNội dung chính'
 'Công nghệ màn hình: Super Retina XDR OLED\n\nKích thước màn hình: 6.7 inches\n\nĐộ phân giải màn hình: 2796 x 1290-pixel\n\n**Giới thiệu sản phẩm:** Đặc điểm nổi bật của iPhone 14 Pro Max 512GB | Chính hãng VN/A\n\niPhone 17 Pro Max 512GB\n\niPhone 14 Pro Max có sự cải thiện lớn màn hình so với iPhone 13 Pro Max. Sự khác biệt giữ phiên bản iPhone 14 Pro Max 512GB và bản tiêu chuẩn 128GB chỉ là bộ nhớ trong. Dưới đây là một số cải tiến nổi bật trên iPhone 14 Pro Max mà có thể bạn chưa biết!\n\nMời bạn tìm hiểu thêm về phiên bản\xa0iPhone 14 Pro Max 256GB\xa0với nhiều chương trình khuyến mãi tại CellPhoneS!'
 'Công nghệ màn hình: Super Retina XDR OLED\n\nKích thước màn hình: 6.7 inches\n\nĐộ phân giải màn hình: 2796 x 1290-pixel\n\n**Giới thiệu sản phẩm:** Đặc điểm nổi bật của iPhone 14 Pro Max 1TB | Chính hãng VN/A\n\niPhone 17 Pro Max 1TB\n\niPhone 14 Pro Max có sự cải thiện lớn màn hình so với iPhone 13 Pro Max. Sự khác biệt giữ phiên bản iPhone 14 Pro Max 1TB và bản tiêu chuẩn 128GB chỉ là bộ nhớ trong. Dưới đây là một số cải tiến nổi bật trên iPhone 14 Pro Max mà có thể bạn chưa biết!\n\nMời bạn tìm hiểu thêm về phiên bản\xa0iPhone 14 Pro Max 512GB\xa0với nhiều chương trình khuyến mãi tại CellPhoneS!']","iPhone 14 Pro Max nổi bật với:

- Bộ vi xử lý Apple A16 Bionic
- Màn hình Super Retina XDR OLED kích thước 6.7 inches, độ phân giải 2796 x 1290-pixel
- Cải tiến lớn trong màn hình so với iPhone 13 Pro Max

Giá cả và thông số kỹ thuật cụ thể có thể thay đổi tùy theo phiên bản và dung lượng lưu trữ mà bạn chọn.","iPhone 14 Pro Max có pin 4.323 mAh, chipset Apple A16 Bionic 6-core, camera chính 48 MP, màn hình 6.7 inches Super Retina XDR OLED với độ phân giải 2796 x 1290 pixel.",0.9999999999666667,0.25,0.75,0.802599717294347
Samsung Galaxy Z Fold7 12GB 512GB có giá bao nhiêu?,"['Samsung Galaxy Z Fold 7 chính thức mở bán với giá 46.990.000 đồng (12GB 256GB) và với Z Fold 7 12GB 512GB có giá 50.990.000 đồng. Bạn có thể tham khảo giá tại CellphoneS:\n\nTên sản phẩm\n\n\t\n\nGiá bán\n\n\t\n\nGiá thu cũ lên đời\n\nSamsung Galaxy Z Fold7 12GB 256GB\n\n\t\n\n42.990.000đ\n\n\t\n\n40.490.000đ\n\n\n\n\nSamsung Galaxy Z Fold7 12GB 512GB\n\n\t\n\n46.990.000đ\n\n\t\n\n44.490.000đ\n\nTặng kèm nhiều ưu đãi khi mua Z Fold 7 tại CellphoneS\n\nSamsung Galaxy Z Fold 7 có gì mới?'
 'Samsung Galaxy Z Fold7 12GB 256GB\n\n\t\n\n42.990.000đ\n\n\t\n\n40.490.000đ\n\n\n\n\nSamsung Galaxy Z Fold7 12GB 512GB\n\n\t\n\n46.990.000đ\n\n\t\n\n44.490.000đ\n\nTặng kèm nhiều ưu đãi khi mua Z Fold 7 tại CellphoneS\n\nSamsung Galaxy Z Fold 7 có gì mới?\n\nĐiện thoại Samsung Z Fold 7\xa0mới đánh dấu bước tiến mạnh mẽ với thiết kế mỏng hơn, màn hình lớn hơn và vi xử lý thế hệ mới mạnh mẽ. Ngoài ra, các tính năng AI thông minh cùng camera 200MP cũng khiến mẫu smartphone của Samsung này trở nên thu hút hơn bao giờ hết. Dưới đây là những điểm nâng cấp nổi bật trên Z Fold 7 2025:\n\nThiết kế mỏng hơn 25%, mỏng hơn s25 Ultra\n\nChip Snapdragon 8 Elite, tăng hiệu năng đến 45%\n\nPin 4.400mAh, kèm công nghệ tiết kiệm điện năng mDNle'
 'Điện thoại Samsung Galaxy Z Fold 6 512GB giá bán bao nhiêu tiền?\n\nVề giá bán, điện thoại\xa0Samsung Galaxy Z Fold 6 512GB sẽ có giá bán khởi điểm 2019 USD tại thị trường Mỹ, khi về chính hãng Việt Nam máy sẽ được bán với mức giá khoảng\xa047,990,000 đồng. Cùng với ba phiên bản màu xanh, hồng và xám sẽ không có sự chênh lệch về giá. Ngoài ra, hãng sẽ có 2 phiên bản màu độc quyền được bán online trên web hãng là\xa0Đen Crafted và\xa0Trắng Classic.\n\nCùng xem thêm ngay mẫu điện thoại Samsung Z Fold 5 chính hãng hiện cũng đang bán chính hãng tại CellphoneS, cùng khám phá ngay nhé!\n\nMua Samsung Galaxy Z Fold 6 512GB giá tốt, chính hãng tại CellphoneS']",Samsung Galaxy Z Fold7 12GB 512GB có giá bán là 46.990.000 đồng tại CellphoneS.,Giá sản phẩm là 46.990.000đ.,0.99999999995,,1.0,0.7915064275390274
Điện thoại Samsung Galaxy Z Fold7 12GB 512GB phù hợp với ai?,"['Samsung còn trang bị cho chiếc Galaxy Z Flip bộ nhớ trong 512GB. Với dung lượng bộ nhớ lớn, điện thoại có đủ không gian để người dùng cài đặt ứng dụng, lưu trữ hình ảnh, video chất lượng cao,...Nhờ vậy, chiếc Z Flip 7 sẽ còn là một lựa chọn rất phù hợp cho những người làm công việc sáng tạo nội dung.\n\n>>> Xem thêm mẫu điện thoại Samsung Galaxy Z Fold 7 12GB 512GB được ra mắt cùng Z Flip sở hữu màn hình to hơn, mỏng hơn cùng hàng loạt tính năng công nghệ mới.\n\nĐặt mua ngay điện thoại Samsung Galaxy Z Flip 7 12GB 512GB giá tốt tại CellphoneS'
 'Bộ nhớ trong dung lượng lớn, nâng cấp khả năng lưu trữ\n\nĐiện thoại Samsung Galaxy Z Fold7 12GB 512GB cung cấp dung lượng vượt trội giúp lưu trữ thoải mái hàng ngàn bức ảnh và video 4K. Cùng với đó là RAM 12GB, giúp đa nhiệm trơn tru khi xử lý nhiều ứng dụng cùng lúc.\xa0\n\nVới thông số bộ nhớ ấn tượng Samsung định vị phiên bản này là lựa chọn lý tưởng cho người dùng yêu cầu cao về hiệu suất và không gian lưu trữ. Ngoài ra, việc tối ưu hóa phần mềm cũng hỗ trợ khả năng quản lý bộ nhớ hiệu quả hơn cho thiết bị.\n\nHiệu năng dẫn đầu phân khúc với chipset đột phá'
 'Nội dung chính\n\n1. Điện thoại Samsung Galaxy Z Fold7 12GB 512GB - Dung lượng bộ nhớ trong ấn tượng\n1.1. Bộ nhớ trong dung lượng lớn, nâng cấp khả năng lưu trữ\n1.2. Hiệu năng dẫn đầu phân khúc với chipset đột phá\n2. Mua Samsung Galaxy Z Fold 7 12GB 512GB chính hãng tại CellphoneS\nĐiện thoại Samsung Galaxy Z Fold7 12GB 512GB - Dung lượng bộ nhớ trong ấn tượng\n\nDòng Z Fold 7 tiếp tục kế thừa triết lý gập mở linh hoạt nhưng được nâng cấp rõ rệt về bộ nhớ. Phiên bản 512GB mang lại không gian lưu trữ lớn, tối ưu cho người dùng thường xuyên quay chụp và đa nhiệm.\n\nBộ nhớ trong dung lượng lớn, nâng cấp khả năng lưu trữ']","Điện thoại Samsung Galaxy Z Fold7 12GB 512GB phù hợp với những người dùng yêu thích công việc sáng tạo nội dung hoặc có nhu cầu lưu trữ nhiều hình ảnh và video chất lượng cao. Với bộ nhớ trong 512GB, bạn sẽ có không gian thoải mái để cài đặt ứng dụng và lưu trữ các tác phẩm nghệ thuật của mình.","Máy phù hợp với người dùng yêu cầu cao về hiệu suất và không gian lưu trữ, như những người thường xuyên quay chụp và đa nhiệm.",0.9999999999666667,,1.0,0.7322709342012305
Thông số kỹ thuật nổi bật của Samsung Galaxy Z Fold7 12GB 512GB là gì?,"['Công nghệ màn hình: Dynamic AMOLED 2X\n\nKích thước màn hình: 8.0 inches\n\n**Giới thiệu sản phẩm:** Đặc điểm nổi bật của Samsung Galaxy Z Fold7 12GB 512GB\n\nĐiện thoại Samsung Galaxy Z Fold7 12GB 512GB sở hữu dung lượng bộ nhớ 512GB rộng rãi, RAM 12GB cùng chip Snapdragon 8 Elite mạnh mẽ giúp xử lý mượt mà. Máy nổi bật với màn hình chính 8.0 inch Dynamic 2X tần số quét lên đến 120Hz và camera sau 200MP. Trọng lượng nhẹ chỉ 215g và độ mỏng 8.9mm khi gập mang đến trải nghiệm cầm nắm linh hoạt.\n\nNội dung chính'
 'Bộ nhớ trong dung lượng lớn, nâng cấp khả năng lưu trữ\n\nĐiện thoại Samsung Galaxy Z Fold7 12GB 512GB cung cấp dung lượng vượt trội giúp lưu trữ thoải mái hàng ngàn bức ảnh và video 4K. Cùng với đó là RAM 12GB, giúp đa nhiệm trơn tru khi xử lý nhiều ứng dụng cùng lúc.\xa0\n\nVới thông số bộ nhớ ấn tượng Samsung định vị phiên bản này là lựa chọn lý tưởng cho người dùng yêu cầu cao về hiệu suất và không gian lưu trữ. Ngoài ra, việc tối ưu hóa phần mềm cũng hỗ trợ khả năng quản lý bộ nhớ hiệu quả hơn cho thiết bị.\n\nHiệu năng dẫn đầu phân khúc với chipset đột phá'
 'Công nghệ màn hình: Dynamic AMOLED 2X\n\nKích thước màn hình: 6.9 inches\n\n**Giới thiệu sản phẩm:** Đặc điểm nổi bật của Samsung Galaxy Z Flip7 12GB 512GB\n\nĐiện thoại Samsung Galaxy Z Flip 7 12GB 512GB gây ấn tượng với hiệu năng mạnh mẽ nhờ sở hữu con chip Samsung Exynos 2500, 12GB RAM cùng bộ nhớ 512GB. Màn hình phụ 4.1 inch của Z Flip 7 mang lại sự tiện lợi, thoải mái khi sử dụng các tính năng cơ bản mà không cần mở máy. Mẫu điện thoại này còn sử dụng viên pin 4300mAh tích hợp tính năng sạc nhanh, sạc ngược.\n\nNội dung chính']","Samsung Galaxy Z Fold7 12GB 512GB nổi bật với:

- Dung lượng bộ nhớ 512GB rộng rãi cho lưu trữ thoải mái
- RAM 12GB giúp đa nhiệm trơn tru khi xử lý nhiều ứng dụng cùng lúc
- Màn hình chính 8.0 inch Dynamic AMOLED 2X tần số quét lên đến 120Hz, mang lại trải nghiệm hiển thị mượt mà và sắc nét

Đặc biệt, phiên bản này được thiết kế với chip Snapdragon 8 Elite mạnh mẽ, giúp xử lý hiệu suất cao.","Máy có pin 4400mAh, chipset Snapdragon® 8 Elite 3nm, RAM 12GB, bộ nhớ trong 512GB, camera sau 200 MP, và màn hình chính 8.0 inches với tần số quét 120Hz.",0.99999999995,0.6666666666666666,1.0,0.7854514424698728
Xiaomi 15 5G có giá bao nhiêu?,"['Giá thu cũ lên đời\n\nXiaomi 15 Ultra 5G 16GB 1TB\n\n\t\n\n31.990.000đ\n\n\t\n\n30.990.000đ\n\n\n\n\nXiaomi 15 5G 12GB 256GB\n\n\t\n\n20.290.000đ\n\n\t\n\n17.290.000đ\n\n\n\n\nXiaomi 15 Ultra 5G 16GB 512GB\n\n\t\n\n31.990.000đ\n\n\t\n\n27.990.000đ\n\nĐây được xem là mức giá phù hợp với dòng\xa0điện thoại cao cấp của thương hiệu Xiaomi. Mức giá này được cho là hợp lý so với các đối thủ cùng phân khúc, đặc biệt khi xét đến những nâng cấp về cấu hình và tính năng của Xiaomi 15. Hãng đã luôn nổi tiếng với việc mang đến những sản phẩm chất lượng với giá cả phải chăng, và Xiaomi 15 cũng không phải là ngoại lệ.'
 'Hiện tại, Xiaomi 15 Series đang có giá cực tốt tại CellphoneS.\xa0Bên cạnh đó, khi thu cũ lên đời sở hữu mức giá hấp dẫn\n\nTên sản phẩm\n\n\t\n\nGiá bán\n\n\t\n\nGiá thu cũ lên đời\n\nXiaomi 15 Ultra 5G 16GB 1TB\n\n\t\n\n31.990.000đ\n\n\t\n\n30.990.000đ\n\n\n\n\nXiaomi 15 5G 12GB 256GB\n\n\t\n\n20.290.000đ\n\n\t\n\n17.290.000đ\n\n\n\n\nXiaomi 15 Ultra 5G 16GB 512GB\n\n\t\n\n31.990.000đ\n\n\t\n\n27.990.000đ'
 'Chi tiết giá Xiaomi 15 Ultra chính hãng tại CellphoneS tháng\xa010/2025 :\n\nTên sản phẩm\n\n\t\n\nGiá bán\n\n\t\n\nGiá thu cũ lên đời\n\nXiaomi 15 Ultra 5G 16GB 1TB\n\n\t\n\n31.990.000đ\n\n\t\n\n30.990.000đ\n\n\n\n\nXiaomi 15 Ultra 5G 16GB 512GB\n\n\t\n\n31.990.000đ\n\n\t\n\n27.990.000đ\n\n.\n\nGiá điện thoại Xiaomi 15 Ultra chính hãng 16GB 512GB có thể cao nhưng người dùng sẽ nhận được giá trị xứng đáng với số tiền bỏ ra, sản phẩm sẽ đáp ứng nhu cầu từ chơi game cho đến xem phim trên điện thoại. Bạn sẽ có trải nghiệm ấn tượng khi sử dụng sản phẩm trong thời gian dài.\n\nXem nhanh 2 mẫu điện thoại Xiaomi 15T và Xiaomi 15T Pro sắp ra mắt với giá hấp dẫn, đăng ký nhận ưu đãi đến 6tr450.']",Xiaomi 15 5G có giá là 20.290.000đ.,Xiaomi 15 5G có giá 20.290.000đ.,0.99999999995,,1.0,0.8365565303264475
Xiaomi 15 5G có những màu sắc nào?,"['Những điều cần biết trước khi mua Xiaomi Mi 15 5G\nXiaomi 15 khi nào ra mắt tại Việt Nam?\n\nXiaomi 15\xa0đã chính thức ra mắt\xa0tại Việt Nam\xa0vào 20h ngày\xa002/03/2025.\xa0Sự kiện ra mắt tại Việt Nam đã mang đến những\xa0trải nghiệm công nghệ đỉnh cao\xa0với nhiều nâng cấp đáng giá.\n\nXiaomi 15 có mấy màu? Màu nào mới?\n\nTheo thông tin từ sự kiện ra mắt, Mi15 có 3 màu cơ bản là Đen, Trắng, Xanh lá.Trong đó, màu xanh lá là phiên bản màu sắc mới với tông màu nhạt hơn so với các phiên bản trước đó nhưng vẫn giữ được nét tinh tế và hiện đại'
 'Thế nhưng không dừng lại ở đó, Xiaomi 15 5Gcòn mang đến sự lựa chọn đa dạng về màu sắc, đáp ứng mọi phong cách.\xa0Ngoài 3 màu cơ bản, bạn có thể thể hiện cá tính với phiên bản màu bạc họa tiết 3D, tùy chỉnh màu sắc theo sở thích, hoặc phiên bản giới hạn với họa tiết da cá sấu.\n\nXiaomi mi 15 có mấy phiên bản bộ nhớ?\n\nHiện tại,Xiaomi 15 mang đến nhiều tùy chọn bộ nhớ cho người dùng: RAM LPDDR5X 12GB hoặc 16GB, kết hợp với bộ nhớ trong UFS 4.0 dung lượng 256GB, 512GB hoặc 1TB.\n\nThu cũ lên đời Mi 15 được hỗ trợ gì tại CellphoneS?'
 'Thiết kế Xiaomi Mi 15 đơn giản, tinh tế và bền bỉ\n\nXiaomi 15 thừa hưởng ngôn ngữ thiết kế tối giản nhưng không kém phần sang trọng của người tiền nhiệm. Khung nhôm chắc chắn kết hợp với mặt kính cường lực\xa0Xiaomi Shield tạo nên vẻ ngoài tinh tế và hiện đại. Các góc cạnh được bo tròn mềm mại mang đến cảm giác cầm nắm thoải mái, vừa vặn trong lòng bàn tay.\n\nBên cạnh đó, với nhiều tùy chọn màu sắc thời thượng như đen, trắng, Xiaomi 15 không chỉ là một chiếc điện thoại thông minh mà còn là một phụ kiện thời trang đẳng cấp, thể hiện phong cách cá nhân của người dùng.']","Xiaomi 15 5G có 3 màu cơ bản là Đen, Trắng và Xanh lá. Ngoài ra, còn có phiên bản màu bạc họa tiết 3D và tùy chỉnh màu sắc theo sở thích.","Xiaomi 15 5G có các màu Trắng, Xanh lá và Đen.",0.9999999999666667,,1.0,0.8187150222351803
Thông số kỹ thuật nổi bật của Xiaomi 15 5G là gì?,"['Kích thước màn hình: 6.36 inches\n\nĐộ phân giải màn hình: 2670 x 1200 pixels\n\n**Giới thiệu sản phẩm:** Đặc điểm nổi bật của Xiaomi 15 5G 12GB 256GB\n\nXiaomi 15 sở hữu màn hình CrystalRes AMOLED\xa06.36 inch, độ phân giải 1200 x 2670 pixels, hỗ trợ 68 tỷ màu, công nghệ HDR10+ và tốc độ làm mới 120Hz. Máy sử dụng chip Qualcomm Snapdragon® 8 Elite siêu mạnh mẽ, RAM 12GB, bộ nhớ trong 256GB cùng pin 5240mAh. Bên cạnh đó, điện thoại Mi 15 còn hỗ trợ sạc nhanh 90W, camera sau gồm 3 ống kính 50MP, camera trước 32MP.\n\nNội dung chính'
 'Bộ nhớ trong: 512 GB\n\nCông nghệ NFC: Có\n\nDung lượng RAM: 16 GB\n\nHệ điều hành: Xiaomi HyperOS 2\n\nTính năng màn hình: 68 tỷ màu\nTần số quét 1-120Hz\nTốc độ phản hồi cảm ứng 300Hz\nĐộ sáng tối đa 3200 nits trong nhiều tình huống\nĐiều chỉnh độ sáng PWM 1920Hz/DC dimming\nOriginal color PRO | Pro HDR | Công nghệ cảm ứng khi ướt\nHDR10+, Dolby Vision\n\nCông nghệ màn hình: AMOLED\n\nKích thước màn hình: 6.73 inches\n\nĐộ phân giải màn hình: 3200 x 1440 pixel\n\n**Giới thiệu sản phẩm:** Đặc điểm nổi bật của Xiaomi 15 Ultra 5G 16GB 512GB'
 'Hình ảnh chụp bởi camera tele của điện thoại Xiaomi 15 5G:\n\nHình ảnh được chỉnh sửa từ AI camera Mi 15:\n\nPin Xiaomi Mi 15 lên đến 5240mAh đi kèm sạc nhanh 90W\n\nMột trong những điểm sáng của Xiaomi 15 5G đó chính là được trang bị viên pin 5240mAh sử dụng công nghệ pin Si/C tiên tiến, mang đến thời lượng sử dụng ấn tượng trong suốt cả ngày.\n\nĐi kèm đó là công nghệ sạc nhanh có dây 90W giúp bạn nhanh chóng nạp đầy năng lượng cho chiếc Mi 15 một cách nhanh chóng, kèm theo đó là tính năng sạc không dây 50W và sạc ngược không dây 10W mang đến sự tiện lợi tối đa.\n\nThiết kế Mi 15 tinh tế và màn hình\xa0CrystalRes AMOLED 1.5K siêu sắc nét']","Thông số kỹ thuật nổi bật của Xiaomi 15 5G bao gồm:

- Màn hình CrystalRes AMOLED 6.36 inch, độ phân giải 2670 x 1200 pixels, hỗ trợ 68 tỷ màu, công nghệ HDR10+ và tốc độ làm mới 120Hz.
- Chip Qualcomm Snapdragon® 8 Elite siêu mạnh mẽ, RAM 12GB, bộ nhớ trong 256GB cùng pin 5240mAh.
- Sạc nhanh 90W, camera sau gồm 3 ống kính 50MP, camera trước 32MP.

Giá trị khác biệt so với Xiaomi 15 Ultra 5G 16GB 512GB là:

- Pin 5240mAh sử dụng công nghệ pin Si/C tiên tiến.
- Sạc nhanh 90W giúp nạp đầy năng lượng trong thời gian ngắn, kèm theo sạc không dây 50W và sạc ngược không dây 10W.

Màn hình của Xiaomi 15 5G là CrystalRes AMOLED 6.36 inch, độ phân giải cao hơn so với 6.73 inches của Xiaomi 15 Ultra 5G 16GB 512GB.","Xiaomi 15 5G sở hữu pin 5240mAh, chip Snapdragon 8 Elite, RAM 12GB, bộ nhớ trong 256GB, và màn hình CrystalRes AMOLED 6.36 inches với độ phân giải 2670 x 1200 pixels.",0.9999999999,1.0,0.75,0.8072603623019562
Xiaomi Redmi Note 12 Pro 5G có giá bao nhiêu?,"['Điện thoại Xiaomi Redmi Note 12 Pro 5G giá bao nhiêu?\n\nXiaomi Redmi Note 12 Pro 5G tuy sở hữu bộ cấu hình vượt trội nhưng lại được bán với mức giá rất hấp dẫn, chỉ ở phân khúc tầm trung. Cụ thể như sau:\n\nSản phẩm\n\n\t\n\nGiá bán tham khảo\n\n\n\n\nRedmi Note 12 Pro 5G Trắng\n\n\t\n\nkhoảng 9,490,000 đồng\n\n\n\n\nRedmi Note 12 Pro 5G Xanh\xa0\n\n\t\n\nkhoảng 9,490,000 đồng\n\n\n\n\nRedmi Note 12 Pro 5G Đen\xa0\n\n\t\n\nkhoảng 9,490,000 đồng\n\nMua ngay Xiaomi Redmi Note 12 Pro 5G chính hãng tại CellphoneS'
 'khoảng 9,490,000 đồng\n\n\n\n\nRedmi Note 12 Pro 5G Xanh\xa0\n\n\t\n\nkhoảng 9,490,000 đồng\n\n\n\n\nRedmi Note 12 Pro 5G Đen\xa0\n\n\t\n\nkhoảng 9,490,000 đồng\n\nMua ngay Xiaomi Redmi Note 12 Pro 5G chính hãng tại CellphoneS\n\nXiaomi Redmi Note 12 Pro 5G với giá bán hấp dẫn, cùng bộ cấu hình ấn tượng xứng đáng là sự lựa chọn hoàn hảo dành cho những ai đang tìm kiếm một chiếc smartphone ngon, bổ, rẻ. Nhanh chóng đặt hàng ngay tại Hệ thống CellphoneS để được sở hữu điện thoại chính hãng với giá ưu đãi nhé.\n\nTại sao nên mua Xiaomi Redmi Note 12 Pro tại CellphoneS?'
 'Công nghệ màn hình: AMOLED\n\nKích thước màn hình: 6.67 inches\n\nĐộ phân giải màn hình: 1080 x 2400 pixels (FullHD+)\n\n**Giới thiệu sản phẩm:** Đặc điểm nổi bật của Xiaomi Redmi Note 12 Pro 5G\n\nXiaomi Redmi Note 12 Pro\xa0sở hữu cấu hình vượt trội gồm chip MediaTek Dimensity 1080, hệ thống ba camera với cảm biến chính 50MP và mạng 5G. Ngoài ra, màn hình Note 12 Pro 5G có kích thước khá lớn khoảng 6.67 inch, tấm nền AMOLED, tần số quét 120Hz khiến chiếc điện thoại nổi bật trong tầm giá dưới 8 triệu.\n\nNội dung chính']","Xiaomi Redmi Note 12 Pro 5G có giá khoảng 9,490,000 đồng tại CellphoneS. Đây là một sản phẩm với cấu hình mạnh mẽ nhưng được bán với mức giá rất hấp dẫn, phù hợp cho những người đang tìm kiếm một chiếc smartphone ngon, bổ, rẻ.",Xiaomi Redmi Note 12 Pro 5G có giá 6.590.000đ.,0.0,,1.0,0.8190947016161556
Điện thoại này có những màu sắc nào?,"['Điện thoại iPhone 14 có mấy màu?\n\nTương tự như các thế hệ series khác, Apple cũng cho ra mắt điện thoại iPhone 14 với nhiều phiên bản màu sắc khác nhau bao gồm Purple (tím), Blue (xanh), RED Product (đỏ) và Midnight (đen), Starlight (trắng). Trong đó, hai màu sắc mới là xanh và tím.\n\nĐiện thoại iPhone 14 màu đen Midnight\n\nMàu đen là màu sắc truyền thống được trang bị trên hầu hết các thương hiệu điện thoại và Apple cũng không ngoại lệ. Sắc đen trung tính nhưng lại rất sang trọng, không lỗi mốt, không kén người dùng có thể thích hợp cho cả người dùng nam và nữ. Điện thoại iPhone 14 màu đen Midnight phù hợp với người dùng tối giản, không quá cầu kỳ.'
 'iPhone 15 Plus có bao nhiêu màu, mua màu nào đẹp?\n\niPhone 15 Plus với thiết kế mặt lưng kính pha màu nhờ đó mang lại bộ sưu tập màu sắc hoàn toàn mới. Cụ thể, máy với 5 phiên bản màu sắc, bao gồm: Đen, Vàng, Xanh lá, Xanh dương và Hồng. Các màu sắc trên 15 Plus đều được hoàn thiện passtel nhẹ nhàng.\n\n(Ảnh: Apple.com)\n\nMàu đen ((Black): Tuy là màu đen quen thuộc nhưng sắc đen trên thiết bị nhẹ nhành hơn mang lại sự tối giản và sang trọng. Đặc biệt màu đen cũng sẽ không bị lỗi thời nhờ đó dễ dàng sử dùng với nhiều đối tượng người dùng, đặc biệt là người dùng yêu thích sự tối giản.'
 'Điện thoại Nubia V60 Design được ZTE giới thiệu với 3 tuỳ chọn màu sắc là Dark Blue, Sunrise Violet và Champagne Gold. Nhờ việc sở hữu đa dạng màu sắc này mà dòng điện thoại giá rẻ của ZTE này sẽ phù hợp để người dùng thuộc mọi giới tính, độ tuổi sử dụng.\n\nGiá điện thoại Nubia V60 Design bao nhiêu?']","Điện thoại iPhone 14 có màu sắc như sau:

- Midnight (đen)
- Purple (tím)
- Blue (xanh)
- RED Product (đỏ)

Một số màu mới là xanh và tím.","Xiaomi Redmi Note 12 Pro 5G có các màu Trắng, Xanh dương và Đen.",0.0,,1.0,0.5097114752557719
Thông số kỹ thuật nổi bật của Xiaomi Redmi Note 12 Pro 5G là gì?,"['Độ sáng\xa0700 nits\xa0\n\n\n\n\nCPU\n\n\t\n\nMediaTek Dimensity 1080\n\nTiến trình\xa06nm\n\n\t\n\nSnapdragon 695\n\nCPU Octa-core\n\n\n\n\nGPU\n\n\t\n\nARM Mali-G68 MC4\n\n\t\n\nQualcomm® Adreno™ 619\n\n\n\n\nRAM\n\n\t\n\n6GB - 8GB\n\n\t\n\n6GB - 8GB\n\n\n\n\nROM\n\n\t\n\n128GB - 256GB\xa0LPDDR4X\n\n\t\n\n128GB\xa0LPDDR4X\n\n\n\n\nCamera trước\n\n\t\n\nCamera selfie\xa016MP\n\n\t\n\nCamera selfie\xa016MP\n\n\n\n\nCamera sau\n\n\t\n\nCamera chính\xa0Sony IMX766 50MP\n\nCamera góc rộng\xa08MP\n\nCamera\xa0Macro 2MP\n\n\t\n\nCamera góc rộng\xa0108MP\n\nCamera siêu rộng 8MP\n\nCamera\xa0macro 2MP\n\n\n\n\nDung lượng pin\n\n\t\n\n5000mAh\n\nSạc nhanh 67W\n\n\t\n\n5000mAh\n\nSạc nhanh 67W\n\nNhìn chung, thế hệ\xa0Xiaomi Redmi Note 12 Pro 5G được Xiaomi chú trọng nâng cấp về hiệu năng. Do đó nếu bạn yêu thích một mẫu điện thoại với hiệu năng vượt trội thì\xa0Xiaomi Redmi Note 12 Pro 5G là sẽ một lựa chọn lý tưởng.'
 'Công nghệ màn hình: AMOLED\n\nKích thước màn hình: 6.67 inches\n\nĐộ phân giải màn hình: 1080 x 2400 pixels (FullHD+)\n\n**Giới thiệu sản phẩm:** Đặc điểm nổi bật của Xiaomi Redmi Note 12 Pro 5G\n\nXiaomi Redmi Note 12 Pro\xa0sở hữu cấu hình vượt trội gồm chip MediaTek Dimensity 1080, hệ thống ba camera với cảm biến chính 50MP và mạng 5G. Ngoài ra, màn hình Note 12 Pro 5G có kích thước khá lớn khoảng 6.67 inch, tấm nền AMOLED, tần số quét 120Hz khiến chiếc điện thoại nổi bật trong tầm giá dưới 8 triệu.\n\nNội dung chính'
 'Là sản phẩm được ra mắt sau một năm nghiên cứu và phát trển vậy phiên bản\xa0Xiaomi Redmi Note 12 Pro 5G có gì nâng cấp và phát triển so với thế hệ tiền nhiệm, cùng tìm hiểu ngay sau đây.\n\nThông số\n\n\t\n\nXiaomi Redmi Note 12 Pro 5G\n\n\t\n\nXiaomi Redmi Note 11 Pro 5G\n\n\n\n\nMàu sắc\n\n\t\n\nĐen Màn Đêm\n\nTrắng Băng Tuyết\n\nXanh Bầu Trời\n\n\t\n\nĐen\n\nTrắng\n\nXanh\n\n\n\n\nTrọng lượng\n\n\t\n\n187g\n\n\t\n\n202g\n\n\n\n\nMàn hình\n\n\t\n\nMàn hình\xa0AMOLED\xa06.67 inch\n\nTần số quét 120Hz\n\nĐộ sáng tối đa\xa0900nits\n\n\t\n\nMàn hình AMOLED\xa06.67 inch\n\nTần số quét 120Hz\n\nĐộ sáng\xa0700 nits\xa0\n\n\n\n\nCPU\n\n\t\n\nMediaTek Dimensity 1080\n\nTiến trình\xa06nm\n\n\t\n\nSnapdragon 695\n\nCPU Octa-core\n\n\n\n\nGPU\n\n\t\n\nARM Mali-G68 MC4\n\n\t\n\nQualcomm® Adreno™ 619\n\n\n\n\nRAM\n\n\t\n\n6GB - 8GB\n\n\t\n\n6GB - 8GB\n\n\n\n\nROM']","Xiaomi Redmi Note 12 Pro 5G có các thông số kỹ thuật nổi bật như:

- CPU: MediaTek Dimensity 1080 (6nm tiến trình)
- GPU: Qualcomm® Adreno™ 619
- RAM: 6GB - 8GB
- ROM: 128GB - 256GB LPDDR4X

Màn hình AMOLED 6.67 inch, tần số quét 120Hz, độ sáng tối đa 900nits. Đây là những cải tiến đáng kể so với phiên bản tiền nhiệm, giúp tăng hiệu năng và trải nghiệm người dùng tốt hơn.","Xiaomi Redmi Note 12 Pro 5G sở hữu pin 5.000 mAh, chipset MediaTek Dimensity 1080 8 nhân, camera sau 50MP, camera trước 16MP, RAM 8GB, bộ nhớ trong 256GB, và màn hình AMOLED 6.67 inches với tần số quét 120Hz.",0.9999999999666667,1.0,0.8333333333333334,0.8318853753302257
